dataset,domain,split,method,budget,seed,episode,window_seed,window_start,return,discounted_return,completion_ratio,slo_violation_rate,total_cost,budget_overspend,queue_area,final_queue,decision_ms_mean,decision_ms_p95,capacity_multiplier,training_seed
azure2019,async,test,full_budget_horizon_retrained,120,1700000939,0,1700000939,470,57.48350170874433,42.46376709685967,1.0000000000000002,0.0,57.0,0.0,6.301458944921982,0.0,0.7855823281250001,0.9123853999999996,1.0,820
azure2019,async,test,full_budget_horizon_retrained,120,1700000939,1,1700100942,521,57.14022417351156,42.258971970151215,1.0,0.0,64.0,0.0,8.109567678235308,0.0,0.76211165625,0.8148354,1.0,820
azure2019,async,test,full_budget_horizon_retrained,120,1700000939,2,1700200945,1293,54.935554228240846,40.92680867827642,0.999685512265988,0.0,120.0,0.0,20.05862959927647,0.1391897496526848,1.39472190625,1.8207185,1.0,820
azure2019,async,test,full_budget_horizon_retrained,120,1700000939,3,1700300948,4068,54.9504820895024,40.62276808036414,1.0,0.0,93.0,0.0,18.222838751870068,0.0,1.76385475,1.90421275,1.0,820
azure2019,async,test,full_budget_horizon_retrained,120,1700000939,4,1700400951,1537,56.80978266028921,42.1559986792126,1.0,0.0,71.0,0.0,9.797015692956062,0.0,1.776338265625,1.86946765,1.0,820
azure2019,http,test,full_budget_horizon_retrained,120,1700000939,0,1701000942,3740,57.56708430361571,42.70944678916718,1.0,0.0,66.0,0.0,5.983640521878798,0.0,1.796410171875,1.8820926,1.0,820
azure2019,http,test,full_budget_horizon_retrained,120,1700000939,1,1701100945,306,58.4505677151313,43.26188362289664,1.0,0.0,59.0,0.0,1.646919535977152,0.0,1.7621284375,1.8149696,1.0,820
azure2019,http,test,full_budget_horizon_retrained,120,1700000939,2,1701200948,1221,57.31239801940899,42.38306053159046,0.9999999999999996,0.0,65.0,0.0,6.9709946046083004,0.0,1.7575778125,1.81272465,1.0,820
azure2019,http,test,full_budget_horizon_retrained,120,1700000939,3,1701300951,1135,54.53926564812359,40.366437354944544,1.0,0.0,75.0,0.0,19.798766005353546,0.0,1.718759609375,1.7905528,1.0,820
azure2019,http,test,full_budget_horizon_retrained,120,1700000939,4,1701400954,1168,53.63511012431131,39.6180170151776,1.0,0.0,73.0,0.0,24.109094586697587,0.0,1.672691375,1.73559005,1.0,820
azure2019,async,test,full_budget_horizon_retrained,120,1700000940,0,1700000940,3860,57.70404101434914,42.80548582745645,0.9985877063992746,0.0,120.0,0.0,5.506046133629333,0.6035988213443471,0.79111209375,0.9394802,1.0,821
azure2019,async,test,full_budget_horizon_retrained,120,1700000940,1,1700100943,14,58.30093469522923,43.22061261509823,0.9999999999999998,0.0,26.0,0.0,2.1940131358581,0.0,0.8944445937500001,1.2252187999999993,1.0,821
azure2019,async,test,full_budget_horizon_retrained,120,1700000940,2,1700200946,2751,57.15471088832979,42.40072178611267,1.0,0.0,78.0,0.0,7.791042913018096,0.0,1.031898140625,1.42112415,1.0,821
azure2019,async,test,full_budget_horizon_retrained,120,1700000940,3,1700300949,1113,12.213010016846646,17.185032886234637,0.9422175479070516,0.171875,120.0,0.0,200.45048086241297,27.154176049631246,0.91534959375,1.39857025,1.0,821
azure2019,async,test,full_budget_horizon_retrained,120,1700000940,4,1700400952,1102,7.216968304563677,14.3477204359942,0.9365512257089404,0.1875,120.0,0.0,232.5872774630035,29.97849875793493,1.0291294999999998,1.99569105,1.0,821
azure2019,http,test,full_budget_horizon_retrained,120,1700000940,0,1701000943,886,57.558669965704574,42.7303279860374,1.0000000000000002,0.0,112.0,0.0,5.945621092898766,0.0,1.811924953125,1.8925799,1.0,821
azure2019,http,test,full_budget_horizon_retrained,120,1700000940,1,1701100946,3676,58.78188987266004,43.57715965214139,1.0,0.0,65.0,0.0,0.4281521657581209,0.0,1.0845608125,1.45332855,1.0,821
azure2019,http,test,full_budget_horizon_retrained,120,1700000940,2,1701200949,840,57.96692796197976,42.93751103729643,1.0,0.0,118.0,0.0,4.147250259569505,0.0,1.15224103125,1.503485,1.0,821
azure2019,http,test,full_budget_horizon_retrained,120,1700000940,3,1701300952,3544,58.293215308552014,43.2499492368076,1.0,0.0,56.0,0.0,2.236607598432326,0.0,1.00856034375,1.4584894499999996,1.0,821
azure2019,http,test,full_budget_horizon_retrained,120,1700000940,4,1701400955,4127,57.20766474484374,42.34833208263269,1.0,0.0,72.0,0.0,7.432527163612302,0.0,1.11753240625,1.47663915,1.0,821
azure2019,async,test,full_budget_horizon_retrained,120,1700000941,0,1700000941,3252,57.619735189407606,42.880776088315486,0.9956580309179898,0.0,120.0,0.0,6.08739609561207,1.855760457372468,0.93462521875,1.8080177,1.0,822
azure2019,async,test,full_budget_horizon_retrained,120,1700000941,1,1700100944,98,58.834937906996885,43.61457658693786,1.0,0.0,27.0,0.0,0.188744775884289,0.0,1.223659859375,1.7638739,1.0,822
azure2019,async,test,full_budget_horizon_retrained,120,1700000941,2,1700200947,540,58.52909200351317,43.36764869717168,1.0,0.0,72.0,0.0,1.6356262778500223,0.0,1.4767090937499998,1.9059417499999995,1.0,822
azure2019,async,test,full_budget_horizon_retrained,120,1700000941,3,1700300950,297,58.69576531612404,43.51564033615958,1.0000000000000002,0.0,55.0,0.0,0.7211950408637282,0.0,1.120773796875,1.76620245,1.0,822
azure2019,async,test,full_budget_horizon_retrained,120,1700000941,4,1700400953,1207,45.82145961843048,36.34883326364248,0.972282331425778,0.046875,120.0,0.0,44.70421477325739,12.263855687703565,0.757752078125,1.0132262999999992,1.0,822
azure2019,http,test,full_budget_horizon_retrained,120,1700000941,0,1701000944,3466,58.88,43.64512314764825,1.0,0.0,65.0,0.0,0.0,0.0,0.8151526406249999,0.9157165,1.0,822
azure2019,http,test,full_budget_horizon_retrained,120,1700000941,1,1701100947,1364,58.846845158376,43.62661392224066,1.0,0.0,64.0,0.0,0.1241028746933983,0.0,0.845664359375,0.96888295,1.0,822
azure2019,http,test,full_budget_horizon_retrained,120,1700000941,2,1701200950,744,57.805576319382325,42.84736476846309,1.0,0.0,109.0,0.0,4.808718341732708,0.0,0.794119140625,0.9600908499999996,1.0,822
azure2019,http,test,full_budget_horizon_retrained,120,1700000941,3,1701300953,4141,58.61679165799638,43.42091342616186,1.0,0.0,77.0,0.0,1.1458373146511065,0.0,0.79490953125,0.85186075,1.0,822
azure2019,http,test,full_budget_horizon_retrained,120,1700000941,4,1701400956,246,58.88,43.64512314764825,1.0,0.0,64.0,0.0,0.0,0.0,0.80421321875,0.885548,1.0,822
azure2019,async,test,full_budget_horizon_retrained,120,1700000942,0,1700000942,1105,1.56063079035129,10.451841473243386,0.9350751459044288,0.203125,120.0,0.0,260.23347096978,30.646036149023253,1.455645453125,1.77567075,1.0,823
azure2019,async,test,full_budget_horizon_retrained,120,1700000942,1,1700100945,4107,57.26188865080601,42.43572477610181,1.0,0.0,101.0,0.0,7.239506147271532,0.0,1.6923280625,1.7563385,1.0,823
azure2019,async,test,full_budget_horizon_retrained,120,1700000942,2,1700200948,3663,40.92558004997147,33.743003138499034,0.9681941545964352,0.078125,120.0,0.0,55.241578969166135,14.222314201036198,1.598715828125,1.7607415,1.0,823
azure2019,async,test,full_budget_horizon_retrained,120,1700000942,3,1700300951,2057,57.350281953077626,42.51718844336932,1.0,0.0,110.0,0.0,7.226042266562922,0.0,1.7566488125,1.8247724,1.0,823
azure2019,async,test,full_budget_horizon_retrained,120,1700000942,4,1700400954,3377,44.02244381889892,35.547672636549365,0.973894769522654,0.0625,120.0,0.0,44.58237782085499,11.51855254545956,1.648646984375,1.85253995,1.0,823
azure2019,http,test,full_budget_horizon_retrained,120,1700000942,0,1701000945,3725,58.34268642345472,43.249795176165904,1.0000000000000002,0.0,66.0,0.0,2.354596789899965,0.0,1.7125040625,1.7956314,1.0,823
azure2019,http,test,full_budget_horizon_retrained,120,1700000942,1,1701100948,3563,58.719467166866536,43.50262465242115,1.0,0.0,62.0,0.0,0.6076211171271808,0.0,1.702446296875,1.7687413,1.0,823
azure2019,http,test,full_budget_horizon_retrained,120,1700000942,2,1701200951,3471,58.658938833623374,43.450062809353,1.0,0.0,60.0,0.0,0.8375675340732522,0.0,1.74050459375,1.85947985,1.0,823
azure2019,http,test,full_budget_horizon_retrained,120,1700000942,3,1701300954,99,58.7134524461744,43.51674965692012,1.0,0.0,61.0,0.0,0.6436400821407284,0.0,1.7293080937499998,1.7709606,1.0,823
azure2019,http,test,full_budget_horizon_retrained,120,1700000942,4,1701400957,3322,58.820043848259175,43.59608459518781,1.0,0.0,64.0,0.0,0.2277208349820041,0.0,1.71849234375,1.7625743,1.0,823
azure2019,async,test,full_budget_horizon_retrained,120,1700000943,0,1700000943,3767,57.38785425480911,42.7137217167068,0.9923274726537888,0.0,120.0,0.0,7.348173805499167,3.2534341487224694,1.413179109375,1.78971205,1.0,824
azure2019,async,test,full_budget_horizon_retrained,120,1700000943,1,1700100946,2977,58.438954469237686,43.333073352534605,1.0,0.0,81.0,0.0,1.994389586994897,0.0,0.82028903125,0.8830633999999999,1.0,824
azure2019,async,test,full_budget_horizon_retrained,120,1700000943,2,1700200949,2810,58.28194521578399,43.19967471264456,1.0,0.0,92.0,0.0,2.612106415767144,0.0,0.8180715000000001,1.007627049999999,1.0,824
azure2019,async,test,full_budget_horizon_retrained,120,1700000943,3,1700300952,1223,49.46781507283917,38.41725407639965,0.9796087106309056,0.03125,120.0,0.0,32.16367231725567,8.959875814425619,0.786055453125,1.0759036499999997,1.0,824
azure2019,async,test,full_budget_horizon_retrained,120,1700000943,4,1700400955,2144,57.21599966432351,42.677433704173104,0.9905654411565982,0.0,120.0,0.0,8.497870619474611,3.968474805122579,1.7041694375,1.9495368,1.0,824
azure2019,http,test,full_budget_horizon_retrained,120,1700000943,0,1701000946,3911,58.69298173034805,43.51099988311097,1.0,0.0,71.0,0.0,0.8152300054066863,0.0,1.4089365625,1.85577305,1.0,824
azure2019,http,test,full_budget_horizon_retrained,120,1700000943,1,1701100949,3508,58.82740033450004,43.60633897484568,1.0,0.0,62.0,0.0,0.2202714718464449,0.0,0.7765687343750001,0.8617241499999998,1.0,824
azure2019,http,test,full_budget_horizon_retrained,120,1700000943,2,1701200952,433,58.88,43.64512314764825,1.0,0.0,65.0,0.0,0.0,0.0,0.8022486875,0.9907002499999998,1.0,824
azure2019,http,test,full_budget_horizon_retrained,120,1700000943,3,1701300955,1756,58.415859167283294,43.27635643261232,1.0,0.0,39.0,0.0,1.7324098947300746,0.0,0.771860953125,0.8134101,1.0,824
azure2019,http,test,full_budget_horizon_retrained,120,1700000943,4,1701400958,2871,58.77122484565901,43.54630865547061,1.0,0.0,59.0,0.0,0.405429996905867,0.0,0.760435171875,0.8045764999999999,1.0,824
azure2019,async,test,full_budget_horizon_retrained,120,1700000944,0,1700000944,2581,20.791119884107687,22.286735658098397,0.9526704873742012,0.15625,120.0,0.0,135.68706777896995,20.169216008990198,0.998886234375,1.80001445,1.0,825
azure2019,async,test,full_budget_horizon_retrained,120,1700000944,1,1700100947,1541,58.01888467097663,42.97355343664324,1.0,0.0,92.0,0.0,3.9357830206038,0.0,1.056033703125,1.8921285,1.0,825
azure2019,async,test,full_budget_horizon_retrained,120,1700000944,2,1700200950,154,58.83073497627194,43.610975853255454,1.0,0.0,39.0,0.0,0.2156902982133361,0.0,0.772995078125,0.8204051,1.0,825
azure2019,async,test,full_budget_horizon_retrained,120,1700000944,3,1700300953,818,57.45860388947664,42.49983021720265,1.0,0.0,112.0,0.0,6.39883308190646,0.0,0.754214171875,0.81170395,1.0,825
azure2019,async,test,full_budget_horizon_retrained,120,1700000944,4,1700400956,1338,-7.051285528743936,6.122276151885972,0.9295762851629308,0.234375,120.0,0.0,319.35946700302384,30.869210967101367,0.612198,0.8421609499999997,1.0,825
azure2019,http,test,full_budget_horizon_retrained,120,1700000944,0,1701000947,988,-0.7256993118917534,9.61657740166123,0.9416292089419084,0.234375,120.0,0.0,239.4807090047711,24.72695266224857,0.6228959375,0.8848216499999996,1.0,825
azure2019,http,test,full_budget_horizon_retrained,120,1700000944,1,1701100950,744,39.10516079334365,32.54495374621958,0.970435408100696,0.078125,120.0,0.0,62.30817694820748,12.100830979167686,0.6962489375,0.8332320999999999,1.0,825
azure2019,http,test,full_budget_horizon_retrained,120,1700000944,2,1701200953,2202,58.79842121060858,43.58628686331295,1.0,0.0,81.0,0.0,0.353554593795268,0.0,0.7735217968749999,0.8344478999999999,1.0,825
azure2019,http,test,full_budget_horizon_retrained,120,1700000944,3,1701300956,888,24.98778815352725,24.59013754558221,0.961418648564946,0.140625,120.0,0.0,111.18360994187738,16.03602118685798,0.694045515625,0.9398134499999996,1.0,825
azure2019,http,test,full_budget_horizon_retrained,120,1700000944,4,1701400959,3256,58.87630106021577,43.641803808044045,1.0,0.0,70.0,0.0,0.0136208504434485,0.0,0.8319814062499999,0.9414464499999998,1.0,825
azure2019,async,test,full_budget_horizon_retrained,120,1700000945,0,1700000945,3567,39.60693916192846,32.97357858564085,0.9706127595387378,0.078125,120.0,0.0,59.4305130781539,12.454786254629724,1.190097234375,1.7858784,1.0,826
azure2019,async,test,full_budget_horizon_retrained,120,1700000945,1,1700100948,2615,57.34627743506596,42.586949625444205,0.9994604444441784,0.0,120.0,0.0,6.964061493845934,0.2221302688005355,1.7508289375,1.88094655,1.0,826
azure2019,async,test,full_budget_horizon_retrained,120,1700000945,2,1700200951,3775,46.97739968554443,37.00224892712753,0.9809543113732324,0.046875,120.0,0.0,33.294086058067485,8.04362396573394,1.38153015625,1.86614015,1.0,826
azure2019,async,test,full_budget_horizon_retrained,120,1700000945,3,1700300954,3539,46.62095588476045,36.78509643913573,0.976374523627812,0.046875,120.0,0.0,36.41308249551784,9.933210799302756,0.8223095625000001,1.4036415999999976,1.0,826
azure2019,async,test,full_budget_horizon_retrained,120,1700000945,4,1700400957,2876,57.8800086723888,42.961601461412485,0.9999999999999996,0.0,105.0,0.0,4.4085686797932215,0.0,0.8065351718750001,1.0244468499999997,1.0,826
azure2019,http,test,full_budget_horizon_retrained,120,1700000945,0,1701000948,3810,58.41520250884789,43.32403457949424,1.0,0.0,75.0,0.0,2.0416351620051723,0.0,0.8119770625,1.0366360499999991,1.0,826
azure2019,http,test,full_budget_horizon_retrained,120,1700000945,1,1701100951,1990,58.80934111471673,43.6023740933547,1.0,0.0,64.0,0.0,0.3139760320595783,0.0,0.7840045468750001,0.8934142500000001,1.0,826
azure2019,http,test,full_budget_horizon_retrained,120,1700000945,2,1701200954,1533,58.83846869596236,43.61346206059783,1.0,0.0,70.0,0.0,0.1818107031164908,0.0,0.7830631406249999,0.8734035499999998,1.0,826
azure2019,http,test,full_budget_horizon_retrained,120,1700000945,3,1701300957,1822,58.83281761909892,43.612918596760686,1.0,0.0,64.0,0.0,0.2071480977843371,0.0,0.7886245624999999,0.8809128,1.0,826
azure2019,http,test,full_budget_horizon_retrained,120,1700000945,4,1701400960,3394,58.71029165492045,43.51510815490504,1.0,0.0,67.0,0.0,0.7590813074402645,0.0,0.80553934375,0.92696165,1.0,826
azure2019,async,test,full_budget_horizon_retrained,120,1700000946,0,1700000946,839,57.8236151130543,42.81004112142153,1.0,0.0,75.0,0.0,4.699767756111403,0.0,1.5506395,1.83961665,1.0,827
azure2019,async,test,full_budget_horizon_retrained,120,1700000946,1,1700100949,1383,56.32413881915569,41.77320326333157,1.0,0.0,101.0,0.0,12.124627140260614,0.0,1.28993671875,1.855425,1.0,827
azure2019,async,test,full_budget_horizon_retrained,120,1700000946,2,1700200952,3333,50.71235644537677,39.040606730922846,0.9830739621367454,0.03125,120.0,0.0,23.55769901891768,7.410000763685472,1.64619071875,1.7723155,1.0,827
azure2019,async,test,full_budget_horizon_retrained,120,1700000946,3,1700300955,1668,57.79302096777464,42.96656542902483,1.0,0.0,69.0,0.0,4.827729126637632,0.0,1.687987171875,1.7590434,1.0,827
azure2019,async,test,full_budget_horizon_retrained,120,1700000946,4,1700400958,3470,57.94501205012872,42.95130263041821,1.0,0.0,120.0,0.0,4.327884491420845,0.0,1.606611015625,1.81748245,1.0,827
azure2019,http,test,full_budget_horizon_retrained,120,1700000946,0,1701000949,477,58.87681996249528,43.64262466169384,1.0,0.0,66.0,0.0,0.013650865869927,0.0,0.81937315625,0.9961719499999996,1.0,827
azure2019,http,test,full_budget_horizon_retrained,120,1700000946,1,1701100952,3137,57.88929514117793,42.96276259023253,1.0,0.0,11.0,0.0,3.861191824303085,0.0,0.881759171875,1.09731755,1.0,827
azure2019,http,test,full_budget_horizon_retrained,120,1700000946,2,1701200955,279,58.01630519903322,43.04894633740552,1.0,0.0,52.0,0.0,3.2995153063674154,0.0,0.869630765625,1.08637475,1.0,827
azure2019,http,test,full_budget_horizon_retrained,120,1700000946,3,1701300958,502,58.13143251707663,43.18265487512882,1.0,0.0,68.0,0.0,3.340255014170441,0.0,0.921424890625,1.2244345,1.0,827
azure2019,http,test,full_budget_horizon_retrained,120,1700000946,4,1701400961,2525,58.56883126820089,43.34434208539027,1.0,0.0,65.0,0.0,1.3707833976882924,0.0,0.817151359375,0.9228796,1.0,827
azure2019,async,test,full_budget_horizon_retrained,120,1700000947,0,1700000947,2494,44.49610659627629,35.69045391275948,0.97839550300444,0.0625,120.0,0.0,39.49842603982042,9.552882490448448,0.73930015625,0.93502495,1.0,828
azure2019,async,test,full_budget_horizon_retrained,120,1700000947,1,1700100950,265,58.59399746284447,43.451933028958834,1.0,0.0,38.0,0.0,1.125569924635867,0.0,0.8755350468750001,1.571363699999997,1.0,828
azure2019,async,test,full_budget_horizon_retrained,120,1700000947,2,1700200953,3421,43.67185330976543,35.28961279196191,0.9722333182746772,0.0625,120.0,0.0,48.15470226342882,12.375730509984676,0.75569515625,0.9558002499999998,1.0,828
azure2019,async,test,full_budget_horizon_retrained,120,1700000947,3,1700300956,2894,58.02251881964547,42.99463797962002,1.0,0.0,86.0,0.0,3.762102111163288,0.0,0.8525878281250001,1.1119943999999995,1.0,828
azure2019,async,test,full_budget_horizon_retrained,120,1700000947,4,1700400959,310,58.35416601482689,43.25220079676934,1.0,0.0,48.0,0.0,2.0207806419684538,0.0,0.772411390625,0.8360238999999998,1.0,828
azure2019,http,test,full_budget_horizon_retrained,120,1700000947,0,1701000950,692,57.482830058542746,42.551376005172656,1.0,0.0,87.0,0.0,6.151715307315825,0.0,0.90186628125,1.8007406999999995,1.0,828
azure2019,http,test,full_budget_horizon_retrained,120,1700000947,1,1701100953,2239,58.75743746758917,43.55270533072005,1.0,0.0,65.0,0.0,0.5324098973574891,0.0,0.8632424375,1.6546528499999982,1.0,828
azure2019,http,test,full_budget_horizon_retrained,120,1700000947,2,1701200956,4180,58.80454990799751,43.59352182023768,1.0,0.0,65.0,0.0,0.3291632384699623,0.0,0.771880484375,0.8228245999999999,1.0,828
azure2019,http,test,full_budget_horizon_retrained,120,1700000947,3,1701300959,3606,58.85198262352186,43.62979325400588,1.0,0.0,65.0,0.0,0.1218055893929781,0.0,0.8057001874999999,0.8849121999999999,1.0,828
azure2019,http,test,full_budget_horizon_retrained,120,1700000947,4,1701400962,1265,58.74998098810289,43.52975696973402,1.0,0.0,65.0,0.0,0.563081684263782,0.0,1.245394296875,1.80816215,1.0,828
azure2019,async,test,full_budget_horizon_retrained,120,1700000948,0,1700000948,3318,19.46964443311836,21.76758151669957,0.9486227108472876,0.15625,120.0,0.0,156.45212586306036,22.59526811143751,0.87548396875,1.1893439,1.0,829
azure2019,async,test,full_budget_horizon_retrained,120,1700000948,1,1700100951,742,58.63144368335827,43.51316322140665,0.997419711467217,0.0,120.0,0.0,1.0471370589278362,1.0471370589278362,1.02846959375,1.10601625,1.0,829
azure2019,async,test,full_budget_horizon_retrained,120,1700000948,2,1700200954,1693,58.88,43.64512314764825,1.0,0.0,111.0,0.0,0.0,0.0,0.52834609375,0.5821244999999998,1.0,829
azure2019,async,test,full_budget_horizon_retrained,120,1700000948,3,1700300957,3281,37.308027607396376,31.88965265485072,0.9649429253164816,0.09375,120.0,0.0,67.46669711381236,15.198861032876655,0.487468921875,0.5896052499999997,1.0,829
azure2019,async,test,full_budget_horizon_retrained,120,1700000948,4,1700400960,3117,58.88,43.64512314764825,1.0,0.0,110.0,0.0,0.0,0.0,0.6522835625000001,1.10450085,1.0,829
azure2019,http,test,full_budget_horizon_retrained,120,1700000948,0,1701000951,677,58.88,43.64512314764825,1.0,0.0,110.0,0.0,0.0,0.0,1.0914892968749998,1.1276042,1.0,829
azure2019,http,test,full_budget_horizon_retrained,120,1700000948,1,1701100954,830,50.99082825357094,39.41444619070797,0.9818710310387402,0.03125,120.0,0.0,22.78779153581169,7.589496297412905,1.043625625,1.14006515,1.0,829
azure2019,http,test,full_budget_horizon_retrained,120,1700000948,2,1701200957,4093,58.88,43.64512314764825,1.0,0.0,95.0,0.0,0.0,0.0,1.125426328125,1.18738885,1.0,829
azure2019,http,test,full_budget_horizon_retrained,120,1700000948,3,1701300960,2064,58.88,43.64512314764825,1.0,0.0,65.0,0.0,0.0,0.0,1.1215168906250002,1.15482625,1.0,829
azure2019,http,test,full_budget_horizon_retrained,120,1700000948,4,1701400963,1802,58.88,43.64512314764825,1.0,0.0,63.0,0.0,0.0,0.0,1.11274046875,1.1445747,1.0,829
azure2019,async,test,full_budget_horizon_retrained,144,1700000939,0,1700000939,470,58.88,43.64512314764825,1.0,0.0,68.0,0.0,0.0,0.0,0.5762337499999999,0.6914639,1.0,820
azure2019,async,test,full_budget_horizon_retrained,144,1700000939,1,1700100942,521,58.88,43.64512314764825,1.0,0.0,75.0,0.0,0.0,0.0,0.574459265625,0.7388377499999998,1.0,820
azure2019,async,test,full_budget_horizon_retrained,144,1700000939,2,1700200945,1293,48.66060565751834,38.155538755029085,0.9794002805843725,0.046875,144.0,0.0,26.333061959034197,9.117270654084624,0.576209796875,0.8696541499999995,1.0,820
azure2019,async,test,full_budget_horizon_retrained,144,1700000939,3,1700300948,4068,58.88,43.64512314764825,1.0,0.0,136.0,0.0,0.0,0.0,0.55230075,0.6231669499999999,1.0,820
azure2019,async,test,full_budget_horizon_retrained,144,1700000939,4,1700400951,1537,58.88,43.64512314764825,1.0,0.0,88.0,0.0,0.0,0.0,0.5336624999999999,0.5587078,1.0,820
azure2019,http,test,full_budget_horizon_retrained,144,1700000939,0,1701000942,3740,58.88,43.64512314764825,1.0,0.0,83.0,0.0,0.0,0.0,0.524151328125,0.55716245,1.0,820
azure2019,http,test,full_budget_horizon_retrained,144,1700000939,1,1701100945,306,58.88,43.64512314764825,1.0,0.0,65.0,0.0,0.0,0.0,0.534553921875,0.57492545,1.0,820
azure2019,http,test,full_budget_horizon_retrained,144,1700000939,2,1701200948,1221,58.88,43.64512314764825,1.0,0.0,80.0,0.0,0.0,0.0,0.5494315,0.6418605999999999,1.0,820
azure2019,http,test,full_budget_horizon_retrained,144,1700000939,3,1701300951,1135,58.88,43.64512314764825,1.0,0.0,117.0,0.0,0.0,0.0,0.5334552031249999,0.5575986,1.0,820
azure2019,http,test,full_budget_horizon_retrained,144,1700000939,4,1701400954,1168,58.88,43.64512314764825,1.0,0.0,109.0,0.0,0.0,0.0,0.53928578125,0.5710291,1.0,820
azure2019,async,test,full_budget_horizon_retrained,144,1700000940,0,1700000940,3860,58.88,43.64512314764825,1.0,0.0,135.0,0.0,0.0,0.0,0.544884015625,0.579305,1.0,821
azure2019,async,test,full_budget_horizon_retrained,144,1700000940,1,1700100943,14,58.88,43.64512314764825,1.0,0.0,42.0,0.0,0.0,0.0,0.527008828125,0.5649675,1.0,821
azure2019,async,test,full_budget_horizon_retrained,144,1700000940,2,1700200946,2751,58.88,43.64512314764825,1.0,0.0,103.0,0.0,0.0,0.0,0.537007046875,0.6144138499999998,1.0,821
azure2019,async,test,full_budget_horizon_retrained,144,1700000940,3,1700300949,1113,-44.57794639588174,-16.52898486601017,0.8946300616122094,0.328125,144.0,0.0,604.2425301130165,49.51734918965195,0.416994859375,0.5937039999999999,1.0,821
azure2019,async,test,full_budget_horizon_retrained,144,1700000940,4,1700400952,1102,-43.92208107198205,-15.791770437992414,0.8868887431738076,0.3125,144.0,0.0,636.5826511224744,53.44320217625175,0.4161302343749999,0.5555833,1.0,821
azure2019,http,test,full_budget_horizon_retrained,144,1700000940,0,1701000943,886,58.88,43.64512314764825,1.0,0.0,130.0,0.0,0.0,0.0,0.5326840625,0.5912814999999999,1.0,821
azure2019,http,test,full_budget_horizon_retrained,144,1700000940,1,1701100946,3676,58.88,43.64512314764825,1.0,0.0,72.0,0.0,0.0,0.0,0.53401634375,0.5883816,1.0,821
azure2019,http,test,full_budget_horizon_retrained,144,1700000940,2,1701200949,840,58.88,43.64512314764825,1.0,0.0,132.0,0.0,0.0,0.0,0.5400191562500001,0.581645,1.0,821
azure2019,http,test,full_budget_horizon_retrained,144,1700000940,3,1701300952,3544,58.88,43.64512314764825,1.0,0.0,65.0,0.0,0.0,0.0,0.689390234375,1.17961675,1.0,821
azure2019,http,test,full_budget_horizon_retrained,144,1700000940,4,1701400955,4127,58.88,43.64512314764825,1.0,0.0,97.0,0.0,0.0,0.0,0.595766953125,0.6929737999999999,1.0,821
azure2019,async,test,full_budget_horizon_retrained,144,1700000941,0,1700000941,3252,58.88,43.64512314764825,1.0,0.0,136.0,0.0,0.0,0.0,1.073864265625,1.10637475,1.0,822
azure2019,async,test,full_budget_horizon_retrained,144,1700000941,1,1700100944,98,58.88,43.64512314764825,1.0,0.0,21.0,0.0,0.0,0.0,1.116612671875,1.18913555,1.0,822
azure2019,async,test,full_budget_horizon_retrained,144,1700000941,2,1700200947,540,58.88,43.64512314764825,1.0,0.0,81.0,0.0,0.0,0.0,0.75836378125,1.1842823,1.0,822
azure2019,async,test,full_budget_horizon_retrained,144,1700000941,3,1700300950,297,58.88,43.64512314764825,1.0,0.0,65.0,0.0,0.0,0.0,0.531165234375,0.5716436,1.0,822
azure2019,async,test,full_budget_horizon_retrained,144,1700000941,4,1700400953,1207,54.48483013291788,41.30266984068128,0.9828618683611168,0.015625,144.0,0.0,14.226042752739414,7.582873451759184,0.512660546875,0.55249855,1.0,822
azure2019,http,test,full_budget_horizon_retrained,144,1700000941,0,1701000944,3466,58.88,43.64512314764825,1.0,0.0,65.0,0.0,0.0,0.0,0.5463889531250001,0.6024762499999999,1.0,822
azure2019,http,test,full_budget_horizon_retrained,144,1700000941,1,1701100947,1364,58.88,43.64512314764825,1.0,0.0,65.0,0.0,0.0,0.0,0.518559296875,0.54787185,1.0,822
azure2019,http,test,full_budget_horizon_retrained,144,1700000941,2,1701200950,744,58.88,43.64512314764825,1.0,0.0,130.0,0.0,0.0,0.0,0.548062625,0.62484445,1.0,822
azure2019,http,test,full_budget_horizon_retrained,144,1700000941,3,1701300953,4141,58.88,43.64512314764825,1.0,0.0,90.0,0.0,0.0,0.0,0.580647859375,0.7216575499999999,1.0,822
azure2019,http,test,full_budget_horizon_retrained,144,1700000941,4,1701400956,246,58.88,43.64512314764825,1.0,0.0,64.0,0.0,0.0,0.0,0.53562346875,0.56719625,1.0,822
azure2019,async,test,full_budget_horizon_retrained,144,1700000942,0,1700000942,1105,34.738167346698674,30.04425258495518,0.964553390163582,0.09375,144.0,0.0,85.58325171383136,16.731621526759703,1.1754974374999998,1.7503518999999998,1.0,823
azure2019,async,test,full_budget_horizon_retrained,144,1700000942,1,1700100945,4107,58.5008227662676,43.35128448198336,1.0,0.0,117.0,0.0,1.7399414477918382,0.0,1.2632276562500002,1.8339595,1.0,823
azure2019,async,test,full_budget_horizon_retrained,144,1700000942,2,1700200948,3663,58.47048953735983,43.346918275224944,1.0000000000000002,0.0,142.0,0.0,2.090851786645155,0.0,0.7772003593750001,0.8246218,1.0,823
azure2019,async,test,full_budget_horizon_retrained,144,1700000942,3,1700300951,2057,58.489370726012766,43.37501711951408,1.0,0.0,123.0,0.0,1.8474820417363509,0.0,1.295727125,1.7671809,1.0,823
azure2019,async,test,full_budget_horizon_retrained,144,1700000942,4,1700400954,3377,58.52216089475495,43.40871748256068,1.0,0.0,135.0,0.0,1.809363515693968,0.0,0.7741176875,0.8273776499999999,1.0,823
azure2019,http,test,full_budget_horizon_retrained,144,1700000942,0,1701000945,3725,58.5861135515982,43.434593143727646,1.0,0.0,68.0,0.0,1.2773539783371757,0.0,1.307121125,1.73437735,1.0,823
azure2019,http,test,full_budget_horizon_retrained,144,1700000942,1,1701100948,3563,58.88,43.64512314764825,1.0,0.0,65.0,0.0,0.0,0.0,1.5163968906249998,1.7616577,1.0,823
azure2019,http,test,full_budget_horizon_retrained,144,1700000942,2,1701200951,3471,58.88,43.64512314764825,1.0,0.0,64.0,0.0,0.0,0.0,1.75088075,1.9497979,1.0,823
azure2019,http,test,full_budget_horizon_retrained,144,1700000942,3,1701300954,99,58.84986908727031,43.61675549142991,1.0,0.0,65.0,0.0,0.1311359137807999,0.0,1.77976025,1.88716825,1.0,823
azure2019,http,test,full_budget_horizon_retrained,144,1700000942,4,1701400957,3322,58.88,43.64512314764825,1.0,0.0,65.0,0.0,0.0,0.0,1.7451958125,1.8726473,1.0,823
azure2019,async,test,full_budget_horizon_retrained,144,1700000943,0,1700000943,3767,58.88,43.64512314764825,1.0,0.0,137.0,0.0,0.0,0.0,0.5743045,0.65512755,1.0,824
azure2019,async,test,full_budget_horizon_retrained,144,1700000943,1,1700100946,2977,58.88,43.64512314764825,1.0,0.0,105.0,0.0,0.0,0.0,0.541385421875,0.5953284,1.0,824
azure2019,async,test,full_budget_horizon_retrained,144,1700000943,2,1700200949,2810,58.88,43.64512314764825,1.0,0.0,109.0,0.0,0.0,0.0,0.528559515625,0.5562703499999999,1.0,824
azure2019,async,test,full_budget_horizon_retrained,144,1700000943,3,1700300952,1223,58.88,43.64512314764825,1.0,0.0,144.0,0.0,0.0,0.0,0.533069140625,0.5997090999999999,1.0,824
azure2019,async,test,full_budget_horizon_retrained,144,1700000943,4,1700400955,2144,58.88,43.64512314764825,1.0,0.0,135.0,0.0,0.0,0.0,0.772733890625,0.8300252,1.0,824
azure2019,http,test,full_budget_horizon_retrained,144,1700000943,0,1701000946,3911,58.88,43.64512314764825,1.0,0.0,77.0,0.0,0.0,0.0,0.7413203125,0.82690535,1.0,824
azure2019,http,test,full_budget_horizon_retrained,144,1700000943,1,1701100949,3508,58.88,43.64512314764825,1.0,0.0,64.0,0.0,0.0,0.0,0.594734875,1.12476235,1.0,824
azure2019,http,test,full_budget_horizon_retrained,144,1700000943,2,1701200952,433,58.88,43.64512314764825,1.0,0.0,65.0,0.0,0.0,0.0,0.5338127500000001,0.5657576,1.0,824
azure2019,http,test,full_budget_horizon_retrained,144,1700000943,3,1701300955,1756,58.88,43.64512314764825,1.0,0.0,60.0,0.0,0.0,0.0,0.5346754687499999,0.56313625,1.0,824
azure2019,http,test,full_budget_horizon_retrained,144,1700000943,4,1701400958,2871,58.88,43.64512314764825,1.0,0.0,65.0,0.0,0.0,0.0,0.523972515625,0.5625230999999998,1.0,824
azure2019,async,test,full_budget_horizon_retrained,144,1700000944,0,1700000944,2581,58.88,43.64512314764825,1.0,0.0,138.0,0.0,0.0,0.0,0.5680669375,0.6797976,1.0,825
azure2019,async,test,full_budget_horizon_retrained,144,1700000944,1,1700100947,1541,58.88,43.64512314764825,1.0,0.0,87.0,0.0,0.0,0.0,0.614488234375,0.9419334,1.0,825
azure2019,async,test,full_budget_horizon_retrained,144,1700000944,2,1700200950,154,58.88,43.64512314764825,1.0,0.0,24.0,0.0,0.0,0.0,0.560022703125,0.63471395,1.0,825
azure2019,async,test,full_budget_horizon_retrained,144,1700000944,3,1700300953,818,58.88,43.64512314764825,1.0,0.0,104.0,0.0,0.0,0.0,0.560604203125,0.6047307999999999,1.0,825
azure2019,async,test,full_budget_horizon_retrained,144,1700000944,4,1700400956,1338,44.710810613132345,35.982109307192474,0.9788494651639088,0.0625,144.0,0.0,38.2715370696917,9.271029275193122,0.519725921875,0.59394225,1.0,825
azure2019,http,test,full_budget_horizon_retrained,144,1700000944,0,1701000947,988,58.88,43.64512314764825,1.0,0.0,130.0,0.0,0.0,0.0,0.5550470000000001,0.6019076999999999,1.0,825
azure2019,http,test,full_budget_horizon_retrained,144,1700000944,1,1701100950,744,58.88,43.64512314764825,1.0,0.0,130.0,0.0,0.0,0.0,0.5319525781250001,0.5645097,1.0,825
azure2019,http,test,full_budget_horizon_retrained,144,1700000944,2,1701200953,2202,58.88,43.64512314764825,1.0,0.0,70.0,0.0,0.0,0.0,0.530493671875,0.56872525,1.0,825
azure2019,http,test,full_budget_horizon_retrained,144,1700000944,3,1701300956,888,58.88,43.64512314764825,1.0,0.0,130.0,0.0,0.0,0.0,0.55597253125,0.62485045,1.0,825
azure2019,http,test,full_budget_horizon_retrained,144,1700000944,4,1701400959,3256,58.88,43.64512314764825,1.0,0.0,60.0,0.0,0.0,0.0,0.548355,0.6110624499999999,1.0,825
azure2019,async,test,full_budget_horizon_retrained,144,1700000945,0,1700000945,3567,58.88,43.64512314764825,1.0,0.0,144.0,0.0,0.0,0.0,0.5639540000000001,0.6652020499999999,1.0,826
azure2019,async,test,full_budget_horizon_retrained,144,1700000945,1,1700100948,2615,58.88,43.64512314764825,1.0,0.0,127.0,0.0,0.0,0.0,0.537090984375,0.58845065,1.0,826
azure2019,async,test,full_budget_horizon_retrained,144,1700000945,2,1700200951,3775,58.88,43.64512314764825,1.0,0.0,137.0,0.0,0.0,0.0,0.546333421875,0.59090125,1.0,826
azure2019,async,test,full_budget_horizon_retrained,144,1700000945,3,1700300954,3539,58.88,43.64512314764825,1.0,0.0,141.0,0.0,0.0,0.0,0.5377556875,0.58667125,1.0,826
azure2019,async,test,full_budget_horizon_retrained,144,1700000945,4,1700400957,2876,58.88,43.64512314764825,1.0,0.0,116.0,0.0,0.0,0.0,0.5498526875,0.59491395,1.0,826
azure2019,http,test,full_budget_horizon_retrained,144,1700000945,0,1701000948,3810,58.88,43.64512314764825,1.0,0.0,82.0,0.0,0.0,0.0,0.5395032343749999,0.5802923,1.0,826
azure2019,http,test,full_budget_horizon_retrained,144,1700000945,1,1701100951,1990,58.88,43.64512314764825,1.0,0.0,65.0,0.0,0.0,0.0,0.543132375,0.5930447999999999,1.0,826
azure2019,http,test,full_budget_horizon_retrained,144,1700000945,2,1701200954,1533,58.88,43.64512314764825,1.0,0.0,65.0,0.0,0.0,0.0,0.5388905312500001,0.5976116499999999,1.0,826
azure2019,http,test,full_budget_horizon_retrained,144,1700000945,3,1701300957,1822,58.88,43.64512314764825,1.0,0.0,64.0,0.0,0.0,0.0,0.76837040625,1.1779516,1.0,826
azure2019,http,test,full_budget_horizon_retrained,144,1700000945,4,1701400960,3394,58.88,43.64512314764825,1.0,0.0,65.0,0.0,0.0,0.0,0.575408921875,0.6848542999999998,1.0,826
azure2019,async,test,full_budget_horizon_retrained,144,1700000946,0,1700000946,839,58.37764148971769,43.25948136832185,1.0,0.0,79.0,0.0,2.273815517462116,0.0,0.7736316562500001,0.8419023999999999,1.0,827
azure2019,async,test,full_budget_horizon_retrained,144,1700000946,1,1700100949,1383,57.32358204350483,42.58661494069573,1.0,0.0,111.0,0.0,7.49571902210401,0.0,0.7899353437500001,0.9182956999999996,1.0,827
azure2019,async,test,full_budget_horizon_retrained,144,1700000946,2,1700200952,3333,58.31643277809731,43.21620912344476,1.0,0.0,132.0,0.0,2.862041959491818,0.0,0.789274453125,0.8723785499999999,1.0,827
azure2019,async,test,full_budget_horizon_retrained,144,1700000946,3,1700300955,1668,58.39670186363352,43.34978242138398,1.0,0.0,72.0,0.0,2.125747090894074,0.0,1.08227146875,1.92063465,1.0,827
azure2019,async,test,full_budget_horizon_retrained,144,1700000946,4,1700400958,3470,58.46110617176668,43.31259394625916,1.0,0.0,125.0,0.0,2.016148485201465,0.0,1.24914746875,1.8800769,1.0,827
azure2019,http,test,full_budget_horizon_retrained,144,1700000946,0,1701000949,477,58.87681996249528,43.64262466169384,1.0,0.0,66.0,0.0,0.013650865869927,0.0,0.80835390625,0.8786374499999999,1.0,827
azure2019,http,test,full_budget_horizon_retrained,144,1700000946,1,1701100952,3137,58.41604981015281,43.33093194415103,1.0000000000000002,0.0,13.0,0.0,1.7359783853984787,0.0,1.22826153125,1.87533555,1.0,827
azure2019,http,test,full_budget_horizon_retrained,144,1700000946,2,1701200955,279,58.7563513775801,43.55504469100416,1.0,0.0,62.0,0.0,0.4651410717737034,0.0,1.057702890625,1.7810552999999998,1.0,827
azure2019,http,test,full_budget_horizon_retrained,144,1700000946,3,1701300958,502,58.61908802676082,43.48963117798088,1.0,0.0,69.0,0.0,1.1384691038487285,0.0,0.7969891874999999,0.8893443999999998,1.0,827
azure2019,http,test,full_budget_horizon_retrained,144,1700000946,4,1701400961,2525,58.82811052727614,43.59504615292401,1.0,0.0,67.0,0.0,0.2248176840777205,0.0,0.8221284062499999,0.91366135,1.0,827
azure2019,async,test,full_budget_horizon_retrained,144,1700000947,0,1700000947,2494,-46.722624119115565,-18.36330538967552,0.9030097295480302,0.359375,144.0,0.0,564.6430020508801,42.88628689364518,0.56672653125,0.8169685999999999,1.0,828
azure2019,async,test,full_budget_horizon_retrained,144,1700000947,1,1700100950,265,58.88,43.64512314764825,1.0,0.0,65.0,0.0,0.0,0.0,0.8651573750000001,1.02754165,1.0,828
azure2019,async,test,full_budget_horizon_retrained,144,1700000947,2,1700200953,3421,-67.48336337549406,-31.506305018519853,0.88750970587878,0.40625,144.0,0.0,730.5568297779678,50.13741212596916,0.57928678125,0.9408946,1.0,828
azure2019,async,test,full_budget_horizon_retrained,144,1700000947,3,1700300956,2894,56.09051885055179,42.142095814724726,0.9876728290272058,0.0,144.0,0.0,14.548913880914917,4.865483972081133,0.7854807031250001,0.9865539,1.0,828
azure2019,async,test,full_budget_horizon_retrained,144,1700000947,4,1700400959,310,58.88,43.64512314764825,1.0,0.0,84.0,0.0,0.0,0.0,1.078176390625,1.88015765,1.0,828
azure2019,http,test,full_budget_horizon_retrained,144,1700000947,0,1701000950,692,54.345168978273136,41.21859801918282,0.986033282516074,0.015625,144.0,0.0,13.72296284616517,5.5133440419665085,0.928891890625,1.81743295,1.0,828
azure2019,http,test,full_budget_horizon_retrained,144,1700000947,1,1701100953,2239,58.88,43.64512314764825,1.0,0.0,113.0,0.0,0.0,0.0,0.7590761874999999,0.8521162499999999,1.0,828
azure2019,http,test,full_budget_horizon_retrained,144,1700000947,2,1701200956,4180,58.88,43.64512314764825,1.0,0.0,111.0,0.0,0.0,0.0,0.80725821875,1.118774099999999,1.0,828
azure2019,http,test,full_budget_horizon_retrained,144,1700000947,3,1701300959,3606,58.88,43.64512314764825,1.0,0.0,109.0,0.0,0.0,0.0,0.7620996718749999,0.8445299499999996,1.0,828
azure2019,http,test,full_budget_horizon_retrained,144,1700000947,4,1701400962,1265,58.88,43.64512314764825,1.0,0.0,136.0,0.0,0.0,0.0,0.8932615312500001,1.714793449999998,1.0,828
azure2019,async,test,full_budget_horizon_retrained,144,1700000948,0,1700000948,3318,57.850737317138496,43.09665468030019,0.9922422926156332,0.0,144.0,0.0,5.122081034755409,3.411769697673691,0.519836609375,0.5676785,1.0,829
azure2019,async,test,full_budget_horizon_retrained,144,1700000948,1,1700100951,742,58.88,43.64512314764825,1.0,0.0,122.0,0.0,0.0,0.0,0.5565931562499999,0.65191615,1.0,829
azure2019,async,test,full_budget_horizon_retrained,144,1700000948,2,1700200954,1693,58.88,43.64512314764825,1.0,0.0,111.0,0.0,0.0,0.0,0.521665734375,0.53853455,1.0,829
azure2019,async,test,full_budget_horizon_retrained,144,1700000948,3,1700300957,3281,58.88,43.64512314764825,1.0,0.0,139.0,0.0,0.0,0.0,0.53707365625,0.5979462499999999,1.0,829
azure2019,async,test,full_budget_horizon_retrained,144,1700000948,4,1700400960,3117,58.88,43.64512314764825,1.0,0.0,110.0,0.0,0.0,0.0,0.584562625,0.8589225499999996,1.0,829
azure2019,http,test,full_budget_horizon_retrained,144,1700000948,0,1701000951,677,58.88,43.64512314764825,1.0,0.0,110.0,0.0,0.0,0.0,0.547761046875,0.6451909999999997,1.0,829
azure2019,http,test,full_budget_horizon_retrained,144,1700000948,1,1701100954,830,58.88,43.64512314764825,1.0,0.0,130.0,0.0,0.0,0.0,0.523156171875,0.56114175,1.0,829
azure2019,http,test,full_budget_horizon_retrained,144,1700000948,2,1701200957,4093,58.88,43.64512314764825,1.0,0.0,95.0,0.0,0.0,0.0,0.527187375,0.5704488,1.0,829
azure2019,http,test,full_budget_horizon_retrained,144,1700000948,3,1701300960,2064,58.88,43.64512314764825,1.0,0.0,65.0,0.0,0.0,0.0,0.552391734375,0.6370835499999999,1.0,829
azure2019,http,test,full_budget_horizon_retrained,144,1700000948,4,1701400963,1802,58.88,43.64512314764825,1.0,0.0,63.0,0.0,0.0,0.0,0.561924671875,0.6908598499999998,1.0,829
azure2019,async,test,full_budget_horizon_retrained,48,1700000939,0,1700000939,470,56.8933939564336,42.40007847950842,0.9936799205969772,0.0,48.0,0.0,8.697475013343652,2.2317698164759587,0.8023420156249998,1.0568740499999991,1.0,820
azure2019,async,test,full_budget_horizon_retrained,48,1700000939,1,1700100942,521,31.41489967082847,28.19895075685401,0.9768415738517646,0.109375,48.0,0.0,78.68743847506494,8.40146761370049,0.6575055000000001,0.9233911999999996,1.0,820
azure2019,async,test,full_budget_horizon_retrained,48,1700000939,2,1700200945,1293,-156.77988005225734,-89.8715780741186,0.8203845563728547,0.5625,48.0,0.0,1553.4756263185768,79.49635527364619,0.5879645312499999,1.3580925499999978,1.0,820
azure2019,async,test,full_budget_horizon_retrained,48,1700000939,3,1700300948,4068,-102.5528489324993,-56.51447324961484,0.8880004503243513,0.53125,48.0,0.0,893.9390687520199,46.01586824037486,0.487964640625,0.88845745,1.0,820
azure2019,async,test,full_budget_horizon_retrained,48,1700000939,4,1700400951,1537,-15.954546961770085,-0.1577238782271655,0.9478159420108818,0.3125,48.0,0.0,263.37614505678044,19.86517027888848,0.558865078125,0.8275255999999999,1.0,820
azure2019,http,test,full_budget_horizon_retrained,48,1700000939,0,1701000942,3740,15.039694863616326,18.83240030192361,0.9599420459023844,0.1875,48.0,0.0,137.02373932363793,15.094213150743029,0.64377428125,0.8455070499999999,1.0,820
azure2019,http,test,full_budget_horizon_retrained,48,1700000939,1,1701100945,306,40.14207861001773,33.36330037075372,0.9797886747252468,0.078125,48.0,0.0,50.51382483398794,7.01509771518152,0.6926402656249999,1.1024482999999985,1.0,820
azure2019,http,test,full_budget_horizon_retrained,48,1700000939,2,1701200948,1221,8.441627575870124,14.77491482354693,0.9590712967612868,0.21875,48.0,0.0,156.71289210666325,15.548172952303126,0.6348366875,0.9410688499999996,1.0,820
azure2019,http,test,full_budget_horizon_retrained,48,1700000939,3,1701300951,1135,-25.16734463275934,-5.755077728617919,0.9294833694783724,0.3125,48.0,0.0,365.9673543695502,27.74448606737952,0.8555508281249999,1.72934535,1.0,820
azure2019,http,test,full_budget_horizon_retrained,48,1700000939,4,1701400954,1168,-30.468222704767797,-9.29924267757404,0.9313581077989054,0.34375,48.0,0.0,371.8981428844105,26.893083127904337,1.213184359375,1.72704395,1.0,820
azure2019,async,test,full_budget_horizon_retrained,48,1700000940,0,1700000940,3860,-129.49031217533948,-74.09699903192049,0.8478326903518977,0.515625,48.0,0.0,1236.935958127463,65.03464202030231,0.4999582812499999,0.9052111,1.0,821
azure2019,async,test,full_budget_horizon_retrained,48,1700000940,1,1700100943,14,58.409245488206665,43.38317553872143,0.9989368616400404,0.0,48.0,0.0,1.9299807085020024,0.3486244506065112,0.7150591093750001,0.8192518,1.0,821
azure2019,async,test,full_budget_horizon_retrained,48,1700000940,2,1700200946,2751,-59.505924546108616,-28.563193562100533,0.9162698196464883,0.421875,48.0,0.0,556.2948068912856,32.88677158756036,0.52734384375,0.8643312499999997,1.0,821
azure2019,async,test,full_budget_horizon_retrained,48,1700000940,3,1700300949,1113,-272.00181345256647,-169.33590122358083,0.763888269410382,0.703125,48.0,0.0,2753.898971489941,110.95789928575924,0.412837453125,0.91181835,1.0,821
azure2019,async,test,full_budget_horizon_retrained,48,1700000940,4,1700400952,1102,-267.66425171138985,-166.55871734473794,0.7613628674678642,0.703125,48.0,0.0,2688.375536692816,112.75210689483448,0.4409208437499999,0.8830771,1.0,821
azure2019,http,test,full_budget_horizon_retrained,48,1700000940,0,1701000943,886,-128.38664661342682,-75.08029373443524,0.8700931359490616,0.546875,48.0,0.0,1143.7218649430206,54.08351156737611,0.4649822031249999,0.8432004499999999,1.0,821
azure2019,http,test,full_budget_horizon_retrained,48,1700000940,1,1701100946,3676,6.719687006842466,13.976249281948917,0.9540424983314284,0.21875,48.0,0.0,175.5452747804327,16.989869819837345,0.624862578125,0.9381931499999996,1.0,821
azure2019,http,test,full_budget_horizon_retrained,48,1700000940,2,1701200949,840,-120.50617410320156,-69.13146068083879,0.8624528703821766,0.515625,48.0,0.0,1110.713646298857,58.01190997113414,0.5071944374999999,0.8728689999999999,1.0,821
azure2019,http,test,full_budget_horizon_retrained,48,1700000940,3,1701300952,3544,32.86717297382913,29.266583413624083,0.9729185218412116,0.109375,48.0,0.0,73.10042853631029,9.46736776383892,0.6136334531250001,0.79070115,1.0,821
azure2019,http,test,full_budget_horizon_retrained,48,1700000940,4,1701400955,4127,-46.25085040287224,-19.75208657566653,0.9339762664236364,0.40625,48.0,0.0,440.6553120932475,25.3675695317791,0.507990609375,0.7803045,1.0,821
azure2019,async,test,full_budget_horizon_retrained,48,1700000941,0,1700000941,3252,-143.98001832974293,-82.67337845642108,0.8380410545961023,0.578125,48.0,0.0,1345.540953834452,69.22136038314389,0.46225690625,0.83383875,1.0,822
azure2019,async,test,full_budget_horizon_retrained,48,1700000941,1,1700100944,98,58.41555622949704,43.39512236112199,0.9980953070959968,0.0,48.0,0.0,1.8192989232185104,0.603117282628701,0.75066825,1.8050962,1.0,822
azure2019,async,test,full_budget_horizon_retrained,48,1700000941,2,1700200947,540,-12.515914028469286,1.9933898724282384,0.9481594699239032,0.296875,48.0,0.0,248.79379450426936,19.107022023432133,1.19544584375,1.8547969,1.0,822
azure2019,async,test,full_budget_horizon_retrained,48,1700000941,3,1700300950,297,49.71559331162684,38.40352176334971,0.9863897941385482,0.0,48.0,0.0,45.12255811421549,4.633970958535317,1.243985296875,1.7227891000000002,1.0,822
azure2019,async,test,full_budget_horizon_retrained,48,1700000941,4,1700400953,1207,-163.80708683293767,-96.63288320881924,0.829622062343383,0.609375,48.0,0.0,1527.2930610785838,75.38478332671033,0.555560390625,1.6814874,1.0,822
azure2019,http,test,full_budget_horizon_retrained,48,1700000941,0,1701000944,3466,37.80914539849849,31.98361697164565,0.981238185393598,0.078125,48.0,0.0,61.71553236558721,6.541610154349854,0.604515671875,0.77042165,1.0,822
azure2019,http,test,full_budget_horizon_retrained,48,1700000941,1,1701100947,1364,47.22559431438684,37.1269063002033,0.9849708373859974,0.015625,48.0,0.0,50.72505223153074,5.198471439035103,0.616158796875,0.79787495,1.0,822
azure2019,http,test,full_budget_horizon_retrained,48,1700000941,2,1701200950,744,-122.72341444189352,-68.93148584742687,0.8591682831146464,0.546875,48.0,0.0,1126.9427356241335,57.64262900499512,0.701597109375,0.9847093999999996,1.0,822
azure2019,http,test,full_budget_horizon_retrained,48,1700000941,3,1701300953,4141,-55.939273453600094,-26.378403891714083,0.9318320002802664,0.453125,48.0,0.0,466.2920175126084,25.89495408346706,0.7555088750000001,1.81401615,1.0,822
azure2019,http,test,full_budget_horizon_retrained,48,1700000941,4,1701400956,246,30.55687030154333,27.93986889778173,0.9746418577883758,0.125,48.0,0.0,74.90700189598894,8.771231405270488,0.656668015625,0.8340930999999999,1.0,822
azure2019,async,test,full_budget_horizon_retrained,48,1700000942,0,1700000942,1105,-219.02961176980477,-130.89278943316685,0.7836129200172486,0.625,48.0,0.0,2239.732493078309,102.13971779699914,0.951748453125,1.78095905,1.0,823
azure2019,async,test,full_budget_horizon_retrained,48,1700000942,1,1700100945,4107,-65.88512799210662,-31.0539409752176,0.8922305794763369,0.40625,48.0,0.0,693.6560958133218,43.852145504230975,1.163889546875,1.72700705,1.0,823
azure2019,async,test,full_budget_horizon_retrained,48,1700000942,2,1700200948,3663,-179.00506077969405,-105.70824395286692,0.8126612730478451,0.609375,48.0,0.0,1734.53676647108,83.7704580063466,0.973268921875,1.82015125,1.0,823
azure2019,async,test,full_budget_horizon_retrained,48,1700000942,3,1700300951,2057,-96.88030546961149,-51.256188407036845,0.8711179591536233,0.484375,48.0,0.0,928.5358544308584,53.56137878409825,1.0763204375,1.76618455,1.0,823
azure2019,async,test,full_budget_horizon_retrained,48,1700000942,4,1700400954,3377,-157.9055289750587,-90.8615728074821,0.8190610541848775,0.578125,48.0,0.0,1536.030495873797,79.8366732176593,0.99621075,1.7423571,1.0,823
azure2019,http,test,full_budget_horizon_retrained,48,1700000942,0,1701000945,3725,20.662153799546687,22.22166747416956,0.959070678913199,0.15625,48.0,0.0,127.80624984074149,15.42165551078266,1.408120484375,1.77765015,1.0,823
azure2019,http,test,full_budget_horizon_retrained,48,1700000942,1,1701100948,3563,45.77218681099754,36.407658601282165,0.9819946126369902,0.046875,48.0,0.0,38.34870766403797,6.322658246240955,1.511104265625,1.80558475,1.0,823
azure2019,http,test,full_budget_horizon_retrained,48,1700000942,2,1701200951,3471,53.423387350136046,40.52050387313184,0.9908643701177734,0.0,48.0,0.0,26.028555141004663,3.1745564386109173,1.474984359375,1.77802775,1.0,823
azure2019,http,test,full_budget_horizon_retrained,48,1700000942,3,1701300954,99,52.60406546743454,40.076364722458536,0.9890336245908412,0.0,48.0,0.0,30.740910342990187,3.813153943882309,1.462218703125,1.78669095,1.0,823
azure2019,http,test,full_budget_horizon_retrained,48,1700000942,4,1701400957,3322,29.25692062283851,27.18162310611931,0.9705961316570106,0.125,48.0,0.0,85.49000765547765,10.50968383658268,1.4238309375,1.7643483999999998,1.0,823
azure2019,async,test,full_budget_horizon_retrained,48,1700000943,0,1700000943,3767,-126.15586600716446,-71.61266194815508,0.8620868815986527,0.5625,48.0,0.0,1137.6802173692065,58.480241088396696,0.4740888750000001,0.8657553499999998,1.0,824
azure2019,async,test,full_budget_horizon_retrained,48,1700000943,1,1700100946,2977,-17.385026878837014,-0.7795323255181454,0.9368202739401208,0.296875,48.0,0.0,307.1018922217316,24.55632124318294,0.56826921875,0.80449885,1.0,824
azure2019,async,test,full_budget_horizon_retrained,48,1700000943,2,1700200949,2810,-43.71692482903042,-17.509304115748176,0.9218816136734486,0.375,48.0,0.0,473.3650570696185,30.85905412710516,0.5356356718749999,0.8179118999999999,1.0,824
azure2019,async,test,full_budget_horizon_retrained,48,1700000943,3,1700300952,1223,-157.2877342296108,-90.8028339985366,0.8254502211160906,0.578125,48.0,0.0,1520.989320400315,76.69668719456449,0.446159921875,0.8083733999999999,1.0,824
azure2019,async,test,full_budget_horizon_retrained,48,1700000943,4,1700400955,2144,-116.25562903188631,-64.7713727210628,0.8704852397206524,0.53125,48.0,0.0,1072.9022989013026,54.478017636143655,0.49968028125,0.900865,1.0,824
azure2019,http,test,full_budget_horizon_retrained,48,1700000943,0,1701000946,3911,2.911643986215811,11.64911795822638,0.9514079682780828,0.234375,48.0,0.0,195.3482690870607,18.491196053213518,0.7668503906249999,1.830994,1.0,824
azure2019,http,test,full_budget_horizon_retrained,48,1700000943,1,1701100949,3508,49.7055518064,38.5540005172154,0.9838766690802804,0.015625,48.0,0.0,37.6066617286546,5.591538451588251,0.7563679062499999,1.4791381,1.0,824
azure2019,http,test,full_budget_horizon_retrained,48,1700000943,2,1701200952,433,19.955157916682914,21.813689204846327,0.9662807375886516,0.171875,48.0,0.0,112.8216788389997,12.28837627911426,0.6350968125,0.8281312,1.0,824
azure2019,http,test,full_budget_horizon_retrained,48,1700000943,3,1701300955,1756,57.76769078652898,42.71516654295036,1.0,0.0,33.0,0.0,4.217677362584679,0.0,0.77830596875,0.8144204,1.0,824
azure2019,http,test,full_budget_horizon_retrained,48,1700000943,4,1701400958,2871,57.13862363510424,42.53871352933358,0.9960801564942188,0.0,48.0,0.0,7.06593091561889,1.3406290985424132,0.726110734375,0.8682013499999998,1.0,824
azure2019,async,test,full_budget_horizon_retrained,48,1700000944,0,1700000944,2581,-157.24157837357018,-93.21214408071006,0.8467029318629827,0.625,48.0,0.0,1407.3195253262022,65.32671707916624,0.57779346875,1.7670080499999998,1.0,825
azure2019,async,test,full_budget_horizon_retrained,48,1700000944,1,1700100947,1541,-46.64719630157677,-19.96662895349579,0.9353119197736162,0.421875,48.0,0.0,422.3347847205432,24.547987877113943,0.498502875,0.7843854499999999,1.0,825
azure2019,async,test,full_budget_horizon_retrained,48,1700000944,2,1700200950,154,58.76191024227069,43.57849672750774,0.999866383396962,0.0,48.0,0.0,0.4481953896790269,0.0422134451047542,0.583882828125,0.80232505,1.0,825
azure2019,async,test,full_budget_horizon_retrained,48,1700000944,3,1700300953,818,-94.47930263453942,-51.76459232966277,0.9086977790185778,0.53125,48.0,0.0,796.6510741928607,35.79549842107514,0.4908527968749999,0.83064865,1.0,825
azure2019,async,test,full_budget_horizon_retrained,48,1700000944,4,1700400956,1338,-191.9610071301649,-115.82195781805184,0.8218980676812085,0.65625,48.0,0.0,1807.190304528969,78.06839123890192,0.8005072343749999,1.8059399,1.0,825
azure2019,http,test,full_budget_horizon_retrained,48,1700000944,0,1701000947,988,-142.89843855691834,-82.5254739136448,0.8546185138194803,0.578125,48.0,0.0,1325.0936610889178,61.5863013262131,1.0165056250000002,1.82604695,1.0,825
azure2019,http,test,full_budget_horizon_retrained,48,1700000944,1,1701100950,744,-116.30781749086408,-64.5226561152833,0.8622870755532968,0.53125,48.0,0.0,1077.3971117546682,56.36610266944629,1.041861171875,1.8621965,1.0,825
azure2019,http,test,full_budget_horizon_retrained,48,1700000944,2,1701200953,2202,0.5102737941894966,10.088464806212905,0.9568691701967352,0.25,48.0,0.0,187.1432404005781,15.6182070808349,1.3096641875,1.81193925,1.0,825
azure2019,http,test,full_budget_horizon_retrained,48,1700000944,3,1701300956,888,-133.61322441382492,-76.84122506536345,0.8638096682932597,0.578125,48.0,0.0,1202.285506367858,56.60639048299939,0.992430078125,1.80648325,1.0,825
azure2019,http,test,full_budget_horizon_retrained,48,1700000944,4,1701400959,3256,27.26630180757488,25.99679270092971,0.9752319592451414,0.140625,48.0,0.0,81.28760920252388,8.356684525549873,1.390555203125,1.77580425,1.0,825
azure2019,async,test,full_budget_horizon_retrained,48,1700000945,0,1700000945,3567,-163.72559879596523,-95.9373107241465,0.8280266020199808,0.609375,48.0,0.0,1539.235767224744,72.88509842041576,0.413065453125,0.7881983499999999,1.0,826
azure2019,async,test,full_budget_horizon_retrained,48,1700000945,1,1700100948,2615,-161.4956883429281,-96.2654508317743,0.8516545991050047,0.625,48.0,0.0,1463.0127973258195,61.07249461262724,0.3985897656249999,0.7849782499999999,1.0,826
azure2019,async,test,full_budget_horizon_retrained,48,1700000945,2,1700200951,3775,-237.41287135292703,-151.22899262989336,0.8110618866596182,0.765625,48.0,0.0,2153.2821391563225,79.79481163885666,0.339882953125,0.8014770999999999,1.0,826
azure2019,async,test,full_budget_horizon_retrained,48,1700000945,3,1700300954,3539,-213.371319862826,-134.86046364788757,0.825520394211317,0.75,48.0,0.0,1866.7205168662167,73.35905855081498,0.351047484375,0.8523292499999998,1.0,826
azure2019,async,test,full_budget_horizon_retrained,48,1700000945,4,1700400957,2876,-169.98990583742122,-105.41274426180416,0.8683845152911183,0.703125,48.0,0.0,1393.8961201121992,52.93487619914423,0.3694667031249999,0.8091073499999999,1.0,826
azure2019,http,test,full_budget_horizon_retrained,48,1700000945,0,1701000948,3810,-68.48043005805363,-34.09147423744382,0.9120701207932548,0.46875,48.0,0.0,594.2350028142473,33.176801471977086,0.4808818593749999,0.7912026499999999,1.0,826
azure2019,http,test,full_budget_horizon_retrained,48,1700000945,1,1701100951,1990,6.8445392224334825,13.684770531868764,0.9652783051421818,0.21875,48.0,0.0,154.6583959190207,12.110315269326192,0.557598734375,0.8197521499999999,1.0,826
azure2019,http,test,full_budget_horizon_retrained,48,1700000945,2,1701200954,1533,49.40958554012114,38.139989886750136,0.9860547757244504,0.0,48.0,0.0,47.36698477616053,4.76686917587851,1.363764640625,1.8085975,1.0,826
azure2019,http,test,full_budget_horizon_retrained,48,1700000945,3,1701300957,1822,50.56164273389406,38.886095806031335,0.9853217539609804,0.015625,48.0,0.0,30.79849532952809,5.006515551326986,1.531145015625,1.80637345,1.0,826
azure2019,http,test,full_budget_horizon_retrained,48,1700000945,4,1701400960,3394,-34.79439000787288,-12.920250232654652,0.9538417904843636,0.40625,48.0,0.0,303.54033610475955,16.300315157215852,1.139943453125,1.87525335,1.0,826
azure2019,async,test,full_budget_horizon_retrained,48,1700000946,0,1700000946,839,-82.97266093134488,-45.54280368001884,0.9284296235753798,0.546875,48.0,0.0,601.10699086214,27.226368302062383,0.56983234375,1.7654552499999996,1.0,827
azure2019,async,test,full_budget_horizon_retrained,48,1700000946,1,1700100949,1383,-125.96561245526206,-72.31083211843824,0.8621332175107236,0.578125,48.0,0.0,1094.9284337441777,57.28942824595936,0.43091940625,0.79843955,1.0,827
azure2019,async,test,full_budget_horizon_retrained,48,1700000946,2,1700200952,3333,-166.22019623206717,-96.9034400662221,0.8278622247830647,0.578125,48.0,0.0,1635.896688420742,75.35969469770187,0.42709746875,0.76528455,1.0,827
azure2019,async,test,full_budget_horizon_retrained,48,1700000946,3,1700300955,1668,-45.88493571955903,-18.84622375783323,0.9167768920494004,0.390625,48.0,0.0,471.530596896859,31.378775932854595,0.494606453125,0.7785192999999999,1.0,827
azure2019,async,test,full_budget_horizon_retrained,48,1700000946,4,1700400958,3470,-172.93817875474792,-103.726354637408,0.842964463149974,0.640625,48.0,0.0,1585.1976482414984,67.1776592598132,0.40713896875,0.78408115,1.0,827
azure2019,http,test,full_budget_horizon_retrained,48,1700000946,0,1701000949,477,-25.14859347553231,-5.995004576534348,0.940335497668946,0.34375,48.0,0.0,308.92473647903205,21.9570385939448,0.5236179375000001,0.8040907,1.0,827
azure2019,http,test,full_budget_horizon_retrained,48,1700000946,1,1701100952,3137,56.0748519714667,42.05227560303986,0.9976967912091792,0.0,48.0,0.0,11.472120734046504,0.7425567493998253,0.6046747968749999,0.7953558999999999,1.0,827
azure2019,http,test,full_budget_horizon_retrained,48,1700000946,2,1701200955,279,22.07182039472727,22.841575452181505,0.97624977104752,0.15625,48.0,0.0,98.75513704097406,8.260149629512089,0.58165678125,0.81587905,1.0,827
azure2019,http,test,full_budget_horizon_retrained,48,1700000946,3,1701300958,502,-38.3548030862038,-13.986999702450015,0.923897134881692,0.375,48.0,0.0,419.7237048413685,28.47890866083544,0.5699108281249999,0.88580105,1.0,827
azure2019,http,test,full_budget_horizon_retrained,48,1700000946,4,1701400961,2525,-61.429788250839714,-30.49189754760292,0.9318350848030236,0.484375,48.0,0.0,468.5770620760992,24.970802294368248,0.46393084375,0.8334059999999999,1.0,827
azure2019,async,test,full_budget_horizon_retrained,48,1700000947,0,1700000947,2494,-174.84852475543465,-103.69874644174196,0.8267895382317998,0.59375,48.0,0.0,1696.3181632242934,76.58864669369439,0.4478364999999999,0.8227475999999999,1.0,828
azure2019,async,test,full_budget_horizon_retrained,48,1700000947,1,1700100950,265,-10.983072844067149,2.6856279327784787,0.9633264425368288,0.3125,48.0,0.0,207.53355153527457,12.282509658449143,0.54186453125,0.8494591999999997,1.0,828
azure2019,async,test,full_budget_horizon_retrained,48,1700000947,2,1700200953,3421,-223.046395912836,-138.37283987317252,0.807297826935667,0.703125,48.0,0.0,2100.886951191972,85.88819456801252,0.425276203125,0.77715645,1.0,828
azure2019,async,test,full_budget_horizon_retrained,48,1700000947,3,1700300956,2894,-104.75292647186389,-58.07712429331384,0.8817286496349112,0.546875,48.0,0.0,889.7668765043941,46.68121832882282,0.8861228906249999,1.8246828,1.0,828
azure2019,async,test,full_budget_horizon_retrained,48,1700000947,4,1700400959,310,16.66744896071148,19.63145744034486,0.9605626069034892,0.171875,48.0,0.0,127.77174563488344,13.531309184190356,1.2975823750000002,1.8863725,1.0,828
azure2019,http,test,full_budget_horizon_retrained,48,1700000947,0,1701000950,692,-115.95466823219662,-65.47714730174677,0.8739130712711892,0.5625,48.0,0.0,1004.7556766814934,49.77265546302374,1.036659515625,1.83891145,1.0,828
azure2019,http,test,full_budget_horizon_retrained,48,1700000947,1,1701100953,2239,-31.045545734013444,-9.838031608202218,0.939469811332442,0.359375,48.0,0.0,342.3964564583629,22.050336279106613,1.166579875,1.90392645,1.0,828
azure2019,http,test,full_budget_horizon_retrained,48,1700000947,2,1701200956,4180,-26.426687935486548,-6.993470703373204,0.9480512377337608,0.359375,48.0,0.0,296.51582025225,18.943156498609294,1.1993662343749998,1.84406365,1.0,828
azure2019,http,test,full_budget_horizon_retrained,48,1700000947,3,1701300959,3606,-23.516188141341544,-4.987757021974289,0.942346997487258,0.34375,48.0,0.0,292.7525023374823,20.7869388763363,1.214310609375,1.8976641,1.0,828
azure2019,http,test,full_budget_horizon_retrained,48,1700000947,4,1701400962,1265,-86.43452952162863,-47.22010004390612,0.9149754089236816,0.546875,48.0,0.0,656.3676983889035,31.605871885137844,1.034176015625,1.86231745,1.0,828
azure2019,async,test,full_budget_horizon_retrained,48,1700000948,0,1700000948,3318,-152.7947915089402,-90.31048829062372,0.834658385964688,0.546875,48.0,0.0,1453.731356543837,72.71574971581505,0.4718201875,0.84636665,1.0,829
azure2019,async,test,full_budget_horizon_retrained,48,1700000948,1,1700100951,742,-65.58933587188133,-31.495631258305018,0.8941696096142285,0.390625,48.0,0.0,693.147040026397,42.94826812031509,0.5541719062500001,0.80324335,1.0,829
azure2019,async,test,full_budget_horizon_retrained,48,1700000948,2,1700200954,1693,-15.424644319467737,0.4226886072735334,0.920808416349589,0.25,48.0,0.0,361.01887188719934,31.32674112150448,0.611523890625,0.82491145,1.0,829
azure2019,async,test,full_budget_horizon_retrained,48,1700000948,3,1700300957,3281,-145.51410812842423,-85.91697404256001,0.8463212592349696,0.5625,48.0,0.0,1341.1265323382331,66.62683197846181,0.475952,0.9066456999999996,1.0,829
azure2019,async,test,full_budget_horizon_retrained,48,1700000948,4,1700400960,3117,-33.34093973716926,-13.393552739380386,0.927352992683686,0.296875,48.0,0.0,427.40239386984325,28.79485178239393,0.601043890625,0.86626845,1.0,829
azure2019,http,test,full_budget_horizon_retrained,48,1700000948,0,1701000951,677,-8.371503917146876,3.8319678115282816,0.940371169238368,0.25,48.0,0.0,263.38985577344795,23.339671385074343,0.633300859375,0.89146525,1.0,829
azure2019,http,test,full_budget_horizon_retrained,48,1700000948,1,1701100954,830,-117.15187661472974,-67.44866436944795,0.8689932976508421,0.515625,48.0,0.0,1057.9640970773407,54.84453553535762,0.4935994218749999,0.8758751499999997,1.0,829
azure2019,http,test,full_budget_horizon_retrained,48,1700000948,2,1701200957,4093,5.06030890002285,11.886290581779484,0.9523365521496674,0.203125,48.0,0.0,198.25780003316063,18.2706866814418,0.656478828125,0.9318652999999998,1.0,829
azure2019,http,test,full_budget_horizon_retrained,48,1700000948,3,1701300960,2064,41.194224100567126,33.894482556145974,0.9821160904093862,0.0625,48.0,0.0,52.968710658585145,6.181638391118458,0.676409703125,0.95193515,1.0,829
azure2019,http,test,full_budget_horizon_retrained,48,1700000948,4,1701400963,1802,50.22310029294832,38.885443399908624,0.9834887674709571,0.015625,48.0,0.0,34.2118504861358,5.525733706515865,0.6594341875,0.8700413499999999,1.0,829
azure2019,async,test,full_budget_horizon_retrained,72,1700000939,0,1700000939,470,57.749981401071054,42.79516915949786,1.0,0.0,49.0,0.0,4.671001886082018,0.0,0.7652824062500001,0.8173570499999999,1.0,820
azure2019,async,test,full_budget_horizon_retrained,72,1700000939,1,1700100942,521,57.7276985664912,42.77867298961535,1.0,0.0,61.0,0.0,4.996882773691232,0.0,0.7600140625,0.8751658999999997,1.0,820
azure2019,async,test,full_budget_horizon_retrained,72,1700000939,2,1700200945,1293,-59.42132795809512,-26.232496306015943,0.8825029070484314,0.375,72.0,0.0,686.9137398141801,52.00327130159362,0.549655734375,0.7750325,1.0,820
azure2019,async,test,full_budget_horizon_retrained,72,1700000939,3,1700300948,4068,7.099428464661845,13.624127323292653,0.951293897067534,0.203125,72.0,0.0,187.05083411318748,20.011273451841365,0.61637653125,0.77564625,1.0,820
azure2019,async,test,full_budget_horizon_retrained,72,1700000939,4,1700400951,1537,56.89887346243018,42.21567308589218,1.0,0.0,72.0,0.0,9.578864315541772,0.0,0.74602596875,0.78587265,1.0,820
azure2019,http,test,full_budget_horizon_retrained,72,1700000939,0,1701000942,3740,58.11790045033399,43.07624165622231,1.0,0.0,66.0,0.0,3.347339745215118,0.0,0.795618921875,0.9326490999999996,1.0,820
azure2019,http,test,full_budget_horizon_retrained,72,1700000939,1,1701100945,306,57.94110067055949,42.99073572668085,1.0,0.0,52.0,0.0,3.603716898051101,0.0,0.7842173593749999,0.9259280499999998,1.0,820
azure2019,http,test,full_budget_horizon_retrained,72,1700000939,2,1701200948,1221,57.31239801940899,42.38306053159046,0.9999999999999996,0.0,65.0,0.0,6.9709946046083004,0.0,0.7765314218749999,0.83073635,1.0,820
azure2019,http,test,full_budget_horizon_retrained,72,1700000939,3,1701300951,1135,54.11544619198004,40.33725591437257,0.9920621179323944,0.0,72.0,0.0,21.78487557933301,3.123127931667661,0.761077609375,0.8557373499999998,1.0,820
azure2019,http,test,full_budget_horizon_retrained,72,1700000939,4,1701400954,1168,54.72651403303718,40.54660687168308,0.9964938215645208,0.0,72.0,0.0,18.71355300930705,1.3736793247244412,0.99222909375,1.77171425,1.0,820
azure2019,async,test,full_budget_horizon_retrained,72,1700000940,0,1700000940,3860,-19.05282295240586,-1.584685740008922,0.9158651088465576,0.265625,72.0,0.0,391.68747271056986,35.958331262048944,1.37568665625,1.7894897,1.0,821
azure2019,async,test,full_budget_horizon_retrained,72,1700000940,1,1700100943,14,58.06578764334026,43.08677815379071,1.0,0.0,24.0,0.0,3.1491886475656816,0.0,0.863270703125,1.68145935,1.0,821
azure2019,async,test,full_budget_horizon_retrained,72,1700000940,2,1700200946,2751,54.803847376200025,41.01709358855846,0.9903613437756849,0.0,72.0,0.0,19.249604525835892,3.785782907928283,0.749662203125,0.87906115,1.0,821
azure2019,async,test,full_budget_horizon_retrained,72,1700000940,3,1700300949,1113,-121.32722853825958,-65.6202316478862,0.8432241199370722,0.46875,72.0,0.0,1285.2990018880478,73.67496001583034,0.7763567656250001,1.7104385,1.0,821
azure2019,async,test,full_budget_horizon_retrained,72,1700000940,4,1700400952,1102,-111.13032863190934,-58.46524172026714,0.8403172698139674,0.4375,72.0,0.0,1218.7642164894696,75.4474547701414,1.1272460781249998,1.6946954,1.0,821
azure2019,http,test,full_budget_horizon_retrained,72,1700000940,0,1701000943,886,1.5913380606440355,10.52383442215716,0.9445012215193004,0.21875,72.0,0.0,224.80381803121963,23.105544498089028,0.72192128125,1.6693336,1.0,821
azure2019,http,test,full_budget_horizon_retrained,72,1700000940,1,1701100946,3676,58.78188987266004,43.57715965214139,1.0,0.0,65.0,0.0,0.4281521657581209,0.0,1.0395795312499998,1.80934135,1.0,821
azure2019,http,test,full_budget_horizon_retrained,72,1700000940,2,1701200949,840,-8.674250919172493,4.51023889901842,0.9286357416496698,0.25,72.0,0.0,294.62037204602336,30.098606507304773,1.3619461562500002,1.7509408,1.0,821
azure2019,http,test,full_budget_horizon_retrained,72,1700000940,3,1701300952,3544,57.66519689330377,42.805774834873766,1.0,0.0,49.0,0.0,4.667282720240039,0.0,1.7034224375,1.7696716,1.0,821
azure2019,http,test,full_budget_horizon_retrained,72,1700000940,4,1701400955,4127,56.02399315099972,41.43610975001235,1.0,0.0,69.0,0.0,12.857971826563452,0.0,1.431794359375,1.7961047,1.0,821
azure2019,async,test,full_budget_horizon_retrained,72,1700000941,0,1700000941,3252,-38.77418139121893,-13.307000485223668,0.8981820040171168,0.328125,72.0,0.0,522.7399145559501,43.51707882416876,0.641528046875,1.69557485,1.0,822
azure2019,async,test,full_budget_horizon_retrained,72,1700000941,1,1700100944,98,58.808883558551415,43.600320777122754,1.0,0.0,47.0,0.0,0.285894313962113,0.0,1.095964375,1.8094989,1.0,822
azure2019,async,test,full_budget_horizon_retrained,72,1700000941,2,1700200947,540,58.44197757673281,43.28258674865115,1.0,0.0,71.0,0.0,2.0179333577880554,0.0,0.788435640625,0.9032979,1.0,822
azure2019,async,test,full_budget_horizon_retrained,72,1700000941,3,1700300950,297,58.69297651696114,43.522411133438325,0.9999999999999998,0.0,61.0,0.0,0.7311875124868878,0.0,0.798922328125,0.9271154,1.0,822
azure2019,async,test,full_budget_horizon_retrained,72,1700000941,4,1700400953,1207,-65.69040413834122,-30.71088549450335,0.8814720979731925,0.390625,72.0,0.0,723.3023838489585,52.44341101527248,0.556372546875,0.8315591499999999,1.0,822
azure2019,http,test,full_budget_horizon_retrained,72,1700000941,0,1701000944,3466,58.88,43.64512314764825,1.0,0.0,65.0,0.0,0.0,0.0,0.789053046875,0.82901405,1.0,822
azure2019,http,test,full_budget_horizon_retrained,72,1700000941,1,1701100947,1364,58.82960821188098,43.616706956771765,1.0,0.0,64.0,0.0,0.1903995374307179,0.0,0.810049875,0.92379735,1.0,822
azure2019,http,test,full_budget_horizon_retrained,72,1700000941,2,1701200950,744,2.8640460909316645,11.650429753649206,0.939748916362786,0.21875,72.0,0.0,223.3407357953538,24.66085721355036,0.657754140625,0.8915082999999999,1.0,822
azure2019,http,test,full_budget_horizon_retrained,72,1700000941,3,1701300953,4141,57.38429265862656,42.57332602310488,0.9959246103981536,0.0,72.0,0.0,6.566357241251252,1.548116815014854,0.7670432812500001,0.8260284,1.0,822
azure2019,http,test,full_budget_horizon_retrained,72,1700000941,4,1701400956,246,58.88,43.64512314764825,1.0,0.0,65.0,0.0,0.0,0.0,1.156595125,1.75665695,1.0,822
azure2019,async,test,full_budget_horizon_retrained,72,1700000942,0,1700000942,1105,-119.9390799805772,-64.01098802866977,0.836798130280329,0.453125,72.0,0.0,1307.5736952746734,77.03506567230609,0.54009234375,0.87851145,1.0,823
azure2019,async,test,full_budget_horizon_retrained,72,1700000942,1,1700100945,4107,-1.5223902519575043,9.026387612978754,0.9386706638335458,0.234375,72.0,0.0,243.179073967423,24.95534410578665,0.62979815625,0.8239482499999999,1.0,823
azure2019,async,test,full_budget_horizon_retrained,72,1700000942,2,1700200948,3663,-88.97313487111944,-45.00176394142862,0.8614814130643121,0.4375,72.0,0.0,939.7517479258332,61.94002520876544,0.930947328125,1.7872278,1.0,823
azure2019,async,test,full_budget_horizon_retrained,72,1700000942,3,1700300951,2057,-26.87861355241576,-6.0739811223515705,0.9126872912860988,0.296875,72.0,0.0,436.8199708203171,36.28580858418623,0.611117265625,0.88811125,1.0,823
azure2019,async,test,full_budget_horizon_retrained,72,1700000942,4,1700400954,3377,-70.63270800422424,-32.83929580488608,0.8681068249975179,0.390625,72.0,0.0,808.6367252251689,58.19594153638894,0.57493775,0.9071432499999998,1.0,823
azure2019,http,test,full_budget_horizon_retrained,72,1700000942,0,1701000945,3725,58.385671843620784,43.27342504562745,1.0,0.0,66.0,0.0,2.1623879945533373,0.0,0.783375484375,0.8744197,1.0,823
azure2019,http,test,full_budget_horizon_retrained,72,1700000942,1,1701100948,3563,58.775749628206064,43.55151980504221,1.0,0.0,63.0,0.0,0.3942809656053052,0.0,0.792860671875,0.9071935999999998,1.0,823
azure2019,http,test,full_budget_horizon_retrained,72,1700000942,2,1701200951,3471,58.77170086609365,43.54184757069038,1.0,0.0,63.0,0.0,0.4101168372727093,0.0,0.7785924843750001,0.8552956999999998,1.0,823
azure2019,http,test,full_budget_horizon_retrained,72,1700000942,3,1701300954,99,58.81206469385773,43.5855226877493,1.0,0.0,64.0,0.0,0.2730006445335835,0.0,1.003082859375,1.72649765,1.0,823
azure2019,http,test,full_budget_horizon_retrained,72,1700000942,4,1701400957,3322,58.88,43.64512314764825,1.0,0.0,65.0,0.0,0.0,0.0,0.7676517656249999,0.7970502,1.0,823
azure2019,async,test,full_budget_horizon_retrained,72,1700000943,0,1700000943,3767,-44.843374548426375,-17.5859025588412,0.905596893222877,0.359375,72.0,0.0,528.3057377895756,40.03039382920568,0.5765753906250001,0.9429285999999998,1.0,824
azure2019,async,test,full_budget_horizon_retrained,72,1700000943,1,1700100946,2977,56.49806213399716,42.15140294495845,0.9925431649222756,0.0,72.0,0.0,11.128647751087158,2.898278435909864,0.7246754843750001,0.79261945,1.0,824
azure2019,async,test,full_budget_horizon_retrained,72,1700000943,2,1700200949,2810,33.85434428906457,29.70737937004917,0.9729734385036288,0.109375,72.0,0.0,69.29720659404927,10.676284589388503,0.937072515625,1.82187125,1.0,824
azure2019,async,test,full_budget_horizon_retrained,72,1700000943,3,1700300952,1223,-75.85058302302811,-36.395112730401365,0.8705140553340305,0.40625,72.0,0.0,840.3957261404161,56.89576381957843,1.246318921875,1.80556215,1.0,824
azure2019,async,test,full_budget_horizon_retrained,72,1700000943,4,1700400955,2144,-35.46267976374948,-11.912862741955992,0.9187340489160865,0.34375,72.0,0.0,443.6928944858158,34.1830375689881,1.2690466875,1.82048785,1.0,824
azure2019,http,test,full_budget_horizon_retrained,72,1700000943,0,1701000946,3911,58.580722128913706,43.42851345362071,1.0,0.0,69.0,0.0,1.3107599426638252,0.0,1.685398625,1.73630815,1.0,824
azure2019,http,test,full_budget_horizon_retrained,72,1700000943,1,1701100949,3508,58.73134666237955,43.53025140469221,1.0,0.0,61.0,0.0,0.5853791934564629,0.0,1.665468625,1.7063838,1.0,824
azure2019,http,test,full_budget_horizon_retrained,72,1700000943,2,1701200952,433,58.88,43.64512314764825,1.0,0.0,65.0,0.0,0.0,0.0,1.70072584375,1.7632092499999998,1.0,824
azure2019,http,test,full_budget_horizon_retrained,72,1700000943,3,1701300955,1756,58.015588757032376,42.935300141814125,1.0,0.0,34.0,0.0,3.256526108372298,0.0,1.706906515625,1.7636727,1.0,824
azure2019,http,test,full_budget_horizon_retrained,72,1700000943,4,1701400958,2871,58.47737177035802,43.28892679911414,1.0,0.0,54.0,0.0,1.520189206292062,0.0,1.6781044375,1.719602,1.0,824
azure2019,async,test,full_budget_horizon_retrained,72,1700000944,0,1700000944,2581,-60.6402983606677,-27.64715989594731,0.8962434081935393,0.40625,72.0,0.0,635.2838637506106,44.21531083674041,0.570123421875,1.0097588499999997,1.0,825
azure2019,async,test,full_budget_horizon_retrained,72,1700000944,1,1700100947,1541,57.59411689728845,42.80614495113291,0.9960938995412856,0.0,72.0,0.0,5.786245966148709,1.4822963731763703,0.7955831875,1.1614173,1.0,825
azure2019,async,test,full_budget_horizon_retrained,72,1700000944,2,1700200950,154,58.8133511996012,43.59577933836299,1.0,0.0,19.0,0.0,0.2798867430193805,0.0,0.82542659375,1.1313157,1.0,825
azure2019,async,test,full_budget_horizon_retrained,72,1700000944,3,1700300953,818,33.57252385046939,29.49566069766848,0.975165070402323,0.109375,72.0,0.0,68.24977780119937,9.736660002849764,0.83472796875,1.68761185,1.0,825
azure2019,async,test,full_budget_horizon_retrained,72,1700000944,4,1700400956,1338,-70.52872623129804,-33.50807656813487,0.8864420807503393,0.40625,72.0,0.0,761.044689488783,49.776462011595854,0.8866976562500001,1.7339828,1.0,825
azure2019,http,test,full_budget_horizon_retrained,72,1700000944,0,1701000947,988,-60.07665107065033,-27.25051532837665,0.9020479124440292,0.40625,72.0,0.0,632.8232351521649,41.494325984968114,0.5890554218749999,0.9803326499999998,1.0,825
azure2019,http,test,full_budget_horizon_retrained,72,1700000944,1,1701100950,744,-6.51010265264001,6.086423080949658,0.9319593398709664,0.25,72.0,0.0,278.2044138931045,27.849142336776666,0.6840738281250001,1.00435555,1.0,825
azure2019,http,test,full_budget_horizon_retrained,72,1700000944,2,1701200953,2202,58.75735960113021,43.56119340587775,1.0,0.0,65.0,0.0,0.5332658904205925,0.0,1.142125625,1.2251687,1.0,825
azure2019,http,test,full_budget_horizon_retrained,72,1700000944,3,1701300956,888,-47.529661215931,-19.371840857309667,0.9111617734172984,0.375,72.0,0.0,531.9689357338873,36.92487771148221,0.57708915625,1.1272082499999994,1.0,825
azure2019,http,test,full_budget_horizon_retrained,72,1700000944,4,1701400959,3256,58.85089419821772,43.623260353018935,1.0,0.0,56.0,0.0,0.1078334477780345,0.0,0.810158765625,0.9492374,1.0,825
azure2019,async,test,full_budget_horizon_retrained,72,1700000945,0,1700000945,3567,-107.50473613494198,-57.3339158541251,0.8564411645130053,0.484375,72.0,0.0,1081.9341340660976,60.842548769115865,1.0125104531249998,1.7639276999999998,1.0,826
azure2019,async,test,full_budget_horizon_retrained,72,1700000945,1,1700100948,2615,-72.66324279434309,-35.973092477346384,0.9020909390426104,0.453125,72.0,0.0,689.5457740254276,40.30829780884221,1.1459816875,1.94352665,1.0,826
azure2019,async,test,full_budget_horizon_retrained,72,1700000945,2,1700200951,3775,-156.17017373284182,-92.40211219131714,0.8486901774784158,0.625,72.0,0.0,1395.3260704873985,63.90314041861524,1.011008359375,1.95081365,1.0,826
azure2019,async,test,full_budget_horizon_retrained,72,1700000945,3,1700300954,3539,-147.82337682969626,-87.20822483253568,0.8545557109663384,0.625,72.0,0.0,1287.7028192908774,61.15130801031468,0.938004171875,1.8597251,1.0,826
azure2019,async,test,full_budget_horizon_retrained,72,1700000945,4,1700400957,2876,-112.569336944825,-64.14646742814936,0.8942125964253811,0.578125,72.0,0.0,924.0201640568908,42.54699303837664,0.989004796875,2.02009875,1.0,826
azure2019,http,test,full_budget_horizon_retrained,72,1700000945,0,1701000948,3810,18.256188783297503,20.77974798423064,0.9596325684134578,0.171875,72.0,0.0,129.08063841876128,15.231025855629646,1.48206853125,1.87712615,1.0,826
azure2019,http,test,full_budget_horizon_retrained,72,1700000945,1,1701100951,1990,36.10341781497881,31.0806988495708,0.9777931556561598,0.09375,72.0,0.0,62.53613345568706,7.745355958054715,1.52982059375,1.88225275,1.0,826
azure2019,http,test,full_budget_horizon_retrained,72,1700000945,2,1701200954,1533,56.779196889772834,42.46566127586728,0.9948880351057556,0.0,72.0,0.0,9.055797960203364,1.7474131215854305,1.732358421875,2.04507625,1.0,826
azure2019,http,test,full_budget_horizon_retrained,72,1700000945,3,1701300957,1822,58.685192705332014,43.51101106000655,1.0,0.0,66.0,0.0,0.7690964262785691,0.0,1.825831359375,1.94127335,1.0,826
azure2019,http,test,full_budget_horizon_retrained,72,1700000945,4,1701400960,3394,56.8719998349702,42.52128810832603,0.9934531918485566,0.0,72.0,0.0,9.017219353254056,2.3119405467017904,0.982998140625,1.8125952,1.0,826
azure2019,async,test,full_budget_horizon_retrained,72,1700000946,0,1700000946,839,52.58293554725448,40.16438095218149,0.9858599954977704,0.015625,72.0,0.0,21.87016017289012,5.379054709541688,0.848652078125,1.346294249999998,1.0,827
azure2019,async,test,full_budget_horizon_retrained,72,1700000946,1,1700100949,1383,-35.397746057548446,-11.752575350082935,0.9080637093217242,0.34375,72.0,0.0,444.0843116397769,38.2033832436934,0.617444484375,0.93016815,1.0,827
azure2019,async,test,full_budget_horizon_retrained,72,1700000946,2,1700200952,3333,-88.79837805836414,-45.38598229839971,0.8751648011460217,0.453125,72.0,0.0,905.252048737402,54.65123771529476,0.5337628125,0.8284313499999999,1.0,827
azure2019,async,test,full_budget_horizon_retrained,72,1700000946,3,1700300955,1668,57.29741178372888,42.78499550808615,0.9913887834591826,0.0,72.0,0.0,7.607874193866995,3.246807779685339,0.731479734375,0.78534775,1.0,827
azure2019,async,test,full_budget_horizon_retrained,72,1700000946,4,1700400958,3470,-66.0618768800912,-31.249708695186207,0.900791332510368,0.421875,72.0,0.0,669.9791581403732,42.44011383616625,0.532214609375,0.8767546499999996,1.0,827
azure2019,http,test,full_budget_horizon_retrained,72,1700000946,0,1701000949,477,58.87681996249528,43.64262466169384,1.0,0.0,66.0,0.0,0.013650865869927,0.0,0.768589546875,0.8310395,1.0,827
azure2019,http,test,full_budget_horizon_retrained,72,1700000946,1,1701100952,3137,58.7704411561009,43.56958161558487,1.0000000000000002,0.0,21.0,0.0,0.4064783100618152,0.0,0.7835531093749999,0.8865275,1.0,827
azure2019,http,test,full_budget_horizon_retrained,72,1700000946,2,1701200955,279,58.847541797587695,43.62606898895666,1.0,0.0,64.0,0.0,0.1214492961977793,0.0,0.7625917656250001,0.8250352999999999,1.0,827
azure2019,http,test,full_budget_horizon_retrained,72,1700000946,3,1701300958,502,58.6980663842591,43.53773010397072,1.0,0.0,70.0,0.0,0.7924022258690462,0.0,0.7635163593750001,0.7957512,1.0,827
azure2019,http,test,full_budget_horizon_retrained,72,1700000946,4,1701400961,2525,58.82811052727614,43.59504615292401,1.0,0.0,67.0,0.0,0.2248176840777205,0.0,0.76456540625,0.78598775,1.0,827
azure2019,async,test,full_budget_horizon_retrained,72,1700000947,0,1700000947,2494,-69.78783350048391,-36.47661476991586,0.8987103899752201,0.375,72.0,0.0,719.2431428871789,44.78733026133054,1.1505543125,1.71040815,1.0,828
azure2019,async,test,full_budget_horizon_retrained,72,1700000947,1,1700100950,265,58.29931719397128,43.27040588188531,1.0,0.0,38.0,0.0,2.4977343871433275,0.0,0.7637923437499999,0.81907485,1.0,828
azure2019,async,test,full_budget_horizon_retrained,72,1700000947,2,1700200953,3421,-72.85642860804828,-35.73239794091056,0.8855631459645227,0.40625,72.0,0.0,774.284152939385,51.00500232485194,0.686690125,0.86086385,1.0,828
azure2019,async,test,full_budget_horizon_retrained,72,1700000947,3,1700300956,2894,33.069568726471324,24.8533885588242,0.9845772494515262,0.03125,72.0,0.0,121.8018031208725,6.087296571501668,0.797492796875,1.1251223999999995,1.0,828
azure2019,async,test,full_budget_horizon_retrained,72,1700000947,4,1700400959,310,58.45596642887522,43.31292893843267,1.0,0.0,55.0,0.0,1.7168346871212767,0.0,0.796072171875,0.96757825,1.0,828
azure2019,http,test,full_budget_horizon_retrained,72,1700000947,0,1701000950,692,40.28235056998865,31.949727004992678,0.9783492488602896,0.046875,72.0,0.0,68.24708844410422,8.546606597978325,0.7181229375,0.8109982,1.0,828
azure2019,http,test,full_budget_horizon_retrained,72,1700000947,1,1701100953,2239,58.54513736876751,43.40957597351533,1.0,0.0,65.0,0.0,1.5055861873126082,0.0,0.7721920468750001,0.8424997499999999,1.0,828
azure2019,http,test,full_budget_horizon_retrained,72,1700000947,2,1701200956,4180,58.41490224107338,43.27801983313792,1.0,0.0,64.0,0.0,2.103700222722937,0.0,0.76876409375,0.8131691,1.0,828
azure2019,http,test,full_budget_horizon_retrained,72,1700000947,3,1701300959,3606,58.88,43.64512314764825,1.0,0.0,66.0,0.0,0.0,0.0,0.7871951406250001,0.8508083499999999,1.0,828
azure2019,http,test,full_budget_horizon_retrained,72,1700000947,4,1701400962,1265,58.74998098810289,43.52975696973402,1.0,0.0,65.0,0.0,0.563081684263782,0.0,0.7841426875,0.82245685,1.0,828
azure2019,async,test,full_budget_horizon_retrained,72,1700000948,0,1700000948,3318,-174.1222177498823,-102.3579172910076,0.8174892341142219,0.609375,72.0,0.0,1677.7225700327397,80.266587755443,0.4432648437499999,0.8607510499999999,1.0,829
azure2019,async,test,full_budget_horizon_retrained,72,1700000948,1,1700100951,742,-60.09990948678987,-26.971406986085636,0.893920440310291,0.390625,72.0,0.0,666.221442506733,43.04938642890164,0.575477546875,0.9183723,1.0,829
azure2019,async,test,full_budget_horizon_retrained,72,1700000948,2,1700200954,1693,-30.584010470295645,-8.343661053209459,0.9081951061538902,0.3125,72.0,0.0,451.8750021810964,36.3163357851268,1.2437389375,1.9142782,1.0,829
azure2019,async,test,full_budget_horizon_retrained,72,1700000948,3,1700300957,3281,-160.89339967788067,-93.99271092370942,0.831402384290594,0.59375,72.0,0.0,1533.7556979178496,73.09485331490924,0.9710568750000002,1.74089095,1.0,829
azure2019,async,test,full_budget_horizon_retrained,72,1700000948,4,1700400960,3117,-26.08515745544068,-5.828006855750319,0.9224017390317756,0.3125,72.0,0.0,394.9576912386111,30.757363664308457,1.033151671875,1.71267395,1.0,829
azure2019,http,test,full_budget_horizon_retrained,72,1700000948,0,1701000951,677,-18.44955563377175,-1.2284432705460937,0.9287464207884916,0.296875,72.0,0.0,332.01753170221014,27.88978255258769,0.58679321875,0.81535745,1.0,829
azure2019,http,test,full_budget_horizon_retrained,72,1700000948,1,1701100954,830,-131.09171877008396,-74.50698540766945,0.8553017009899693,0.5625,72.0,0.0,1206.1876674767589,60.57637403016771,0.429334046875,0.7498843,1.0,829
azure2019,http,test,full_budget_horizon_retrained,72,1700000948,2,1701200957,4093,5.772655317070873,13.425744279345873,0.9502374866829434,0.21875,72.0,0.0,191.70442112370543,19.075315158734817,0.6658291406250001,1.1068314999999993,1.0,829
azure2019,http,test,full_budget_horizon_retrained,72,1700000948,3,1701300960,2064,41.15276131190534,33.855051856687496,0.9821160904093862,0.0625,72.0,0.0,53.12461367557281,6.181638391118458,1.40121609375,1.84130615,1.0,829
azure2019,http,test,full_budget_horizon_retrained,72,1700000948,4,1701400963,1802,53.95722905043645,40.7951784661669,0.986113172039866,0.0,72.0,0.0,24.17575259720204,4.647437022095435,1.565753296875,1.85392265,1.0,829
azure2019,async,test,full_budget_horizon_retrained,96,1700000939,0,1700000939,470,57.752150498843626,42.79765852517779,1.0,0.0,49.0,0.0,4.6648267915667,0.0,1.7894965156249998,1.88763875,1.0,820
azure2019,async,test,full_budget_horizon_retrained,96,1700000939,1,1700100942,521,57.7276985664912,42.77867298961535,1.0,0.0,61.0,0.0,4.996882773691232,0.0,1.822448078125,1.9862922,1.0,820
azure2019,async,test,full_budget_horizon_retrained,96,1700000939,2,1700200945,1293,10.512812086980883,16.362472182867005,0.9342628066377392,0.171875,96.0,0.0,221.57370878458548,29.094754730928244,1.586768125,1.9450522,1.0,820
azure2019,async,test,full_budget_horizon_retrained,96,1700000939,3,1700300948,4068,55.05361383432621,40.72607684873411,1.0,0.0,95.0,0.0,18.35357732404688,0.0,1.83124875,1.94783665,1.0,820
azure2019,async,test,full_budget_horizon_retrained,96,1700000939,4,1700400951,1537,56.89887346243018,42.21567308589218,1.0,0.0,72.0,0.0,9.578864315541772,0.0,1.855696,1.94587875,1.0,820
azure2019,http,test,full_budget_horizon_retrained,96,1700000939,0,1701000942,3740,58.11790045033399,43.07624165622231,1.0,0.0,66.0,0.0,3.347339745215118,0.0,1.869249140625,1.94159325,1.0,820
azure2019,http,test,full_budget_horizon_retrained,96,1700000939,1,1701100945,306,58.21814424532813,43.16726267474181,1.0,0.0,55.0,0.0,2.5268159270208423,0.0,1.86829040625,1.93950775,1.0,820
azure2019,http,test,full_budget_horizon_retrained,96,1700000939,2,1701200948,1221,57.31239801940899,42.38306053159046,0.9999999999999996,0.0,65.0,0.0,6.9709946046083004,0.0,1.69336434375,1.8871937,1.0,820
azure2019,http,test,full_budget_horizon_retrained,96,1700000939,3,1701300951,1135,55.35641368599049,41.04784936567309,1.0,0.0,76.0,0.0,15.82870464765044,0.0,0.8307054843749999,0.98720465,1.0,820
azure2019,http,test,full_budget_horizon_retrained,96,1700000939,4,1701400954,1168,55.04094270310343,40.71353879548526,1.0,0.0,74.0,0.0,17.33987368458261,0.0,0.80406228125,0.9918723999999997,1.0,820
azure2019,async,test,full_budget_horizon_retrained,96,1700000940,0,1700000940,3860,45.93646450075701,34.5539741066755,0.9849201259995286,0.015625,96.0,0.0,56.80896109998392,6.444973033957822,0.7304461250000001,0.7884734,1.0,821
azure2019,async,test,full_budget_horizon_retrained,96,1700000940,1,1700100943,14,56.54530660081258,41.84155891812569,1.0000000000000002,0.0,17.0,0.0,9.12548350262383,0.0,1.4447242500000002,1.75663505,1.0,821
azure2019,async,test,full_budget_horizon_retrained,96,1700000940,2,1700200946,2751,53.42458018847007,39.686179125389565,1.0,0.0,74.0,0.0,25.51787769716787,0.0,0.79529909375,0.9424673999999996,1.0,821
azure2019,async,test,full_budget_horizon_retrained,96,1700000940,3,1700300949,1113,-32.92073448064916,-10.180568102361445,0.9078641213963508,0.296875,96.0,0.0,492.778827157674,43.29816021075824,0.598331453125,0.79471785,1.0,821
azure2019,async,test,full_budget_horizon_retrained,96,1700000940,4,1700400952,1102,-35.34555831020718,-11.616998595747532,0.8994999426909402,0.28125,96.0,0.0,547.7009525457033,47.4846185269266,0.906536703125,1.9572227,1.0,821
azure2019,http,test,full_budget_horizon_retrained,96,1700000940,0,1701000943,886,51.51622754242477,37.97783043191259,1.0,0.0,92.0,0.0,35.41075704934157,0.0,1.1356295,1.85119795,1.0,821
azure2019,http,test,full_budget_horizon_retrained,96,1700000940,1,1701100946,3676,57.08634437480857,42.50596708191871,1.0,0.0,60.0,0.0,7.698353037061866,0.0,0.7640633125,0.80817725,1.0,821
azure2019,http,test,full_budget_horizon_retrained,96,1700000940,2,1701200949,840,50.50766877492392,37.002004664926034,1.0,0.0,96.0,0.0,41.24410470445635,0.0,0.9232904375,1.7836365,1.0,821
azure2019,http,test,full_budget_horizon_retrained,96,1700000940,3,1701300952,3544,55.76526132116058,41.3797168447464,1.0,0.0,36.0,0.0,12.236423053973924,0.0,0.77616125,0.8544731499999999,1.0,821
azure2019,http,test,full_budget_horizon_retrained,96,1700000940,4,1701400955,4127,54.4462222375826,40.479749320588496,1.0,0.0,65.0,0.0,20.012206193079905,0.0,0.7993473281249999,0.85486785,1.0,821
azure2019,async,test,full_budget_horizon_retrained,96,1700000941,0,1700000941,3252,43.34966854877517,34.60849957351561,0.977041035653432,0.046875,96.0,0.0,54.83545597084648,9.812676546480503,0.73958665625,0.8640755,1.0,822
azure2019,async,test,full_budget_horizon_retrained,96,1700000941,1,1700100944,98,58.71022721953676,43.53210274471533,1.0000000000000002,0.0,38.0,0.0,0.6922896223283015,0.0,0.82420715625,0.9035196,1.0,822
azure2019,async,test,full_budget_horizon_retrained,96,1700000941,2,1700200947,540,58.09295229211015,43.09141557519604,1.0,0.0,70.0,0.0,3.5528816823215523,0.0,0.8004002187499999,0.9614803499999997,1.0,822
azure2019,async,test,full_budget_horizon_retrained,96,1700000941,3,1700300950,297,58.231225598099655,43.20024702991,1.0000000000000002,0.0,49.0,0.0,2.5686109038259106,0.0,0.761456859375,0.7928964,1.0,822
azure2019,async,test,full_budget_horizon_retrained,96,1700000941,4,1700400953,1207,24.345317444920973,23.608843649161336,0.9531601241046984,0.125,96.0,0.0,130.95280780054878,20.72459582492296,0.6989881874999999,0.8511554499999999,1.0,822
azure2019,http,test,full_budget_horizon_retrained,96,1700000941,0,1701000944,3466,58.68639384759733,43.535122879269295,1.0,0.0,62.0,0.0,0.7376892630656666,0.0,1.045803625,1.7217629,1.0,822
azure2019,http,test,full_budget_horizon_retrained,96,1700000941,1,1701100947,1364,58.43819714002085,43.39135660253414,1.0,0.0,58.0,0.0,1.6829674046738967,0.0,1.40008634375,1.7203722,1.0,822
azure2019,http,test,full_budget_horizon_retrained,96,1700000941,2,1701200950,744,54.17812003416279,40.2390396237075,1.0,0.0,89.0,0.0,21.72586042324541,0.0,1.710213109375,1.79174965,1.0,822
azure2019,http,test,full_budget_horizon_retrained,96,1700000941,3,1701300953,4141,57.54759527757019,42.50874068833061,1.0,0.0,71.0,0.0,5.950399639113516,0.0,1.1362571875,1.75959145,1.0,822
azure2019,http,test,full_budget_horizon_retrained,96,1700000941,4,1701400956,246,58.77304167588712,43.579727536420805,1.0,0.0,63.0,0.0,0.4048096802814713,0.0,0.9103790625,1.3014187999999995,1.0,822
azure2019,async,test,full_budget_horizon_retrained,96,1700000942,0,1700000942,1105,-52.61298964692442,-21.48978361061652,0.8845984018700914,0.328125,96.0,0.0,699.4980392712137,54.472229429091286,0.60570603125,0.8678000999999999,1.0,823
azure2019,async,test,full_budget_horizon_retrained,96,1700000942,1,1700100945,4107,46.10241185080977,36.4980445062568,0.9758210241607946,0.046875,96.0,0.0,39.89752955165719,9.838597642002789,0.7272945,0.8879533999999999,1.0,823
azure2019,async,test,full_budget_horizon_retrained,96,1700000942,2,1700200948,3663,-11.754147236488803,3.280898741039789,0.9158119979780308,0.25,96.0,0.0,349.5651249823054,37.64553972772938,0.63641778125,0.8674257999999998,1.0,823
azure2019,async,test,full_budget_horizon_retrained,96,1700000942,3,1700300951,2057,29.59524192378964,27.317664155711345,0.9644924436641192,0.125,96.0,0.0,91.46281285120789,14.756390123203737,0.67952940625,0.8279282,1.0,823
azure2019,async,test,full_budget_horizon_retrained,96,1700000942,4,1700400954,3377,-2.493460066879008,8.989679564534104,0.9219526971176256,0.21875,96.0,0.0,303.8205329294749,34.43723509976937,0.6410351406250001,0.82501485,1.0,823
azure2019,http,test,full_budget_horizon_retrained,96,1700000942,0,1701000945,3725,58.54105606721475,43.39217241659868,1.0,0.0,67.0,0.0,1.4749577534679157,0.0,0.793205015625,0.90217765,1.0,823
azure2019,http,test,full_budget_horizon_retrained,96,1700000942,1,1701100948,3563,58.775749628206064,43.55151980504221,1.0,0.0,63.0,0.0,0.3942809656053052,0.0,0.859484953125,1.0523794,1.0,823
azure2019,http,test,full_budget_horizon_retrained,96,1700000942,2,1701200951,3471,58.76417008222288,43.53550871645335,1.0,0.0,63.0,0.0,0.4808785599081213,0.0,0.8304755156250001,1.1223764999999994,1.0,823
azure2019,http,test,full_budget_horizon_retrained,96,1700000942,3,1701300954,99,58.81206469385773,43.5855226877493,1.0,0.0,64.0,0.0,0.2730006445335835,0.0,0.7986706406249999,0.9118457499999998,1.0,823
azure2019,http,test,full_budget_horizon_retrained,96,1700000942,4,1701400957,3322,58.88,43.64512314764825,1.0,0.0,65.0,0.0,0.0,0.0,0.7884539374999999,0.8819993499999998,1.0,823
azure2019,async,test,full_budget_horizon_retrained,96,1700000943,0,1700000943,3767,32.01399503867061,28.531632232019003,0.9637035718597045,0.109375,96.0,0.0,87.81694004025928,15.391022209468144,1.093708703125,1.95158965,1.0,824
azure2019,async,test,full_budget_horizon_retrained,96,1700000943,1,1700100946,2977,57.97376348865086,43.00780596151388,1.0,0.0,77.0,0.0,4.079516248107702,0.0,0.904989734375,1.6791816999999996,1.0,824
azure2019,async,test,full_budget_horizon_retrained,96,1700000943,2,1700200949,2810,57.597737720180135,42.72489025442045,1.0000000000000002,0.0,85.0,0.0,5.650628925295421,0.0,1.0711866875,1.7677496,1.0,824
azure2019,async,test,full_budget_horizon_retrained,96,1700000943,3,1700300952,1223,-0.4194761768142108,10.003710004753158,0.9303434108480084,0.21875,96.0,0.0,267.56876216833246,30.606911468984222,0.63894590625,0.785766,1.0,824
azure2019,async,test,full_budget_horizon_retrained,96,1700000943,4,1700400955,2144,28.077083005451204,26.329176559930243,0.9622671848066529,0.125,96.0,0.0,101.69401435765847,15.8716193206922,1.02639109375,1.714673,1.0,824
azure2019,http,test,full_budget_horizon_retrained,96,1700000943,0,1701000946,3911,58.580722128913706,43.42851345362071,1.0,0.0,69.0,0.0,1.3107599426638252,0.0,1.4531198125000002,1.8895354,1.0,824
azure2019,http,test,full_budget_horizon_retrained,96,1700000943,1,1701100949,3508,58.78438068894076,43.57276510267009,1.0,0.0,62.0,0.0,0.384707739268511,0.0,1.0338939375,1.85793385,1.0,824
azure2019,http,test,full_budget_horizon_retrained,96,1700000943,2,1701200952,433,58.88,43.64512314764825,1.0,0.0,65.0,0.0,0.0,0.0,1.734896203125,1.8014576,1.0,824
azure2019,http,test,full_budget_horizon_retrained,96,1700000943,3,1701300955,1756,58.08899972051952,43.00441510668568,1.0,0.0,35.0,0.0,2.9756481041716043,0.0,1.7762126875000002,1.9187554,1.0,824
azure2019,http,test,full_budget_horizon_retrained,96,1700000943,4,1701400958,2871,58.56578537028966,43.36190036324078,1.0,0.0,57.0,0.0,1.2706288757175397,0.0,1.34665384375,1.9110795,1.0,824
azure2019,async,test,full_budget_horizon_retrained,96,1700000944,0,1700000944,2581,23.26564078013365,23.582561720649487,0.9537883197481862,0.140625,96.0,0.0,130.9096692258425,19.692857784239347,1.428613890625,1.8383503,1.0,825
azure2019,async,test,full_budget_horizon_retrained,96,1700000944,1,1700100947,1541,58.07144068945861,43.028067674648014,1.0,0.0,74.0,0.0,3.91611739033851,0.0,1.8037525,1.9150813,1.0,825
azure2019,async,test,full_budget_horizon_retrained,96,1700000944,2,1700200950,154,58.75588372792773,43.54209535866428,1.0,0.0,16.0,0.0,0.4935399874295818,0.0,1.72306853125,1.7880541,1.0,825
azure2019,async,test,full_budget_horizon_retrained,96,1700000944,3,1700300953,818,56.7989637337076,41.9161064408158,1.0,0.0,81.0,0.0,9.430943376993524,0.0,1.698071953125,1.74753515,1.0,825
azure2019,async,test,full_budget_horizon_retrained,96,1700000944,4,1700400956,1338,5.733415930705189,13.244070986175132,0.9445133164641252,0.203125,96.0,0.0,221.463806212053,24.321780580539944,1.4461607656250002,1.73820365,1.0,825
azure2019,http,test,full_budget_horizon_retrained,96,1700000944,0,1701000947,988,12.791206047001548,17.741076964315013,0.9507254456448628,0.1875,96.0,0.0,171.36661236088136,20.873617624614425,1.4409056718750002,1.9047335,1.0,825
azure2019,http,test,full_budget_horizon_retrained,96,1700000944,1,1701100950,744,49.601827401409736,38.25327447201798,0.9821108845964612,0.03125,96.0,0.0,28.83879704561968,7.322041264846405,0.76806765625,0.9841944,1.0,825
azure2019,http,test,full_budget_horizon_retrained,96,1700000944,2,1701200953,2202,58.75735960113021,43.56119340587775,1.0,0.0,65.0,0.0,0.5332658904205925,0.0,0.77524409375,0.8438230999999999,1.0,825
azure2019,http,test,full_budget_horizon_retrained,96,1700000944,3,1701300956,888,28.913813704350023,26.937465237717557,0.963824566528354,0.125,96.0,0.0,96.80535828076088,15.03602118685798,0.6872004218750001,0.8557367499999999,1.0,825
azure2019,http,test,full_budget_horizon_retrained,96,1700000944,4,1701400959,3256,58.52058768251349,43.37200123492731,1.0,0.0,48.0,0.0,1.413558039082793,0.0,0.78657034375,0.8976251,1.0,825
azure2019,async,test,full_budget_horizon_retrained,96,1700000945,0,1700000945,3567,20.91894970300805,22.305889726284125,0.9547403710098292,0.15625,96.0,0.0,133.1311387629215,19.18176038949569,0.99519953125,1.901174,1.0,826
azure2019,async,test,full_budget_horizon_retrained,96,1700000945,1,1700100948,2615,43.80682796415763,35.276693591231975,0.9796412193026516,0.0625,96.0,0.0,41.21276850934746,8.38153065047537,1.4746806874999998,2.00215925,1.0,826
azure2019,async,test,full_budget_horizon_retrained,96,1700000945,2,1700200951,3775,12.792630513594355,17.62124557853697,0.9498860711449516,0.1875,96.0,0.0,171.20391199126064,21.164768943508854,0.8318023437500001,1.7238549,1.0,826
azure2019,async,test,full_budget_horizon_retrained,96,1700000945,3,1700300954,3539,24.15080949779289,24.231917533351023,0.9542170006549106,0.140625,96.0,0.0,121.29783866171894,19.24922809406176,0.669221203125,0.8133914999999999,1.0,826
azure2019,async,test,full_budget_horizon_retrained,96,1700000945,4,1700400957,2876,57.859082865620536,42.94172543719192,0.9999999999999996,0.0,92.0,0.0,4.508505575730997,0.0,0.80251459375,0.9253926,1.0,826
azure2019,http,test,full_budget_horizon_retrained,96,1700000945,0,1701000948,3810,58.23338295128082,43.198437205075365,1.0,0.0,66.0,0.0,2.8468072489204017,0.0,0.770286078125,0.8628188499999999,1.0,826
azure2019,http,test,full_budget_horizon_retrained,96,1700000945,1,1701100951,1990,58.1419178352572,43.06877338245939,1.0000000000000002,0.0,54.0,0.0,2.819763433411288,0.0,0.751787515625,0.7920109,1.0,826
azure2019,http,test,full_budget_horizon_retrained,96,1700000945,2,1701200954,1533,57.60224667576487,42.66828850906956,1.0,0.0,51.0,0.0,4.902857013229656,0.0,0.758134,0.8110240999999999,1.0,826
azure2019,http,test,full_budget_horizon_retrained,96,1700000945,3,1701300957,1822,57.3485407943386,42.3692055574608,1.0,0.0,38.0,0.0,5.877826440002028,0.0,0.763410109375,0.8053981,1.0,826
azure2019,http,test,full_budget_horizon_retrained,96,1700000945,4,1701400960,3394,58.48879120828426,43.335547839480725,1.0,0.0,64.0,0.0,1.607236475299359,0.0,0.78272603125,0.8598276999999999,1.0,826
azure2019,async,test,full_budget_horizon_retrained,96,1700000946,0,1700000946,839,58.12073240142894,43.04606291657199,1.0,0.0,78.0,0.0,3.4093649387489924,0.0,1.4689263593750002,1.8716203999999996,1.0,827
azure2019,async,test,full_budget_horizon_retrained,96,1700000946,1,1700100949,1383,49.35582850040695,38.21093258680612,0.9769543430753426,0.03125,96.0,0.0,32.268082474886896,9.576436650857872,0.879924140625,1.7640105999999998,1.0,827
azure2019,async,test,full_budget_horizon_retrained,96,1700000946,2,1700200952,3333,-2.3144319990871205,8.741334803142848,0.9350119749603936,0.234375,96.0,0.0,259.2406692194122,28.45091799181984,0.6435956249999999,0.8549892999999998,1.0,827
azure2019,async,test,full_budget_horizon_retrained,96,1700000946,3,1700300955,1668,58.03587957863257,43.135343809405086,1.0,0.0,71.0,0.0,3.729973515918867,0.0,1.326124734375,1.8461074,1.0,827
azure2019,async,test,full_budget_horizon_retrained,96,1700000946,4,1700400958,3470,11.763642811522136,17.10134797634111,0.950304768547935,0.1875,96.0,0.0,181.50535639491744,21.258941716566103,1.378999046875,1.8004484999999997,1.0,827
azure2019,http,test,full_budget_horizon_retrained,96,1700000946,0,1701000949,477,58.87681996249528,43.64262466169384,1.0,0.0,66.0,0.0,0.013650865869927,0.0,0.773837453125,0.83708545,1.0,827
azure2019,http,test,full_budget_horizon_retrained,96,1700000946,1,1701100952,3137,58.281551741591954,43.23085072285416,1.0000000000000002,0.0,13.0,0.0,2.25098605512163,0.0,1.19333646875,1.81502315,1.0,827
azure2019,http,test,full_budget_horizon_retrained,96,1700000946,2,1701200955,279,58.57845375534036,43.43732156051745,1.0,0.0,59.0,0.0,1.140685238458098,0.0,0.789284390625,0.9065872499999996,1.0,827
azure2019,http,test,full_budget_horizon_retrained,96,1700000946,3,1701300958,502,58.61908802676082,43.48963117798088,1.0,0.0,69.0,0.0,1.1384691038487285,0.0,0.8110755000000001,0.9557864499999996,1.0,827
azure2019,http,test,full_budget_horizon_retrained,96,1700000946,4,1701400961,2525,58.73689139506605,43.50950098860472,1.0,0.0,66.0,0.0,0.6268170382714855,0.0,0.77347740625,0.8108274,1.0,827
azure2019,async,test,full_budget_horizon_retrained,96,1700000947,0,1700000947,2494,-12.106341952555056,-4.039747810241286,0.9589049938881254,0.125,96.0,0.0,391.9669487440508,18.171020802367057,0.75902321875,1.136915299999999,1.0,828
azure2019,async,test,full_budget_horizon_retrained,96,1700000947,1,1700100950,265,57.81883015863345,42.93806672430218,1.0,0.0,30.0,0.0,4.3349375501451375,0.0,0.8020480156249999,1.0849149999999996,1.0,828
azure2019,async,test,full_budget_horizon_retrained,96,1700000947,2,1700200953,3421,-11.792704820243348,-2.939788640668869,0.9530981938723384,0.140625,96.0,0.0,374.6965846298615,20.90433847333398,0.707642796875,0.9712727999999996,1.0,828
azure2019,async,test,full_budget_horizon_retrained,96,1700000947,3,1700300956,2894,21.68019028062843,16.42358247145667,1.0,0.0,74.0,0.0,225.17121012846764,0.0,0.803403578125,0.9325088,1.0,828
azure2019,async,test,full_budget_horizon_retrained,96,1700000947,4,1700400959,310,55.83608622810138,41.70043558878445,1.0000000000000002,0.0,37.0,0.0,13.595111357376968,0.0,0.774065859375,0.8680990499999999,1.0,828
azure2019,http,test,full_budget_horizon_retrained,96,1700000947,0,1701000950,692,29.415496144121768,24.44477625375815,0.99436486054856,0.0,71.0,0.0,182.66118550592645,2.2244641631795545,0.8452567656250001,1.1580239999999995,1.0,828
azure2019,http,test,full_budget_horizon_retrained,96,1700000947,1,1701100953,2239,58.449947458356505,43.34592314840224,1.0,0.0,63.0,0.0,1.882502166220319,0.0,0.7997934687499999,0.9499452999999995,1.0,828
azure2019,http,test,full_budget_horizon_retrained,96,1700000947,2,1701200956,4180,58.41490224107338,43.27801983313792,1.0,0.0,64.0,0.0,2.103700222722937,0.0,0.7614036718749999,0.8081415999999999,1.0,828
azure2019,http,test,full_budget_horizon_retrained,96,1700000947,3,1701300959,3606,58.65262833143911,43.51446964395025,1.0,0.0,64.0,0.0,1.0212336299886546,0.0,1.21262234375,1.7762759,1.0,828
azure2019,http,test,full_budget_horizon_retrained,96,1700000947,4,1701400962,1265,58.43410137728226,43.34890164966188,1.0,0.0,64.0,0.0,2.0242913017141966,0.0,0.8132045781249999,0.8966429,1.0,828
azure2019,async,test,full_budget_horizon_retrained,96,1700000948,0,1700000948,3318,-17.613728799363482,-0.0954740971363334,0.9141653413195612,0.265625,96.0,0.0,394.88903089793126,37.74930826679966,0.6808701875000001,1.0346315,1.0,829
azure2019,async,test,full_budget_horizon_retrained,96,1700000948,1,1700100951,742,50.29627568163709,38.92129432734505,0.9841228690187772,0.03125,96.0,0.0,25.097712707989523,6.443284163247215,0.7891662343750001,0.9985931999999996,1.0,829
azure2019,async,test,full_budget_horizon_retrained,96,1700000948,2,1700200954,1693,58.07256883982588,43.091035257987805,1.0,0.0,93.0,0.0,3.5626253919327544,0.0,0.8347235,0.94962215,1.0,829
azure2019,async,test,full_budget_horizon_retrained,96,1700000948,3,1700300957,3281,-5.072706393890191,7.302805015714903,0.9262922118638894,0.234375,96.0,0.0,295.7560700068295,31.955730449127778,0.683542171875,0.9982841,1.0,829
azure2019,async,test,full_budget_horizon_retrained,96,1700000948,4,1700400960,3117,58.16473098200662,43.14813130752398,1.0,0.0,88.0,0.0,3.1211137718262307,0.0,0.805183953125,0.8838590499999999,1.0,829
azure2019,http,test,full_budget_horizon_retrained,96,1700000948,0,1701000951,677,57.96070312013289,42.97304446232222,1.0,0.0,84.0,0.0,4.031139797000051,0.0,0.76758309375,0.80085465,1.0,829
azure2019,http,test,full_budget_horizon_retrained,96,1700000948,1,1701100954,830,2.4716373274269463,11.74560241431828,0.936930744517511,0.21875,96.0,0.0,236.44832634545244,26.403259997179504,0.621801375,0.78869495,1.0,829
azure2019,http,test,full_budget_horizon_retrained,96,1700000948,2,1701200957,4093,58.43434593560156,43.31737025179867,1.0000000000000002,0.0,76.0,0.0,1.9394312603488064,0.0,0.769109296875,0.8322805999999998,1.0,829
azure2019,http,test,full_budget_horizon_retrained,96,1700000948,3,1701300960,2064,58.761541123098375,43.54147962027103,1.0,0.0,62.0,0.0,0.4454960309754927,0.0,0.830913375,1.1718317,1.0,829
azure2019,http,test,full_budget_horizon_retrained,96,1700000948,4,1701400963,1802,58.439556996684,43.26903598922193,0.9999999999999998,0.0,48.0,0.0,1.6524773754782045,0.0,0.812279625,0.9623528999999996,1.0,829
gentd26,image_conditioned,test,full_budget_horizon_retrained,120,1700000939,0,1700000939,66,-366.2879582129791,-226.86603684918245,0.8356509110827836,0.53125,120.0,0.0,5198.381679389311,296.8290076335877,0.7389585156249999,1.2550137999999995,9.100826972010177,820
gentd26,image_conditioned,test,full_budget_horizon_retrained,120,1700000939,1,1700100942,73,-594.0032368249524,-367.3447451083753,0.725404839426842,0.640625,120.0,0.0,8167.801526717556,500.0,0.736149234375,1.80067315,9.100826972010177,820
gentd26,image_conditioned,test,full_budget_horizon_retrained,120,1700000939,2,1700200945,182,8.153160305343512,4.075854434575395,1.0,0.0,37.0,0.0,12.170992366412214,0.0,0.812113171875,0.9941259999999996,9.100826972010177,820
gentd26,image_conditioned,test,full_budget_horizon_retrained,120,1700000939,3,1700300948,574,-1.1199999999999997,-0.6655502062416275,1.0,0.0,10.0,0.0,0.0,0.0,1.7804197187500002,1.88751255,9.100826972010177,820
gentd26,image_conditioned,test,full_budget_horizon_retrained,120,1700000939,4,1700400951,217,-218.7434867093352,-119.82081186318317,0.8255439920198624,0.265625,120.0,0.0,3221.464185750636,311.24230279898217,1.6182997812500002,1.85084035,9.100826972010177,820
gentd26,txt2img,test,full_budget_horizon_retrained,120,1700000939,0,1701000942,528,29.929996942213712,21.81953321541145,1.0,0.0,8.0,0.0,29.68762224626809,0.0,1.679563453125,1.72212535,5.885345598073498,820
gentd26,txt2img,test,full_budget_horizon_retrained,120,1700000939,1,1701100945,43,-4.2716745066150885,-3.23283200637069,1.0,0.046875,66.0,0.0,299.3004248037092,0.0,1.074335515625,1.80975365,5.885345598073498,820
gentd26,txt2img,test,full_budget_horizon_retrained,120,1700000939,2,1701200948,172,7.97469078594913,4.778430645794693,0.997005988023952,0.0,37.0,0.0,39.66824683436029,0.9499902534500748,0.776178546875,0.8689514499999997,5.885345598073498,820
gentd26,txt2img,test,full_budget_horizon_retrained,120,1700000939,3,1701300951,160,6.200677860962657,6.265226571341297,0.9999999999999998,0.0,0.0,0.0,2.5999220276006376,0.0,0.782726953125,0.8297332000000001,5.885345598073498,820
gentd26,txt2img,test,full_budget_horizon_retrained,120,1700000939,4,1701400954,164,7.507824379674713,6.1779516495496045,1.0,0.0,7.0,0.0,1.6686366963571686,0.0,0.798117390625,0.93346625,5.885345598073498,820
gentd26,image_conditioned,test,full_budget_horizon_retrained,120,1700000940,0,1700000940,545,-0.1199999999999996,-0.6138769201016279,1.0,0.0,69.0,0.0,0.0,0.0,0.77742496875,0.82576595,9.100826972010177,821
gentd26,image_conditioned,test,full_budget_horizon_retrained,120,1700000940,1,1700100943,2,0.9777096249085536,1.7687670280809364,1.0,0.0,78.0,0.0,15.31603053435115,0.0,1.06480546875,1.75201655,9.100826972010177,821
gentd26,image_conditioned,test,full_budget_horizon_retrained,120,1700000940,2,1700200946,388,7.41832430504182,6.516837367189118,1.0,0.0,100.0,0.0,157.0523536895675,0.0,0.7634074843750001,0.78711915,9.100826972010177,821
gentd26,image_conditioned,test,full_budget_horizon_retrained,120,1700000940,3,1700300949,157,3.780890879979809,4.6508382419146495,1.0,0.0,79.0,0.0,18.461068702290085,0.0,1.17117690625,1.7752712999999998,9.100826972010177,821
gentd26,image_conditioned,test,full_budget_horizon_retrained,120,1700000940,4,1700400952,155,4.780890879979808,5.4727615217146175,1.0,0.0,80.0,0.0,18.461068702290085,0.0,0.7616058593749999,0.81432385,9.100826972010177,821
gentd26,txt2img,test,full_budget_horizon_retrained,120,1700000940,0,1701000943,125,12.18873049766548,5.935362474013257,1.0,0.078125,116.0,0.0,295.243759224414,0.0,0.949180140625,1.82972365,5.885345598073498,821
gentd26,txt2img,test,full_budget_horizon_retrained,120,1700000940,1,1701100946,518,29.24297284624277,21.645998944262782,1.0,0.0,36.0,0.0,7.007945095761501,0.0,1.703224640625,1.88144925,5.885345598073498,821
gentd26,txt2img,test,full_budget_horizon_retrained,120,1700000940,2,1701200949,118,-227.97851978211983,-166.28938304355844,1.0,0.703125,120.0,0.0,2667.7991428340333,0.0,0.53797628125,0.84338515,5.885345598073498,821
gentd26,txt2img,test,full_budget_horizon_retrained,120,1700000940,3,1701300952,500,21.89928852862376,14.77350703774249,1.0,0.0,37.0,0.0,3.564352258878971,0.0,0.7840626875,0.86278015,5.885345598073498,821
gentd26,txt2img,test,full_budget_horizon_retrained,120,1700000940,4,1701400955,582,14.069967682279156,12.797876848330205,1.0,0.0,49.0,0.0,3.814400991628572,0.0,0.77558671875,0.8105516,5.885345598073498,821
gentd26,image_conditioned,test,full_budget_horizon_retrained,120,1700000941,0,1700000941,459,-4.12,-2.795228099795501,1.0,0.0,1.0,0.0,0.0,0.0,0.940668625,1.7466677,9.100826972010177,822
gentd26,image_conditioned,test,full_budget_horizon_retrained,120,1700000941,1,1700100944,13,-3.12,-2.0534348836672525,1.0,0.0,5.0,0.0,0.0,0.0,0.760921203125,0.7864557,9.100826972010177,822
gentd26,image_conditioned,test,full_budget_horizon_retrained,120,1700000941,2,1700200947,76,-705.8129317332188,-438.4389383662016,0.732450981798362,0.6875,120.0,0.0,9637.801526717556,485.0,0.5514737812499999,0.7850022,9.100826972010177,822
gentd26,image_conditioned,test,full_budget_horizon_retrained,120,1700000941,3,1700300950,41,-108.777206011878,-63.59749612569701,0.9782838826430736,0.234375,84.0,0.0,1904.3786259541976,22.42442748091596,0.747859015625,0.78547685,9.100826972010177,822
gentd26,image_conditioned,test,full_budget_horizon_retrained,120,1700000941,4,1700400953,170,1.1531603053435115,0.1503190458735416,1.0000000000000002,0.0,23.0,0.0,12.170992366412214,0.0,0.7721304687500001,0.8989128999999998,9.100826972010177,822
gentd26,txt2img,test,full_budget_horizon_retrained,120,1700000941,0,1701000944,489,18.94929827517368,11.380348852044204,1.0,0.0,2.0,0.0,3.564352258878971,0.0,0.7582266875,0.7856586,5.885345598073498,822
gentd26,txt2img,test,full_budget_horizon_retrained,120,1700000941,1,1701100947,192,19.27058780123194,11.451367159208582,0.9696116806911174,0.0,75.0,0.0,123.48269672449624,19.949795322451664,0.7731118906250001,0.8448386999999998,5.885345598073498,822
gentd26,txt2img,test,full_budget_horizon_retrained,120,1700000941,2,1701200950,105,-715.1537302858728,-443.4425314019397,0.7829167471264953,0.734375,120.0,0.0,9323.438426170884,313.3041440738988,0.496950296875,0.7928485499999999,5.885345598073498,822
gentd26,txt2img,test,full_budget_horizon_retrained,120,1700000941,3,1701300953,584,11.910013456445714,11.001486558816062,0.9999999999999998,0.0,4.0,0.0,10.372453299439195,0.0,0.886486640625,1.7395460499999984,5.885345598073498,822
gentd26,txt2img,test,full_budget_horizon_retrained,120,1700000941,4,1701400956,34,-15.473150357486944,-8.34845017927009,0.9790247292096635,0.0625,55.0,0.0,361.5242990771933,10.301898554990984,0.7643445625,0.80191065,5.885345598073498,822
gentd26,image_conditioned,test,full_budget_horizon_retrained,120,1700000942,0,1700000942,156,4.780890879979808,5.566377578497548,0.9999999999999998,0.0,28.0,0.0,18.461068702290085,0.0,1.0196420625,1.2559888,9.100826972010177,823
gentd26,image_conditioned,test,full_budget_horizon_retrained,120,1700000942,1,1700100945,579,-1.1199999999999997,-0.5042600251211441,1.0,0.0,10.0,0.0,0.0,0.0,1.165692515625,1.21909995,9.100826972010177,823
gentd26,image_conditioned,test,full_budget_horizon_retrained,120,1700000942,2,1700200948,517,-3.12,-2.388999467926474,1.0,0.0,2.0,0.0,0.0,0.0,1.1415788125000002,1.2209923,9.100826972010177,823
gentd26,image_conditioned,test,full_budget_horizon_retrained,120,1700000942,3,1700300951,290,-0.1199999999999992,0.8638244381068716,1.0,0.0,6.0,0.0,0.0,0.0,1.128067265625,1.24581985,9.100826972010177,823
gentd26,image_conditioned,test,full_budget_horizon_retrained,120,1700000942,4,1700400954,476,-5.12,-3.795228099795501,0.0,0.0,0.0,0.0,0.0,0.0,1.145401125,1.2328749,9.100826972010177,823
gentd26,txt2img,test,full_budget_horizon_retrained,120,1700000942,0,1701000945,525,32.42991228105072,23.52916757204035,1.0,0.0,15.0,0.0,0.0,0.0,1.144791859375,1.1814315,5.885345598073498,823
gentd26,txt2img,test,full_budget_horizon_retrained,120,1700000942,1,1701100948,503,23.47992202760064,16.279153965020047,1.0,0.0,5.0,0.0,0.0,0.0,1.1481811406249998,1.1753484,5.885345598073498,823
gentd26,txt2img,test,full_budget_horizon_retrained,120,1700000942,2,1701200951,490,19.57994152070048,11.90904585682679,1.0,0.0,5.0,0.0,0.0,0.0,0.8261261875000001,1.19860065,5.885345598073498,823
gentd26,txt2img,test,full_budget_horizon_retrained,120,1700000942,3,1701300954,13,14.679961013800316,14.053452993075236,1.0,0.0,3.0,0.0,0.0,0.0,0.74937378125,0.94497785,5.885345598073498,823
gentd26,txt2img,test,full_budget_horizon_retrained,120,1700000942,4,1701400957,469,6.57994152070048,4.546898212906409,1.0,0.0,0.0,0.0,0.0,0.0,0.743574375,0.94888215,5.885345598073498,823
gentd26,image_conditioned,test,full_budget_horizon_retrained,120,1700000943,0,1700000943,531,-2.12,-1.6456343154698605,1.0,0.0,6.0,0.0,0.0,0.0,0.542357515625,0.6042748499999999,9.100826972010177,824
gentd26,image_conditioned,test,full_budget_horizon_retrained,120,1700000943,1,1700100946,420,-0.1199999999999998,0.1074126950244427,1.0,0.0,8.0,0.0,0.0,0.0,0.525756203125,0.5505429,9.100826972010177,824
gentd26,image_conditioned,test,full_budget_horizon_retrained,120,1700000943,2,1700200949,396,6.698020373709653,5.40356625358245,1.0,0.0,49.0,0.0,106.80305343511452,0.0,0.516472703125,0.53397585,9.100826972010177,824
gentd26,image_conditioned,test,full_budget_horizon_retrained,120,1700000943,3,1700300952,172,2.153160305343511,0.277299352347047,1.0,0.0,27.0,0.0,12.170992366412214,0.0,0.5343850625,0.56812155,9.100826972010177,824
gentd26,image_conditioned,test,full_budget_horizon_retrained,120,1700000943,4,1700400955,302,-4.12,-2.899889845536784,1.0,0.0,1.0,0.0,0.0,0.0,0.569776453125,1.0238806999999983,9.100826972010177,824
gentd26,txt2img,test,full_budget_horizon_retrained,120,1700000943,0,1701000946,552,25.47992202760064,19.092474887068924,1.0,0.0,12.0,0.0,0.0,0.0,0.532423671875,0.5634837999999999,5.885345598073498,824
gentd26,txt2img,test,full_budget_horizon_retrained,120,1700000943,1,1701100949,495,20.52993177415056,13.222731900707432,1.0,0.0,5.0,0.0,0.0,0.0,0.5284398125,0.5568236,5.885345598073498,824
gentd26,txt2img,test,full_budget_horizon_retrained,120,1700000943,2,1701200952,61,-49.05781602821796,-26.196186052516808,0.8246580894316818,0.125,120.0,0.0,988.4048398582172,206.90212076969908,0.503590171875,0.56015485,5.885345598073498,824
gentd26,txt2img,test,full_budget_horizon_retrained,120,1700000943,3,1701300955,248,-537.8369896195338,-367.8585350707463,0.9289003912017813,0.875,120.0,0.0,7285.837970735163,87.42785679997576,0.585819734375,1.17881925,5.885345598073498,824
gentd26,txt2img,test,full_budget_horizon_retrained,120,1700000943,4,1701400958,405,44.72997076035024,35.07795130697562,1.0,0.0,33.0,0.0,0.0,0.0,1.0950001718749998,1.12391135,5.885345598073498,824
gentd26,image_conditioned,test,full_budget_horizon_retrained,120,1700000944,0,1700000944,364,9.415454008830118,6.582632705647081,1.0,0.0,64.0,0.0,142.33072519083973,0.0,0.77533396875,0.8492977,9.100826972010177,825
gentd26,image_conditioned,test,full_budget_horizon_retrained,120,1700000944,1,1700100947,217,-218.7434867093352,-119.82081186318317,0.8255439920198624,0.265625,120.0,0.0,3221.464185750636,311.24230279898217,0.698916640625,0.8532846499999999,9.100826972010177,825
gentd26,image_conditioned,test,full_budget_horizon_retrained,120,1700000944,2,1700200950,21,-3.12,-2.3868015338414192,1.0,0.0,8.0,0.0,0.0,0.0,0.7733927187499999,0.8211831999999999,9.100826972010177,825
gentd26,image_conditioned,test,full_budget_horizon_retrained,120,1700000944,3,1700300953,115,-8.381536038692932,0.589682809330407,0.9952816912543684,0.140625,120.0,0.0,408.34611959287525,6.074300254452922,0.709924046875,0.9035669999999998,9.100826972010177,825
gentd26,image_conditioned,test,full_budget_horizon_retrained,120,1700000944,4,1700400956,189,10.250869930252064,5.812483728645336,0.9721951219512196,0.0,46.0,0.0,27.487022900763364,15.31603053435115,0.7950805624999999,0.8953451,9.100826972010177,825
gentd26,txt2img,test,full_budget_horizon_retrained,120,1700000944,0,1701000947,139,24.17460688086902,21.147689497408656,1.0,0.0,53.0,0.0,24.43690302381735,0.0,0.7815148749999999,0.8555138499999999,5.885345598073498,825
gentd26,txt2img,test,full_budget_horizon_retrained,120,1700000944,1,1701100950,105,-715.1537302858728,-443.4425314019397,0.7829167471264953,0.734375,120.0,0.0,9323.438426170884,313.3041440738988,0.4939306875,0.77873635,5.885345598073498,825
gentd26,txt2img,test,full_budget_horizon_retrained,120,1700000944,2,1701200953,310,0.7299707603502401,1.328943762589411,1.0,0.0,0.0,0.0,0.0,0.0,0.7517010625,0.8010550499999999,5.885345598073498,825
gentd26,txt2img,test,full_budget_horizon_retrained,120,1700000944,3,1701300956,125,12.207459814543784,6.072786073049633,1.0,0.078125,100.0,0.0,292.1679062023867,0.0,0.7657396562500001,0.8304082999999998,5.885345598073498,825
gentd26,txt2img,test,full_budget_horizon_retrained,120,1700000944,4,1701400959,459,7.456757459892851,5.940673691645675,1.0,0.0,0.0,0.0,0.6999415207004782,0.0,0.7770776875000001,0.84720265,5.885345598073498,825
gentd26,image_conditioned,test,full_budget_horizon_retrained,120,1700000945,0,1700000945,503,-3.12,-2.573572864063435,1.0,0.0,2.0,0.0,0.0,0.0,0.8703423906250001,1.1644286,9.100826972010177,826
gentd26,image_conditioned,test,full_budget_horizon_retrained,120,1700000945,1,1700100948,369,9.858887253812966,7.442190819251017,1.0,0.0,65.0,0.0,136.72048346055982,0.0,0.86494465625,1.1527451,9.100826972010177,826
gentd26,image_conditioned,test,full_budget_horizon_retrained,120,1700000945,2,1700200951,532,-1.1199999999999997,-1.0930157039862056,1.0,0.0,10.0,0.0,0.0,0.0,0.828405828125,1.1218786499999998,9.100826972010177,826
gentd26,image_conditioned,test,full_budget_horizon_retrained,120,1700000945,3,1700300954,499,-3.12,-2.6217109547556694,1.0,0.0,2.0,0.0,0.0,0.0,0.825028203125,0.9340246,9.100826972010177,826
gentd26,image_conditioned,test,full_budget_horizon_retrained,120,1700000945,4,1700400957,406,3.1531603053435124,2.644823440660642,1.0,0.0,19.0,0.0,12.170992366412214,0.0,0.821411125,0.93936425,9.100826972010177,826
gentd26,txt2img,test,full_budget_horizon_retrained,120,1700000945,0,1701000948,537,34.83715654472037,25.451730362981262,1.0,0.0,13.0,0.0,2.799766082801913,0.0,0.90218553125,1.04416275,5.885345598073498,826
gentd26,txt2img,test,full_budget_horizon_retrained,120,1700000945,1,1701100951,280,19.42309991154518,17.099825028324197,1.0,0.0,14.0,0.0,1.0520447532398975,0.0,0.81905196875,0.916443,5.885345598073498,826
gentd26,txt2img,test,full_budget_horizon_retrained,120,1700000945,2,1701200954,216,-403.32658618442383,-224.16481277104563,0.6741777409365864,0.375,120.0,0.0,5680.768443522393,498.7999610138003,0.6744864531250001,0.8355828,5.885345598073498,826
gentd26,txt2img,test,full_budget_horizon_retrained,120,1700000945,3,1701300957,257,-128.20228572651052,-112.96003394879946,1.0,0.359375,118.0,0.0,2364.9365421694133,0.0,0.7351644531250001,0.8897677999999998,5.885345598073498,826
gentd26,txt2img,test,full_budget_horizon_retrained,120,1700000945,4,1701400960,479,10.45675745989285,5.669091760230703,1.0,0.0,1.0,0.0,0.6999415207004782,0.0,0.801447640625,0.90751085,5.885345598073498,826
gentd26,image_conditioned,test,full_budget_horizon_retrained,120,1700000946,0,1700000946,118,-524.3356836502468,-310.3004890123766,0.786920280044869,0.484375,120.0,0.0,6743.554198473281,269.12977099236633,0.846067578125,1.8745646,9.100826972010177,827
gentd26,image_conditioned,test,full_budget_horizon_retrained,120,1700000946,1,1700100949,195,-52.150286415041776,-27.17929509433326,0.7046531751077205,0.078125,120.0,0.0,775.4610687022902,255.34198473282447,0.75275334375,0.8910497,9.100826972010177,827
gentd26,image_conditioned,test,full_budget_horizon_retrained,120,1700000946,2,1700200952,470,-5.12,-3.795228099795501,0.0,0.0,56.0,0.0,0.0,0.0,1.453307546875,1.7475721,9.100826972010177,827
gentd26,image_conditioned,test,full_budget_horizon_retrained,120,1700000946,3,1700300955,235,-1151.90369225035,-713.4511846062796,0.6012364045459423,0.59375,120.0,0.0,15299.341984732822,470.0,0.627567140625,1.7853240499999998,9.100826972010177,827
gentd26,image_conditioned,test,full_budget_horizon_retrained,120,1700000946,4,1700400958,490,-4.12,-3.208191317858016,1.0,0.0,60.0,0.0,0.0,0.0,0.883848390625,1.7900576999999998,9.100826972010177,827
gentd26,txt2img,test,full_budget_horizon_retrained,120,1700000946,0,1701000949,67,-318.7068000014259,-177.21793704344648,0.63477082470505,0.28125,120.0,0.0,4399.158558465377,500.0,0.7309808437499999,1.1099809999999992,5.885345598073498,827
gentd26,txt2img,test,full_budget_horizon_retrained,120,1700000946,1,1701100952,442,12.33357339908522,11.151642929220891,1.0,0.0,8.0,0.0,1.3998830414009564,0.0,1.099405046875,1.8110018,5.885345598073498,827
gentd26,txt2img,test,full_budget_horizon_retrained,120,1700000946,2,1701200955,39,-5.878109275508846,-4.041375402292532,1.0,0.046875,73.0,0.0,283.79703704882365,0.0,1.185829953125,1.85307465,5.885345598073498,827
gentd26,txt2img,test,full_budget_horizon_retrained,120,1700000946,3,1701300958,70,-432.6781938021483,-243.64773025785283,0.6132671526127402,0.328125,120.0,0.0,5899.158558465376,500.0,1.3165439062500002,1.73475085,5.885345598073498,827
gentd26,txt2img,test,full_budget_horizon_retrained,120,1700000946,4,1701400961,356,35.41856663919008,23.282013805840418,1.0,0.0,49.0,0.0,14.999025345007968,0.0,0.93387871875,1.7712713999999998,5.885345598073498,827
gentd26,image_conditioned,test,full_budget_horizon_retrained,120,1700000947,0,1700000947,352,9.068890303961718,5.3337301990667925,1.0,0.0,65.0,0.0,134.29007633587787,0.0,0.57640959375,0.7053982999999999,9.100826972010177,828
gentd26,image_conditioned,test,full_budget_horizon_retrained,120,1700000947,1,1700100950,37,-93.19633478626788,-53.10255361281559,0.8497960326602304,0.203125,68.0,0.0,1595.603053435114,144.1343511450381,0.564845546875,0.6272378,9.100826972010177,828
gentd26,image_conditioned,test,full_budget_horizon_retrained,120,1700000947,2,1700200953,483,-4.12,-3.24807145740474,1.0,0.0,1.0,0.0,0.0,0.0,0.541089703125,0.62083855,9.100826972010177,828
gentd26,image_conditioned,test,full_budget_horizon_retrained,120,1700000947,3,1700300956,408,3.1531603053435124,2.775582573050273,1.0,0.0,19.0,0.0,12.170992366412214,0.0,0.624705125,1.1087189,9.100826972010177,828
gentd26,image_conditioned,test,full_budget_horizon_retrained,120,1700000947,4,1700400959,43,-107.77720601187802,-64.27545617690595,0.9999999999999998,0.234375,88.0,0.0,1904.3786259541976,0.0,0.8972908749999999,1.2321653,9.100826972010177,828
gentd26,txt2img,test,full_budget_horizon_retrained,120,1700000947,0,1701000950,97,-657.8351498290413,-391.547017136618,0.7238336358336377,0.625,120.0,0.0,8784.917517832211,412.217979765632,0.7628364062499999,1.1310513,5.885345598073498,828
gentd26,txt2img,test,full_budget_horizon_retrained,120,1700000947,1,1701100953,316,1.7299707603502397,0.7010139478332233,1.0,0.0,1.0,0.0,0.0,0.0,0.5528074999999999,0.7315912999999997,5.885345598073498,828
gentd26,txt2img,test,full_budget_horizon_retrained,120,1700000947,2,1701200956,590,7.679961013800318,7.522363618571832,1.0,0.0,1.0,0.0,0.0,0.0,0.54254515625,0.6569347499999998,5.885345598073498,828
gentd26,txt2img,test,full_budget_horizon_retrained,120,1700000947,3,1701300959,509,25.3799025345008,18.550968195462204,1.0,0.0,5.0,0.0,0.0,0.0,0.53293471875,0.5776056499999999,5.885345598073498,828
gentd26,txt2img,test,full_budget_horizon_retrained,120,1700000947,4,1701400962,178,8.343234741657819,4.541381049472212,1.0,0.0,61.0,0.0,98.95573475062758,0.0,0.5213673281250001,0.5566316499999999,5.885345598073498,828
gentd26,image_conditioned,test,full_budget_horizon_retrained,120,1700000948,0,1700000948,468,-5.12,-3.795228099795501,0.0,0.0,7.0,0.0,0.0,0.0,0.85010915625,1.0465049,9.100826972010177,829
gentd26,image_conditioned,test,full_budget_horizon_retrained,120,1700000948,1,1700100951,104,-656.7345232910365,-393.88745591953887,0.7276973788581198,0.515625,120.0,0.0,8706.580152671755,471.6946564885495,0.551334828125,0.9584305,9.100826972010177,829
gentd26,image_conditioned,test,full_budget_horizon_retrained,120,1700000948,2,1700200954,239,-143.42443627047896,-93.29663999697036,0.985595320027529,0.484375,120.0,0.0,1971.1571246819333,22.367938931297708,0.630810265625,0.9280744499999996,9.100826972010177,829
gentd26,image_conditioned,test,full_budget_horizon_retrained,120,1700000948,3,1700300957,463,-5.12,-3.795228099795501,0.0,0.0,7.0,0.0,0.0,0.0,0.7763121875,0.8388711999999999,9.100826972010177,829
gentd26,image_conditioned,test,full_budget_horizon_retrained,120,1700000948,4,1700400960,440,-2.12,-1.23920746025111,1.0,0.0,12.0,0.0,0.0,0.0,0.784845234375,0.85232795,9.100826972010177,829
gentd26,txt2img,test,full_budget_horizon_retrained,120,1700000948,0,1701000951,95,-647.7529201146916,-382.51200707949033,0.7127981793330923,0.59375,120.0,0.0,8696.924519269662,440.967736101884,0.55512578125,0.7980508,5.885345598073498,829
gentd26,txt2img,test,full_budget_horizon_retrained,120,1700000948,1,1701100954,117,-303.30580404093143,-211.1741967547847,0.978147250423614,0.75,120.0,0.0,3590.715527712692,24.812646612642943,0.4925003124999999,0.79084115,5.885345598073498,829
gentd26,txt2img,test,full_budget_horizon_retrained,120,1700000948,2,1701200957,577,15.860003709895793,13.82061289276778,1.0,0.0,12.0,0.0,10.372453299439195,0.0,0.752646234375,0.8289283,5.885345598073498,829
gentd26,txt2img,test,full_budget_horizon_retrained,120,1700000948,3,1701300960,291,9.5669487031684,9.160327127380995,1.0000000000000002,0.0,9.0,0.0,5.46433276577913,0.0,0.773394921875,0.8474536499999998,5.885345598073498,829
gentd26,txt2img,test,full_budget_horizon_retrained,120,1700000948,4,1701400963,254,-362.2032574012076,-277.59133967811994,1.0,0.875,120.0,0.0,4929.842817986175,0.0,0.492013546875,0.7980455,5.885345598073498,829
gentd26,image_conditioned,test,full_budget_horizon_retrained,144,1700000939,0,1700000939,66,-159.46984573845134,-109.77436982690011,0.949221801066452,0.390625,144.0,0.0,2721.76641221374,91.70992366412212,0.7121829375,0.7998443499999999,9.100826972010177,820
gentd26,image_conditioned,test,full_budget_horizon_retrained,144,1700000939,1,1700100942,73,-291.637888050872,-189.30825154980653,0.8217580573444828,0.5,144.0,0.0,4365.482442748091,379.4458015267175,0.657134859375,0.80632785,9.100826972010177,820
gentd26,image_conditioned,test,full_budget_horizon_retrained,144,1700000939,2,1700200945,182,8.153160305343512,4.075854434575395,1.0,0.0,37.0,0.0,12.170992366412214,0.0,1.03978475,1.85063805,9.100826972010177,820
gentd26,image_conditioned,test,full_budget_horizon_retrained,144,1700000939,3,1700300948,574,-1.1199999999999997,-0.6655502062416275,1.0,0.0,10.0,0.0,0.0,0.0,1.772482765625,1.8322691,9.100826972010177,820
gentd26,image_conditioned,test,full_budget_horizon_retrained,144,1700000939,4,1700400951,217,-76.65446100050067,-41.8133448335138,0.972457136997305,0.25,144.0,0.0,1517.78937659033,49.13848600508898,1.735270859375,1.8459707,9.100826972010177,820
gentd26,txt2img,test,full_budget_horizon_retrained,144,1700000939,0,1701000942,528,32.94919699158882,23.898038626905063,1.0,0.0,12.0,0.0,6.799571151803506,0.0,1.455112359375,1.8301153,5.885345598073498,820
gentd26,txt2img,test,full_budget_horizon_retrained,144,1700000939,1,1701100945,43,-1.928119022058767,-1.9228201306810715,0.9999999999999998,0.046875,69.0,0.0,283.79703704882365,0.0,0.8121228593750001,0.98876455,5.885345598073498,820
gentd26,txt2img,test,full_budget_horizon_retrained,144,1700000939,2,1701200948,172,8.186191148206776,4.901347552912649,0.997005988023952,0.0,38.0,0.0,38.101664637792936,0.9499902534500748,0.776761171875,0.8171005499999999,5.885345598073498,820
gentd26,txt2img,test,full_budget_horizon_retrained,144,1700000939,3,1701300951,160,6.200677860962657,6.265226571341297,0.9999999999999998,0.0,0.0,0.0,2.5999220276006376,0.0,0.8104398125,0.8999929,5.885345598073498,820
gentd26,txt2img,test,full_budget_horizon_retrained,144,1700000939,4,1701400954,164,7.7193247419323585,6.2913725734481885,1.0,0.0,8.0,0.0,0.1020544997898156,0.0,1.27467740625,1.8054217,5.885345598073498,820
gentd26,image_conditioned,test,full_budget_horizon_retrained,144,1700000940,0,1700000940,545,-0.1199999999999996,-0.6138769201016279,1.0,0.0,69.0,0.0,0.0,0.0,0.7853144375,0.8336435,9.100826972010177,821
gentd26,image_conditioned,test,full_budget_horizon_retrained,144,1700000940,1,1700100943,2,0.9777096249085536,1.7687670280809364,1.0,0.0,78.0,0.0,15.31603053435115,0.0,0.78256225,0.8504102499999999,9.100826972010177,821
gentd26,image_conditioned,test,full_budget_horizon_retrained,144,1700000940,2,1700200946,388,8.858887253812966,7.7745292226058575,1.0,0.0,94.0,0.0,136.72048346055982,0.0,0.7606704999999999,0.82166365,9.100826972010177,821
gentd26,image_conditioned,test,full_budget_horizon_retrained,144,1700000940,3,1700300949,157,3.780890879979809,4.6508382419146495,1.0,0.0,79.0,0.0,18.461068702290085,0.0,0.759512703125,0.8370945999999998,9.100826972010177,821
gentd26,image_conditioned,test,full_budget_horizon_retrained,144,1700000940,4,1700400952,155,4.780890879979808,5.4727615217146175,1.0,0.0,80.0,0.0,18.461068702290085,0.0,0.778189640625,0.8568727500000001,9.100826972010177,821
gentd26,txt2img,test,full_budget_horizon_retrained,144,1700000940,0,1701000943,125,13.103660388413449,6.697398214253414,1.0,0.078125,115.0,0.0,287.9180524006355,0.0,0.81035646875,1.0117968999999998,5.885345598073498,821
gentd26,txt2img,test,full_budget_horizon_retrained,144,1700000940,1,1701100946,518,29.98350517323578,22.12618220014714,1.0,0.0,35.0,0.0,1.3998830414009564,0.0,1.055305046875,1.8738022999999997,5.885345598073498,821
gentd26,txt2img,test,full_budget_horizon_retrained,144,1700000940,2,1701200949,118,-51.1882717263718,-51.96006693928149,0.9999999999999998,0.234375,136.0,0.0,1262.623845000685,0.0,0.82664071875,1.0661342499999986,5.885345598073498,821
gentd26,txt2img,test,full_budget_horizon_retrained,144,1700000940,3,1701300952,500,21.701693444883865,14.649113892498493,1.0,0.0,37.0,0.0,3.49970760350239,0.0,0.7888095937499999,0.80215785,5.885345598073498,821
gentd26,txt2img,test,full_budget_horizon_retrained,144,1700000940,4,1701400955,582,14.383583145635145,13.099134611104269,1.0,0.0,49.0,0.0,1.3998830414009564,0.0,0.76515809375,0.8292133500000001,5.885345598073498,821
gentd26,image_conditioned,test,full_budget_horizon_retrained,144,1700000941,0,1700000941,459,-4.12,-2.795228099795501,1.0,0.0,1.0,0.0,0.0,0.0,0.847352453125,1.2524863999999984,9.100826972010177,822
gentd26,image_conditioned,test,full_budget_horizon_retrained,144,1700000941,1,1700100944,13,-3.12,-2.0534348836672525,1.0,0.0,5.0,0.0,0.0,0.0,1.205608,1.94227465,9.100826972010177,822
gentd26,image_conditioned,test,full_budget_horizon_retrained,144,1700000941,2,1700200947,76,-377.398117215976,-240.98275036256663,0.8288041997160028,0.546875,144.0,0.0,5473.819847328243,364.4458015267175,0.6559950625000001,0.9110493,9.100826972010177,822
gentd26,image_conditioned,test,full_budget_horizon_retrained,144,1700000941,3,1700300950,41,-108.777206011878,-63.59749612569701,0.9782838826430736,0.234375,84.0,0.0,1904.3786259541976,22.42442748091596,1.42142684375,1.85469425,9.100826972010177,822
gentd26,image_conditioned,test,full_budget_horizon_retrained,144,1700000941,4,1700400953,170,1.1531603053435115,0.1503190458735416,1.0000000000000002,0.0,23.0,0.0,12.170992366412214,0.0,0.962934015625,1.84616355,9.100826972010177,822
gentd26,txt2img,test,full_budget_horizon_retrained,144,1700000941,0,1701000944,489,18.94929827517368,11.380348852044204,1.0,0.0,2.0,0.0,3.564352258878971,0.0,1.362070796875,1.82439745,5.885345598073498,822
gentd26,txt2img,test,full_budget_horizon_retrained,144,1700000941,1,1701100947,192,19.27058780123194,11.451367159208582,0.9696116806911174,0.0,75.0,0.0,123.48269672449624,19.949795322451664,0.920672546875,1.78451845,5.885345598073498,822
gentd26,txt2img,test,full_budget_horizon_retrained,144,1700000941,2,1701200950,105,-398.5454878231485,-247.54823010591787,0.8820285814489893,0.625,144.0,0.0,5223.750294219834,170.2615647456018,0.561621625,0.79176075,5.885345598073498,822
gentd26,txt2img,test,full_budget_horizon_retrained,144,1700000941,3,1701300953,584,11.910013456445714,11.001486558816062,0.9999999999999998,0.0,4.0,0.0,10.372453299439195,0.0,0.7783362812499999,0.8328939999999999,5.885345598073498,822
gentd26,txt2img,test,full_budget_horizon_retrained,144,1700000941,4,1701400956,34,-15.473150357486944,-8.34845017927009,0.9790247292096635,0.0625,55.0,0.0,361.5242990771933,10.301898554990984,1.1780872031249998,1.80306955,5.885345598073498,822
gentd26,image_conditioned,test,full_budget_horizon_retrained,144,1700000942,0,1700000942,156,4.780890879979808,5.566377578497548,0.9999999999999998,0.0,28.0,0.0,18.461068702290085,0.0,0.82366553125,1.2358927,9.100826972010177,823
gentd26,image_conditioned,test,full_budget_horizon_retrained,144,1700000942,1,1700100945,579,-1.1199999999999997,-0.5042600251211441,1.0,0.0,10.0,0.0,0.0,0.0,0.6696227031249999,1.12884575,9.100826972010177,823
gentd26,image_conditioned,test,full_budget_horizon_retrained,144,1700000942,2,1700200948,517,-3.12,-2.388999467926474,1.0,0.0,2.0,0.0,0.0,0.0,0.5432786875,0.5855895499999999,9.100826972010177,823
gentd26,image_conditioned,test,full_budget_horizon_retrained,144,1700000942,3,1700300951,290,-0.1199999999999992,0.8638244381068716,1.0,0.0,6.0,0.0,0.0,0.0,0.5460242343749999,0.6275440999999999,9.100826972010177,823
gentd26,image_conditioned,test,full_budget_horizon_retrained,144,1700000942,4,1700400954,476,-5.12,-3.795228099795501,0.0,0.0,0.0,0.0,0.0,0.0,0.5405600625,0.5814235499999999,9.100826972010177,823
gentd26,txt2img,test,full_budget_horizon_retrained,144,1700000942,0,1701000945,525,32.42991228105072,23.52916757204035,1.0,0.0,15.0,0.0,0.0,0.0,0.5923362812499999,0.64259735,5.885345598073498,823
gentd26,txt2img,test,full_budget_horizon_retrained,144,1700000942,1,1701100948,503,23.47992202760064,16.279153965020047,1.0,0.0,5.0,0.0,0.0,0.0,0.5235430624999999,0.5533543499999999,5.885345598073498,823
gentd26,txt2img,test,full_budget_horizon_retrained,144,1700000942,2,1701200951,490,19.57994152070048,11.90904585682679,1.0,0.0,5.0,0.0,0.0,0.0,0.529720953125,0.580579,5.885345598073498,823
gentd26,txt2img,test,full_budget_horizon_retrained,144,1700000942,3,1701300954,13,14.679961013800316,14.053452993075236,1.0,0.0,3.0,0.0,0.0,0.0,0.5264014375,0.55186105,5.885345598073498,823
gentd26,txt2img,test,full_budget_horizon_retrained,144,1700000942,4,1701400957,469,6.57994152070048,4.546898212906409,1.0,0.0,0.0,0.0,0.0,0.0,0.53992684375,0.5808000999999999,5.885345598073498,823
gentd26,image_conditioned,test,full_budget_horizon_retrained,144,1700000943,0,1700000943,531,-2.12,-1.6456343154698605,1.0,0.0,6.0,0.0,0.0,0.0,0.542074109375,0.5669051500000001,9.100826972010177,824
gentd26,image_conditioned,test,full_budget_horizon_retrained,144,1700000943,1,1700100946,420,-0.1199999999999998,0.1074126950244427,1.0,0.0,8.0,0.0,0.0,0.0,0.582268609375,0.82808595,9.100826972010177,824
gentd26,image_conditioned,test,full_budget_horizon_retrained,144,1700000943,2,1700200949,396,6.698020373709653,5.40356625358245,1.0,0.0,49.0,0.0,106.80305343511452,0.0,0.555955875,0.6532380499999997,9.100826972010177,824
gentd26,image_conditioned,test,full_budget_horizon_retrained,144,1700000943,3,1700300952,172,2.153160305343511,0.277299352347047,1.0,0.0,27.0,0.0,12.170992366412214,0.0,0.5417130156250001,0.5608147499999999,9.100826972010177,824
gentd26,image_conditioned,test,full_budget_horizon_retrained,144,1700000943,4,1700400955,302,-4.12,-2.899889845536784,1.0,0.0,1.0,0.0,0.0,0.0,0.559653546875,0.6237485500000001,9.100826972010177,824
gentd26,txt2img,test,full_budget_horizon_retrained,144,1700000943,0,1701000946,552,25.47992202760064,19.092474887068924,1.0,0.0,12.0,0.0,0.0,0.0,0.621215234375,1.1654156999999998,5.885345598073498,824
gentd26,txt2img,test,full_budget_horizon_retrained,144,1700000943,1,1701100949,495,20.52993177415056,13.222731900707432,1.0,0.0,5.0,0.0,0.0,0.0,0.862448703125,1.1634840999999998,5.885345598073498,824
gentd26,txt2img,test,full_budget_horizon_retrained,144,1700000943,2,1701200952,61,-7.676719901983223,-3.878808857149025,0.944360805403708,0.109375,140.0,0.0,564.6599567969253,65.65382641593509,1.0542438124999998,1.08085725,5.885345598073498,824
gentd26,txt2img,test,full_budget_horizon_retrained,144,1700000943,3,1701300955,248,-199.11242562701176,-157.7778443935262,1.0000000000000004,0.484375,144.0,0.0,3593.8888137454246,0.0,0.8243520156249999,1.0784069500000002,5.885345598073498,824
gentd26,txt2img,test,full_budget_horizon_retrained,144,1700000943,4,1701400958,405,44.72997076035024,35.07795130697562,1.0,0.0,33.0,0.0,0.0,0.0,1.057390734375,1.0878223,5.885345598073498,824
gentd26,image_conditioned,test,full_budget_horizon_retrained,144,1700000944,0,1700000944,364,9.415454008830118,6.582632705647081,1.0,0.0,64.0,0.0,142.33072519083973,0.0,1.02382725,1.84171495,9.100826972010177,825
gentd26,image_conditioned,test,full_budget_horizon_retrained,144,1700000944,1,1700100947,217,-76.65446100050067,-41.8133448335138,0.972457136997305,0.25,144.0,0.0,1517.78937659033,49.13848600508898,1.4179798125,1.8803938,9.100826972010177,825
gentd26,image_conditioned,test,full_budget_horizon_retrained,144,1700000944,2,1700200950,21,-3.12,-2.3868015338414192,1.0,0.0,8.0,0.0,0.0,0.0,1.51165875,1.8421845,9.100826972010177,825
gentd26,image_conditioned,test,full_budget_horizon_retrained,144,1700000944,3,1700300953,115,26.46931427226233,20.248166955614053,1.0,0.0,111.0,0.0,168.40674300254454,0.0,1.052243328125,1.7771719499999996,9.100826972010177,825
gentd26,image_conditioned,test,full_budget_horizon_retrained,144,1700000944,4,1700400956,189,10.250869930252064,5.812483728645336,0.9721951219512196,0.0,46.0,0.0,27.487022900763364,15.31603053435115,1.063782140625,1.7857150499999996,9.100826972010177,825
gentd26,txt2img,test,full_budget_horizon_retrained,144,1700000944,0,1701000947,139,24.17460688086902,21.147689497408656,1.0,0.0,53.0,0.0,24.43690302381735,0.0,1.152813359375,1.82243845,5.885345598073498,825
gentd26,txt2img,test,full_budget_horizon_retrained,144,1700000944,1,1701100950,105,-398.5454878231485,-247.54823010591787,0.8820285814489893,0.625,144.0,0.0,5223.750294219834,170.2615647456018,0.6216574374999999,0.9498748,5.885345598073498,825
gentd26,txt2img,test,full_budget_horizon_retrained,144,1700000944,2,1701200953,310,0.7299707603502401,1.328943762589411,1.0,0.0,0.0,0.0,0.0,0.0,1.253861109375,1.8382592,5.885345598073498,825
gentd26,txt2img,test,full_budget_horizon_retrained,144,1700000944,3,1701300956,125,12.207459814543784,6.072786073049633,1.0,0.078125,100.0,0.0,292.1679062023867,0.0,1.66532434375,1.7607495999999998,5.885345598073498,825
gentd26,txt2img,test,full_budget_horizon_retrained,144,1700000944,4,1701400959,459,7.456757459892851,5.940673691645675,1.0,0.0,0.0,0.0,0.6999415207004782,0.0,1.693256703125,1.76827275,5.885345598073498,825
gentd26,image_conditioned,test,full_budget_horizon_retrained,144,1700000945,0,1700000945,503,-3.12,-2.573572864063435,1.0,0.0,2.0,0.0,0.0,0.0,1.459373078125,1.92079475,9.100826972010177,826
gentd26,image_conditioned,test,full_budget_horizon_retrained,144,1700000945,1,1700100948,369,9.858887253812966,7.442190819251017,1.0,0.0,65.0,0.0,136.72048346055982,0.0,1.6691434531249998,1.9845957,9.100826972010177,826
gentd26,image_conditioned,test,full_budget_horizon_retrained,144,1700000945,2,1700200951,532,-1.1199999999999997,-1.0930157039862056,1.0,0.0,10.0,0.0,0.0,0.0,1.2182266249999998,1.8922942,9.100826972010177,826
gentd26,image_conditioned,test,full_budget_horizon_retrained,144,1700000945,3,1700300954,499,-3.12,-2.6217109547556694,1.0,0.0,2.0,0.0,0.0,0.0,0.7576675156249999,0.8129158999999999,9.100826972010177,826
gentd26,image_conditioned,test,full_budget_horizon_retrained,144,1700000945,4,1700400957,406,3.1531603053435124,2.644823440660642,1.0,0.0,19.0,0.0,12.170992366412214,0.0,0.75983934375,0.8245750999999999,9.100826972010177,826
gentd26,txt2img,test,full_budget_horizon_retrained,144,1700000945,0,1701000948,537,34.83715654472037,25.451730362981262,1.0,0.0,13.0,0.0,2.799766082801913,0.0,0.7682893125,0.8513208999999999,5.885345598073498,826
gentd26,txt2img,test,full_budget_horizon_retrained,144,1700000945,1,1701100951,280,19.42309991154518,17.099825028324197,1.0,0.0,14.0,0.0,1.0520447532398975,0.0,0.784721671875,0.8402436,5.885345598073498,826
gentd26,txt2img,test,full_budget_horizon_retrained,144,1700000945,2,1701200954,216,-253.51464131667424,-139.8944050732578,0.7812447392342845,0.375,144.0,0.0,3944.7195516454462,346.31183788106046,1.006362640625,1.93774245,5.885345598073498,826
gentd26,txt2img,test,full_budget_horizon_retrained,144,1700000945,3,1701300957,257,-128.20228572651052,-112.96003394879946,1.0,0.359375,118.0,0.0,2364.9365421694133,0.0,0.775625078125,0.8534759,5.885345598073498,826
gentd26,txt2img,test,full_budget_horizon_retrained,144,1700000945,4,1701400960,479,10.45675745989285,5.669091760230703,1.0,0.0,1.0,0.0,0.6999415207004782,0.0,1.190258546875,1.80719025,5.885345598073498,826
gentd26,image_conditioned,test,full_budget_horizon_retrained,144,1700000946,0,1700000946,118,22.31919844510451,16.925207155305763,1.0000000000000002,0.0,106.0,0.0,224.50286259541983,0.0,0.8135264531249999,0.98102755,9.100826972010177,827
gentd26,image_conditioned,test,full_budget_horizon_retrained,144,1700000946,1,1700100949,195,7.851817566700889,4.96262403997139,0.9468531468531468,0.0,72.0,0.0,188.31361323155213,45.94809160305344,1.18537503125,1.9394145,9.100826972010177,827
gentd26,image_conditioned,test,full_budget_horizon_retrained,144,1700000946,2,1700200952,470,-5.12,-3.795228099795501,0.0,0.0,0.0,0.0,0.0,0.0,1.2586936875,1.89547415,9.100826972010177,827
gentd26,image_conditioned,test,full_budget_horizon_retrained,144,1700000946,3,1700300955,235,-66.46623728952792,-47.10010762827085,1.0,0.21875,137.0,0.0,1497.0572519083964,0.0,1.83440790625,1.98369535,9.100826972010177,827
gentd26,image_conditioned,test,full_budget_horizon_retrained,144,1700000946,4,1700400958,490,-4.12,-3.208191317858016,1.0,0.0,1.0,0.0,0.0,0.0,0.996425515625,1.81862785,9.100826972010177,827
gentd26,txt2img,test,full_budget_horizon_retrained,144,1700000946,0,1701000949,67,-78.11035595153027,-43.965393687954425,0.8573782453510155,0.21875,144.0,0.0,1463.8940787057113,201.9088301421672,0.756800140625,0.8182174999999999,5.885345598073498,827
gentd26,txt2img,test,full_budget_horizon_retrained,144,1700000946,1,1701100952,442,11.920861100312178,10.747216800549324,1.0,0.0,1.0,0.0,6.349678363852632,0.0,1.366856875,1.7891291,5.885345598073498,827
gentd26,txt2img,test,full_budget_horizon_retrained,144,1700000946,2,1701200955,39,-12.82975958286826,-8.164052856221499,1.0,0.0625,63.0,0.0,365.27832035782353,0.0,1.470139484375,1.8393651,5.885345598073498,827
gentd26,txt2img,test,full_budget_horizon_retrained,144,1700000946,3,1701300958,70,-138.22623281060464,-77.426403837045,0.8248025433073053,0.265625,144.0,0.0,2216.318756273928,261.0080699112734,0.7862469062499999,1.427072649999997,5.885345598073498,827
gentd26,txt2img,test,full_budget_horizon_retrained,144,1700000946,4,1701400961,356,28.733882804630262,18.89538480111438,1.0,0.0,10.0,0.0,54.66105792500588,0.0,0.7758958437500001,0.8775823499999997,5.885345598073498,827
gentd26,image_conditioned,test,full_budget_horizon_retrained,144,1700000947,0,1700000947,352,9.068890303961718,5.3337301990667925,1.0,0.0,65.0,0.0,134.29007633587787,0.0,0.80729765625,1.1272287,9.100826972010177,828
gentd26,image_conditioned,test,full_budget_horizon_retrained,144,1700000947,1,1700100950,37,-93.19633478626788,-53.10255361281559,0.8497960326602304,0.203125,68.0,0.0,1595.603053435114,144.1343511450381,0.5711173437499999,0.6572947999999996,9.100826972010177,828
gentd26,image_conditioned,test,full_budget_horizon_retrained,144,1700000947,2,1700200953,483,-4.12,-3.24807145740474,1.0,0.0,1.0,0.0,0.0,0.0,0.537316984375,0.56995465,9.100826972010177,828
gentd26,image_conditioned,test,full_budget_horizon_retrained,144,1700000947,3,1700300956,408,3.1531603053435124,2.775582573050273,1.0,0.0,19.0,0.0,12.170992366412214,0.0,0.5667038125,0.6663920999999999,9.100826972010177,828
gentd26,image_conditioned,test,full_budget_horizon_retrained,144,1700000947,4,1700400959,43,-107.77720601187802,-64.27545617690595,0.9999999999999998,0.234375,88.0,0.0,1904.3786259541976,0.0,0.5412036093750001,0.58398195,9.100826972010177,828
gentd26,txt2img,test,full_budget_horizon_retrained,144,1700000947,0,1701000950,97,-369.9874692226434,-218.10962423820789,0.8278149476489269,0.546875,144.0,0.0,5033.905461780929,257.01093121985696,0.42178546875,0.5489657,5.885345598073498,828
gentd26,txt2img,test,full_budget_horizon_retrained,144,1700000947,1,1701100953,316,1.7299707603502397,0.7010139478332233,1.0,0.0,1.0,0.0,0.0,0.0,0.5357597031250001,0.57368245,5.885345598073498,828
gentd26,txt2img,test,full_budget_horizon_retrained,144,1700000947,2,1701200956,590,7.679961013800318,7.522363618571832,1.0,0.0,1.0,0.0,0.0,0.0,0.5322841875,0.5554368500000001,5.885345598073498,828
gentd26,txt2img,test,full_budget_horizon_retrained,144,1700000947,3,1701300959,509,25.3799025345008,18.550968195462204,1.0,0.0,5.0,0.0,0.0,0.0,0.5477935468749999,0.60064545,5.885345598073498,828
gentd26,txt2img,test,full_budget_horizon_retrained,144,1700000947,4,1701400962,178,8.343234741657819,4.541381049472212,1.0,0.0,61.0,0.0,98.95573475062758,0.0,0.5389613906249999,0.56714425,5.885345598073498,828
gentd26,image_conditioned,test,full_budget_horizon_retrained,144,1700000948,0,1700000948,468,-5.12,-3.795228099795501,0.0,0.0,14.0,0.0,0.0,0.0,0.779760328125,0.8205818,9.100826972010177,829
gentd26,image_conditioned,test,full_budget_horizon_retrained,144,1700000948,1,1700100951,104,-305.9156304278772,-180.93588750111056,0.8313297256643926,0.4375,144.0,0.0,4067.812277353689,292.17811704834605,0.597120046875,0.8633249,9.100826972010177,829
gentd26,image_conditioned,test,full_budget_horizon_retrained,144,1700000948,2,1700200954,239,-204.7916849815529,-130.44717989410225,0.9675469472028312,0.578125,144.0,0.0,2606.0181933842227,50.393893129770966,0.557759328125,0.77496415,9.100826972010177,829
gentd26,image_conditioned,test,full_budget_horizon_retrained,144,1700000948,3,1700300957,463,-5.12,-3.795228099795501,0.0,0.0,14.0,0.0,0.0,0.0,0.755960421875,0.8004751,9.100826972010177,829
gentd26,image_conditioned,test,full_budget_horizon_retrained,144,1700000948,4,1700400960,440,-2.12,-1.23920746025111,1.0,0.0,14.0,0.0,0.0,0.0,0.7413261718749999,0.7756302500000001,9.100826972010177,829
gentd26,txt2img,test,full_budget_horizon_retrained,144,1700000948,0,1701000951,95,-353.47104162749895,-206.20383344245965,0.820340292273917,0.515625,144.0,0.0,4870.100518755149,275.84830207807056,0.600688015625,0.7940360999999999,5.885345598073498,829
gentd26,txt2img,test,full_budget_horizon_retrained,144,1700000948,1,1701100954,117,-51.08447230024146,-51.05477609025768,0.9999999999999998,0.234375,138.0,0.0,1266.873698802436,0.0,0.76732809375,0.83838775,5.885345598073498,829
gentd26,txt2img,test,full_budget_horizon_retrained,144,1700000948,2,1701200957,577,15.860003709895793,13.82061289276778,1.0,0.0,14.0,0.0,10.372453299439195,0.0,0.819294328125,0.9194538,5.885345598073498,829
gentd26,txt2img,test,full_budget_horizon_retrained,144,1700000948,3,1701300960,291,9.5669487031684,9.160327127380995,1.0000000000000002,0.0,14.0,0.0,5.46433276577913,0.0,0.8054871250000001,0.88389325,5.885345598073498,829
gentd26,txt2img,test,full_budget_horizon_retrained,144,1700000948,4,1701400963,254,-196.14319871470263,-167.94400841327734,1.0,0.453125,134.0,0.0,3574.5539652213965,0.0,1.003036078125,1.82966105,5.885345598073498,829
gentd26,image_conditioned,test,full_budget_horizon_retrained,48,1700000939,0,1700000939,66,-1223.2235965263408,-767.5857880968139,0.4108528573409029,0.65625,48.0,0.0,16171.436641221377,495.0,0.38573515625,0.5635626,9.100826972010177,820
gentd26,image_conditioned,test,full_budget_horizon_retrained,48,1700000939,1,1700100942,73,-1488.4391451697124,-968.3873081120024,0.365007386795565,0.765625,48.0,0.0,19661.43664122137,500.0,0.6772821250000001,1.16640325,9.100826972010177,820
gentd26,image_conditioned,test,full_budget_horizon_retrained,48,1700000939,2,1700200945,182,8.153160305343512,4.075854434575395,1.0,0.0,37.0,0.0,12.170992366412214,0.0,0.93606546875,1.1257930500000002,9.100826972010177,820
gentd26,image_conditioned,test,full_budget_horizon_retrained,48,1700000939,3,1700300948,574,-1.1199999999999997,-0.6655502062416275,1.0,0.0,10.0,0.0,0.0,0.0,0.55743253125,0.58115315,9.100826972010177,820
gentd26,image_conditioned,test,full_budget_horizon_retrained,48,1700000939,4,1700400951,217,-869.7531354798787,-515.821725382796,0.3898637406352618,0.4375,48.0,0.0,11496.904580152672,495.0,0.39725021875,0.57379115,9.100826972010177,820
gentd26,txt2img,test,full_budget_horizon_retrained,48,1700000939,0,1701000942,528,34.47992202760064,25.005151420867666,1.0,0.0,17.0,0.0,0.0,0.0,1.00582634375,1.15410765,5.885345598073498,820
gentd26,txt2img,test,full_budget_horizon_retrained,48,1700000939,1,1701100945,43,-110.31048417555016,-62.200231472912776,0.7880791800485439,0.21875,48.0,0.0,1339.4075390558164,121.80024164150456,0.870304234375,1.1203603,5.885345598073498,820
gentd26,txt2img,test,full_budget_horizon_retrained,48,1700000939,2,1701200948,172,8.196837166624656,4.907597157305129,0.997005988023952,0.0,40.0,0.0,37.99961013800312,0.9499902534500748,0.532085328125,0.5829465499999998,5.885345598073498,820
gentd26,txt2img,test,full_budget_horizon_retrained,48,1700000939,3,1701300951,160,6.729970760350239,6.778798942324167,1.0,0.0,1.0,0.0,0.0,0.0,0.95694190625,1.1448096,5.885345598073498,820
gentd26,txt2img,test,full_budget_horizon_retrained,48,1700000939,4,1701400954,164,7.729970760350239,6.297139362743622,1.0,0.0,10.0,0.0,0.0,0.0,1.1053392187500002,1.15091195,5.885345598073498,820
gentd26,image_conditioned,test,full_budget_horizon_retrained,48,1700000940,0,1700000940,545,-0.1199999999999996,-0.6138769201016279,1.0,0.0,11.0,0.0,0.0,0.0,1.001624796875,1.19147325,9.100826972010177,821
gentd26,image_conditioned,test,full_budget_horizon_retrained,48,1700000940,1,1700100943,2,0.9777096249085536,1.7687670280809364,1.0,0.0,22.0,0.0,15.31603053435115,0.0,1.032186671875,1.1449503,9.100826972010177,821
gentd26,image_conditioned,test,full_budget_horizon_retrained,48,1700000940,2,1700200946,388,-146.82342714092553,-103.26443475659345,0.989622458087722,0.453125,48.0,0.0,1487.715712468193,7.170992366412213,0.301018515625,0.55611325,9.100826972010177,821
gentd26,image_conditioned,test,full_budget_horizon_retrained,48,1700000940,3,1700300949,157,3.780890879979809,4.6508382419146495,1.0,0.0,26.0,0.0,18.461068702290085,0.0,0.5846801718750001,0.8249394999999997,9.100826972010177,821
gentd26,image_conditioned,test,full_budget_horizon_retrained,48,1700000940,4,1700400952,155,4.780890879979808,5.4727615217146175,1.0,0.0,28.0,0.0,18.461068702290085,0.0,0.5368840468749999,0.5848620999999998,9.100826972010177,821
gentd26,txt2img,test,full_budget_horizon_retrained,48,1700000940,0,1701000943,125,-924.9890141459152,-628.2584917443567,0.7780909997891616,0.84375,48.0,0.0,11545.679591453803,181.11017098896323,0.28557559375,0.6264604999999998,5.885345598073498,821
gentd26,txt2img,test,full_budget_horizon_retrained,48,1700000940,1,1701100946,518,30.32989278795088,22.402496641131897,1.0,0.0,9.0,0.0,0.0,0.0,0.544734796875,0.6087944,5.885345598073498,821
gentd26,txt2img,test,full_budget_horizon_retrained,48,1700000940,2,1701200949,118,-1657.193532081101,-1126.6635923111944,0.5902198034775175,0.953125,48.0,0.0,21612.597638550196,419.39949317940415,0.24740621875,0.5317895,5.885345598073498,821
gentd26,txt2img,test,full_budget_horizon_retrained,48,1700000940,3,1701300952,500,22.529931774150555,15.188606318320048,1.0,0.0,5.0,0.0,0.0,0.0,0.551504390625,0.5847157,5.885345598073498,821
gentd26,txt2img,test,full_budget_horizon_retrained,48,1700000940,4,1701400955,582,14.67996101380032,13.373550169237314,1.0,0.0,8.0,0.0,0.0,0.0,0.544740015625,0.5992878999999998,5.885345598073498,821
gentd26,image_conditioned,test,full_budget_horizon_retrained,48,1700000941,0,1700000941,459,-5.684556489699983,-4.385094010652727,1.0,0.015625,4.0,0.0,9.341984732824423,0.0,0.7700075625,0.9143305499999992,9.100826972010177,822
gentd26,image_conditioned,test,full_budget_horizon_retrained,48,1700000941,1,1700100944,13,-3.12,-2.0534348836672525,1.0,0.0,5.0,0.0,0.0,0.0,0.7623855312499999,0.7966882,9.100826972010177,822
gentd26,image_conditioned,test,full_budget_horizon_retrained,48,1700000941,2,1700200947,76,-1600.248840077979,-1057.8795056589918,0.372053529167085,0.8125,48.0,0.0,21131.43664122137,485.0,0.40509253125,0.7977563,9.100826972010177,822
gentd26,image_conditioned,test,full_budget_horizon_retrained,48,1700000941,3,1700300950,41,-286.2158558817915,-161.19204118073665,0.6058077948165976,0.28125,48.0,0.0,3931.275190839694,407.0494910941475,0.70147396875,0.8312557999999999,9.100826972010177,822
gentd26,image_conditioned,test,full_budget_horizon_retrained,48,1700000941,4,1700400953,170,0.3053203685736075,-0.347394182205943,1.0000000000000002,0.0,22.0,0.0,23.66215012722646,0.0,0.78436403125,0.8671164499999998,9.100826972010177,822
gentd26,txt2img,test,full_budget_horizon_retrained,48,1700000941,0,1701000944,489,18.94929827517368,11.380348852044204,1.0,0.0,3.0,0.0,3.564352258878971,0.0,0.787205,0.8755461999999999,5.885345598073498,822
gentd26,txt2img,test,full_budget_horizon_retrained,48,1700000941,1,1701100947,192,-105.34050847806472,-59.67057227324207,0.7417099065561403,0.28125,48.0,0.0,1154.3768099077995,169.56628781097797,0.626368609375,0.8213074999999999,5.885345598073498,822
gentd26,txt2img,test,full_budget_horizon_retrained,48,1700000941,2,1701200950,105,-1655.7943655596496,-1102.1401285455077,0.439561061502394,0.796875,48.0,0.0,21716.7870098712,474.8995906449033,0.369053953125,0.79149065,5.885345598073498,822
gentd26,txt2img,test,full_budget_horizon_retrained,48,1700000941,3,1701300953,584,11.910013456445714,11.001486558816062,0.9999999999999998,0.0,10.0,0.0,10.372453299439195,0.0,0.82711484375,0.96259415,5.885345598073498,822
gentd26,txt2img,test,full_budget_horizon_retrained,48,1700000941,4,1701400956,34,-25.97266370140976,-13.943548078970386,0.8759717078839288,0.09375,48.0,0.0,434.5025844933047,60.91587069842308,0.769746984375,0.8475112999999999,5.885345598073498,822
gentd26,image_conditioned,test,full_budget_horizon_retrained,48,1700000942,0,1700000942,156,-0.2434937056734774,0.6507850583021684,0.9999999999999998,0.015625,28.0,0.0,76.64917302798983,0.0,0.8022386718750001,0.8936620999999998,9.100826972010177,823
gentd26,image_conditioned,test,full_budget_horizon_retrained,48,1700000942,1,1700100945,579,-1.6562138877218986,-0.976630002712073,1.0,0.0,9.0,0.0,22.982315521628493,0.0,0.818790578125,1.0258610499999998,9.100826972010177,823
gentd26,image_conditioned,test,full_budget_horizon_retrained,48,1700000942,2,1700200948,517,-3.12,-2.388999467926474,1.0,0.0,2.0,0.0,0.0,0.0,0.8056089843750001,0.9605987499999996,9.100826972010177,823
gentd26,image_conditioned,test,full_budget_horizon_retrained,48,1700000942,3,1700300951,290,-2.5878065738436984,-1.5995006147644242,1.0,0.015625,5.0,0.0,12.65330788804071,0.0,0.779047515625,0.82797745,9.100826972010177,823
gentd26,image_conditioned,test,full_budget_horizon_retrained,48,1700000942,4,1700400954,476,-5.12,-3.795228099795501,0.0,0.0,0.0,0.0,0.0,0.0,0.7920387656250001,0.87711055,9.100826972010177,823
gentd26,txt2img,test,full_budget_horizon_retrained,48,1700000942,0,1701000945,525,28.683842329467204,20.862060311523795,1.0,0.0,8.0,0.0,25.029550445357632,0.0,0.7782469999999999,0.8272122,5.885345598073498,823
gentd26,txt2img,test,full_budget_horizon_retrained,48,1700000942,1,1701100948,503,21.445749433715044,14.925104553082004,1.0,0.0,1.0,0.0,11.621722308195173,0.0,1.261097296875,1.85118395,5.885345598073498,823
gentd26,txt2img,test,full_budget_horizon_retrained,48,1700000942,2,1701200951,490,17.54576892681488,10.720839031671767,0.9999999999999998,0.0,1.0,0.0,11.621722308195174,0.0,0.817104890625,0.9039221,5.885345598073498,823
gentd26,txt2img,test,full_budget_horizon_retrained,48,1700000942,3,1701300954,13,13.721031803559525,13.164232250471786,1.0,0.0,1.0,0.0,4.699746589702073,0.0,0.8033068125,0.9024734,5.885345598073498,823
gentd26,txt2img,test,full_budget_horizon_retrained,48,1700000942,4,1701400957,469,6.57994152070048,4.546898212906409,1.0,0.0,0.0,0.0,0.0,0.0,0.790061234375,0.8431219999999998,5.885345598073498,823
gentd26,image_conditioned,test,full_budget_horizon_retrained,48,1700000943,0,1700000943,531,-2.12,-1.6456343154698605,1.0,0.0,19.0,0.0,0.0,0.0,1.712767625,1.7820131,9.100826972010177,824
gentd26,image_conditioned,test,full_budget_horizon_retrained,48,1700000943,1,1700100946,420,-0.967839936769904,-0.4712843496511711,1.0,0.0,29.0,0.0,11.491157760814248,0.0,1.7133495,1.78536585,9.100826972010177,824
gentd26,image_conditioned,test,full_budget_horizon_retrained,48,1700000943,2,1700200949,396,-21.02838161495124,-14.186629873535283,0.9301714159731024,0.140625,48.0,0.0,294.8496819338422,38.68396946564885,0.89342821875,1.7212082,9.100826972010177,824
gentd26,image_conditioned,test,full_budget_horizon_retrained,48,1700000943,3,1700300952,172,1.3053203685736072,-0.2305194703031771,1.0,0.0,31.0,0.0,23.66215012722646,0.0,1.74823359375,1.841516,9.100826972010177,824
gentd26,image_conditioned,test,full_budget_horizon_retrained,48,1700000943,4,1700400955,302,-4.12,-2.899889845536784,1.0,0.0,13.0,0.0,0.0,0.0,1.704246296875,1.77716055,9.100826972010177,824
gentd26,txt2img,test,full_budget_horizon_retrained,48,1700000943,0,1701000946,552,23.25369777406473,17.487731983900858,1.0,0.0,21.0,0.0,13.816046136321726,0.0,1.7062993437499998,1.78504165,5.885345598073498,824
gentd26,txt2img,test,full_budget_horizon_retrained,48,1700000943,1,1701100949,495,19.89928852862376,12.827976615157525,1.0,0.0,8.0,0.0,3.564352258878971,0.0,1.751372078125,1.8142835,5.885345598073498,824
gentd26,txt2img,test,full_budget_horizon_retrained,48,1700000943,2,1701200952,61,-566.8980015828029,-332.9613726087169,0.4733752196516562,0.515625,48.0,0.0,7180.819131217733,500.0,0.7628491406250001,1.8292542,5.885345598073498,824
gentd26,txt2img,test,full_budget_horizon_retrained,48,1700000943,3,1701300955,248,-1655.5197287349176,-1115.9229993738168,0.5272980944331631,0.875,48.0,0.0,21745.135950447744,426.7493664742553,0.3956463125,0.8635379499999999,5.885345598073498,824
gentd26,txt2img,test,full_budget_horizon_retrained,48,1700000943,4,1701400958,405,34.472478639227454,26.565940868430918,1.0,0.0,32.0,0.0,55.13885601362122,0.0,0.8111163125,0.9395500999999998,5.885345598073498,824
gentd26,image_conditioned,test,full_budget_horizon_retrained,48,1700000944,0,1700000944,364,-402.8966875479261,-239.5961546701906,0.7314881320949435,0.40625,48.0,0.0,5020.521564885496,198.6167938931297,0.5892930781250001,0.9533344499999996,9.100826972010177,825
gentd26,image_conditioned,test,full_budget_horizon_retrained,48,1700000944,1,1700100947,217,-980.1913308329044,-591.8664691894336,0.3328415633493301,0.5625,48.0,0.0,12745.964885496183,495.0,0.486359078125,0.84930085,9.100826972010177,825
gentd26,image_conditioned,test,full_budget_horizon_retrained,48,1700000944,2,1700200950,21,-3.12,-2.3868015338414192,1.0,0.0,8.0,0.0,0.0,0.0,0.8085741562500001,1.0303948499999995,9.100826972010177,825
gentd26,image_conditioned,test,full_budget_horizon_retrained,48,1700000944,3,1700300953,115,-1280.3692622712124,-816.9867535574067,0.5188301472099679,0.703125,48.0,0.0,16705.64891857506,460.0,0.4071516874999999,0.7882323,9.100826972010177,825
gentd26,image_conditioned,test,full_budget_horizon_retrained,48,1700000944,4,1700400956,189,-21.7763197812996,-11.638342947688482,0.8403798272357723,0.109375,48.0,0.0,249.34910941475823,87.9251272264631,0.71110096875,0.8613603,9.100826972010177,825
gentd26,txt2img,test,full_budget_horizon_retrained,48,1700000944,0,1701000947,139,7.369325832483637,6.389986356049256,1.0,0.078125,48.0,0.0,77.94483635078555,0.0,0.36187665625,0.81474315,5.885345598073498,825
gentd26,txt2img,test,full_budget_horizon_retrained,48,1700000944,1,1701100950,105,-1669.5761382391977,-1113.1847889866417,0.4305897728043772,0.796875,48.0,0.0,21896.290187113867,474.8995906449033,0.354498578125,0.7899666999999999,5.885345598073498,825
gentd26,txt2img,test,full_budget_horizon_retrained,48,1700000944,2,1701200953,310,0.7299707603502401,1.328943762589411,1.0,0.0,0.0,0.0,0.0,0.0,0.78775475,0.8662254999999999,5.885345598073498,825
gentd26,txt2img,test,full_budget_horizon_retrained,48,1700000944,3,1701300956,125,-891.8645660144534,-605.5929699122127,0.7894245753583001,0.84375,48.0,0.0,11094.748022013944,171.860317187212,0.36836840625,0.7873619999999999,5.885345598073498,825
gentd26,txt2img,test,full_budget_horizon_retrained,48,1700000944,4,1701400959,459,7.456757459892851,5.940673691645675,1.0,0.0,0.0,0.0,0.6999415207004782,0.0,0.794477546875,0.9011082,5.885345598073498,825
gentd26,image_conditioned,test,full_budget_horizon_retrained,48,1700000945,0,1700000945,503,-3.12,-2.573572864063435,1.0,0.0,38.0,0.0,0.0,0.0,0.98920984375,1.72920415,9.100826972010177,826
gentd26,image_conditioned,test,full_budget_horizon_retrained,48,1700000945,1,1700100948,369,-600.5961464642966,-370.2966234014387,0.7012535259717924,0.53125,48.0,0.0,7534.813358778626,220.98117048346057,0.7346120625,1.2558290999999977,9.100826972010177,826
gentd26,image_conditioned,test,full_budget_horizon_retrained,48,1700000945,2,1700200951,532,-2.656213887721898,-1.9131468683238992,0.8950952175205813,0.0,44.0,0.0,22.982315521628493,11.491157760814248,1.172451734375,1.764282,9.100826972010177,826
gentd26,image_conditioned,test,full_budget_horizon_retrained,48,1700000945,3,1700300954,499,-3.12,-2.6217109547556694,1.0,0.0,38.0,0.0,0.0,0.0,0.825934484375,1.049845499999999,9.100826972010177,826
gentd26,image_conditioned,test,full_budget_horizon_retrained,48,1700000945,4,1700400957,406,-27.75900945308016,-15.322062952244403,1.0000000000000002,0.140625,48.0,0.0,222.49770992366408,0.0,1.138100453125,1.8027367,9.100826972010177,826
gentd26,txt2img,test,full_budget_horizon_retrained,48,1700000945,0,1701000948,537,32.623054528537935,23.97851598352993,1.0,0.0,29.0,0.0,17.380398395200697,0.0,1.720961375,1.8074697,5.885345598073498,826
gentd26,txt2img,test,full_budget_horizon_retrained,48,1700000945,1,1701100951,280,17.809544089870972,15.649654596947476,1.0,0.0,35.0,0.0,20.15554946672445,0.0,1.463738609375,1.7586043999999998,5.885345598073498,826
gentd26,txt2img,test,full_budget_horizon_retrained,48,1700000945,2,1701200954,216,-1023.5948357557276,-629.9209587150333,0.3536389617329665,0.671875,48.0,0.0,13162.854242832307,498.7999610138003,0.4449740937499999,0.8552271,5.885345598073498,826
gentd26,txt2img,test,full_budget_horizon_retrained,48,1700000945,3,1701300957,257,-1636.8967322512744,-1135.8362463120698,0.6505369054846628,0.9375,48.0,0.0,21274.242295252843,354.0072005123903,0.3607420625,0.8632532499999997,5.885345598073498,826
gentd26,txt2img,test,full_budget_horizon_retrained,48,1700000945,4,1701400960,479,10.283563652535303,5.577142207899081,0.9828653928557516,0.0,48.0,0.0,1.3998830414009564,0.6999415207004782,0.7637162343749999,0.8787774999999999,5.885345598073498,826
gentd26,image_conditioned,test,full_budget_horizon_retrained,48,1700000946,0,1700000946,118,-1161.1325886274524,-732.1444495623086,0.6093393920273599,0.703125,48.0,0.0,15070.871246819335,445.0,0.2854215625,0.5332580499999999,9.100826972010177,827
gentd26,image_conditioned,test,full_budget_horizon_retrained,48,1700000946,1,1700100949,195,-64.24904249388943,-33.792301546070306,0.6772838377952013,0.09375,48.0,0.0,917.4339694656488,279.0041348600509,0.506843796875,0.59070125,9.100826972010177,827
gentd26,image_conditioned,test,full_budget_horizon_retrained,48,1700000946,2,1700200952,470,-5.12,-3.795228099795501,0.0,0.0,0.0,0.0,0.0,0.0,0.5234086874999999,0.5629251,9.100826972010177,827
gentd26,image_conditioned,test,full_budget_horizon_retrained,48,1700000946,3,1700300955,235,-1332.3328686714033,-846.2513618524194,0.4605163234882323,0.625,48.0,0.0,17614.022264631043,470.0,0.3152850625,0.5404150999999999,9.100826972010177,827
gentd26,image_conditioned,test,full_budget_horizon_retrained,48,1700000946,4,1700400958,490,-4.12,-3.208191317858016,1.0,0.0,1.0,0.0,0.0,0.0,0.5488269375,0.6351732,9.100826972010177,827
gentd26,txt2img,test,full_budget_horizon_retrained,48,1700000946,0,1701000949,67,-818.7997411958095,-492.7678079520174,0.4047086935865205,0.59375,48.0,0.0,10517.780161925331,500.0,0.340002515625,0.5421231,5.885345598073498,827
gentd26,txt2img,test,full_budget_horizon_retrained,48,1700000946,1,1701100952,442,12.679961013800318,11.440839562631636,1.0,0.0,4.0,0.0,0.0,0.0,0.53996446875,0.58238205,5.885345598073498,827
gentd26,txt2img,test,full_budget_horizon_retrained,48,1700000946,2,1701200955,39,-71.19966118169764,-39.661187829511206,0.8023504513348237,0.15625,48.0,0.0,904.8557245399552,106.6506022638516,0.52408328125,0.64787355,5.885345598073498,827
gentd26,txt2img,test,full_budget_horizon_retrained,48,1700000946,3,1701300958,70,-932.771134996532,-568.8566307190208,0.3946478332344293,0.640625,48.0,0.0,12017.780161925331,500.0,0.356798,0.6627387,5.885345598073498,827
gentd26,txt2img,test,full_budget_horizon_retrained,48,1700000946,4,1701400961,356,38.67996101380032,25.52823054429851,1.0,0.0,25.0,0.0,0.0,0.0,0.55074115625,0.6240513999999998,5.885345598073498,827
gentd26,image_conditioned,test,full_budget_horizon_retrained,48,1700000947,0,1700000947,352,-79.7311079580177,-43.99271071425736,0.8088638897749275,0.1875,48.0,0.0,976.7183206106868,139.05604325699744,0.4981484218750001,0.6100071,9.100826972010177,828
gentd26,image_conditioned,test,full_budget_horizon_retrained,48,1700000947,1,1700100950,37,-163.23274507122676,-90.87577485234306,0.6221783457325958,0.203125,48.0,0.0,2250.862595419847,362.5541984732824,0.539618421875,0.72978555,9.100826972010177,828
gentd26,image_conditioned,test,full_budget_horizon_retrained,48,1700000947,2,1700200953,483,-4.12,-3.24807145740474,1.0,0.0,1.0,0.0,0.0,0.0,0.5405685625000001,0.56758515,9.100826972010177,828
gentd26,image_conditioned,test,full_budget_horizon_retrained,48,1700000947,3,1700300956,408,3.1531603053435124,2.775582573050273,1.0,0.0,19.0,0.0,12.170992366412214,0.0,0.5732106562499999,0.7254521999999999,9.100826972010177,828
gentd26,image_conditioned,test,full_budget_horizon_retrained,48,1700000947,4,1700400959,43,-354.01906994407364,-200.1235760028746,0.5932460696684134,0.296875,48.0,0.0,4735.001526717556,429.92213740458,0.499888296875,0.6553046499999997,9.100826972010177,828
gentd26,txt2img,test,full_budget_horizon_retrained,48,1700000947,0,1701000950,97,-1443.5921376592737,-928.678353060962,0.3888950620313386,0.703125,48.0,0.0,19012.11612749018,494.9497953224516,0.423636953125,0.6574838999999999,5.885345598073498,828
gentd26,txt2img,test,full_budget_horizon_retrained,48,1700000947,1,1701100953,316,1.7299707603502397,0.7010139478332233,1.0,0.0,1.0,0.0,0.0,0.0,0.58767215625,0.7719394999999993,5.885345598073498,828
gentd26,txt2img,test,full_budget_horizon_retrained,48,1700000947,2,1701200956,590,7.679961013800318,7.522363618571832,1.0,0.0,1.0,0.0,0.0,0.0,0.6038496718749999,0.7472652999999999,5.885345598073498,828
gentd26,txt2img,test,full_budget_horizon_retrained,48,1700000947,3,1701300959,509,25.3799025345008,18.550968195462204,1.0,0.0,5.0,0.0,0.0,0.0,0.537821390625,0.5646964499999999,5.885345598073498,828
gentd26,txt2img,test,full_budget_horizon_retrained,48,1700000947,4,1701400962,178,-19.841338138403597,-10.623949663981204,0.8484973337733974,0.0625,48.0,0.0,324.5574071790303,71.25131379514745,0.5182564843749999,0.56700065,5.885345598073498,828
gentd26,image_conditioned,test,full_budget_horizon_retrained,48,1700000948,0,1700000948,468,-5.12,-3.795228099795501,0.0,0.0,0.0,0.0,0.0,0.0,0.862678390625,1.7699755999999998,9.100826972010177,829
gentd26,image_conditioned,test,full_budget_horizon_retrained,48,1700000948,1,1700100951,104,-1525.2056323249883,-1002.8382589274936,0.4493319349209427,0.875,48.0,0.0,19875.41679389313,480.0,0.77682259375,1.7055927,9.100826972010177,829
gentd26,image_conditioned,test,full_budget_horizon_retrained,48,1700000948,2,1700200954,239,-1400.0279392717823,-900.7501853723834,0.4950273244191,0.6875,48.0,0.0,18464.03982188295,462.1709923664122,0.95191903125,1.7227386,9.100826972010177,829
gentd26,image_conditioned,test,full_budget_horizon_retrained,48,1700000948,3,1700300957,463,-5.12,-3.795228099795501,0.0,0.0,0.0,0.0,0.0,0.0,1.548557484375,1.87119595,9.100826972010177,829
gentd26,image_conditioned,test,full_budget_horizon_retrained,48,1700000948,4,1700400960,440,-2.12,-1.23920746025111,1.0,0.0,6.0,0.0,0.0,0.0,1.3195490468749995,1.84724595,9.100826972010177,829
gentd26,txt2img,test,full_budget_horizon_retrained,48,1700000948,0,1701000951,95,-1400.2917853906902,-895.2832786092831,0.3871852145574751,0.6875,48.0,0.0,18447.65989563235,495.4498927879508,0.407775484375,0.7941785,5.885345598073498,829
gentd26,txt2img,test,full_budget_horizon_retrained,48,1700000948,1,1701100954,117,-1669.258784413013,-1134.1387967423984,0.5695077211103066,0.9375,48.0,0.0,21780.38825083244,424.39949317940415,0.332365,0.76400445,5.885345598073498,829
gentd26,txt2img,test,full_budget_horizon_retrained,48,1700000948,2,1701200957,577,15.860003709895793,13.82061289276778,1.0,0.0,5.0,0.0,10.372453299439195,0.0,0.8071136875,1.0752652999999996,5.885345598073498,829
gentd26,txt2img,test,full_budget_horizon_retrained,48,1700000948,3,1701300960,291,9.5669487031684,9.160327127380995,1.0000000000000002,0.0,2.0,0.0,5.46433276577913,0.0,0.949694421875,1.31282235,5.885345598073498,829
gentd26,txt2img,test,full_budget_horizon_retrained,48,1700000948,4,1701400963,254,-1794.8755583287573,-1244.9098704573332,0.5716957259447418,0.96875,48.0,0.0,23485.201443285023,403.3992982484058,0.471274296875,1.0516533999999995,5.885345598073498,829
gentd26,image_conditioned,test,full_budget_horizon_retrained,72,1700000939,0,1700000939,66,-971.143470396466,-594.2074877088011,0.5559752085397316,0.65625,72.0,0.0,13050.52671755725,495.0,0.43156090625,0.7998554499999997,9.100826972010177,820
gentd26,image_conditioned,test,full_budget_horizon_retrained,72,1700000939,1,1700100942,73,-1236.3590190398377,-782.3721314107718,0.488128774078802,0.765625,72.0,0.0,16540.52671755725,500.0,0.346591640625,0.5552773,9.100826972010177,820
gentd26,image_conditioned,test,full_budget_horizon_retrained,72,1700000939,2,1700200945,182,8.153160305343512,4.075854434575395,1.0,0.0,37.0,0.0,12.170992366412214,0.0,0.7182270000000001,1.10919815,9.100826972010177,820
gentd26,image_conditioned,test,full_budget_horizon_retrained,72,1700000939,3,1700300948,574,-1.1199999999999997,-0.6655502062416275,1.0,0.0,10.0,0.0,0.0,0.0,0.5784274375,1.05737765,9.100826972010177,820
gentd26,image_conditioned,test,full_budget_horizon_retrained,72,1700000939,4,1700400951,217,-646.00115674315,-371.3158295711255,0.5317177020649775,0.34375,72.0,0.0,8682.64134860051,495.0,0.4071414375,0.5443869499999999,9.100826972010177,820
gentd26,txt2img,test,full_budget_horizon_retrained,72,1700000939,0,1701000942,528,34.47992202760064,25.005151420867666,1.0,0.0,17.0,0.0,0.0,0.0,0.5187983125,0.55642565,5.885345598073498,820
gentd26,txt2img,test,full_budget_horizon_retrained,72,1700000939,1,1701100945,43,-1.398826122671187,-1.5687381289793163,0.9999999999999998,0.046875,70.0,0.0,281.197115021223,0.0,0.517791765625,0.54545825,5.885345598073498,820
gentd26,txt2img,test,full_budget_horizon_retrained,72,1700000939,2,1701200948,172,8.196837166624656,4.907597157305129,0.997005988023952,0.0,40.0,0.0,37.99961013800312,0.9499902534500748,0.875762234375,1.143757,5.885345598073498,820
gentd26,txt2img,test,full_budget_horizon_retrained,72,1700000939,3,1701300951,160,6.729970760350239,6.778798942324167,1.0,0.0,1.0,0.0,0.0,0.0,1.12615275,1.1449739,5.885345598073498,820
gentd26,txt2img,test,full_budget_horizon_retrained,72,1700000939,4,1701400954,164,7.729970760350239,6.297139362743622,1.0,0.0,10.0,0.0,0.0,0.0,1.101250265625,1.1374041,5.885345598073498,820
gentd26,image_conditioned,test,full_budget_horizon_retrained,72,1700000940,0,1700000940,545,-0.1199999999999996,-0.6138769201016279,1.0,0.0,11.0,0.0,0.0,0.0,0.58007878125,0.66171125,9.100826972010177,821
gentd26,image_conditioned,test,full_budget_horizon_retrained,72,1700000940,1,1700100943,2,0.9777096249085536,1.7687670280809364,1.0,0.0,22.0,0.0,15.31603053435115,0.0,1.1572957499999998,1.19083565,9.100826972010177,821
gentd26,image_conditioned,test,full_budget_horizon_retrained,72,1700000940,2,1700200946,388,9.068890303961718,7.977632604989332,1.0,0.0,61.0,0.0,134.29007633587787,0.0,1.147386625,1.173648,9.100826972010177,821
gentd26,image_conditioned,test,full_budget_horizon_retrained,72,1700000940,3,1700300949,157,3.780890879979809,4.6508382419146495,1.0,0.0,26.0,0.0,18.461068702290085,0.0,1.09260128125,1.13037425,9.100826972010177,821
gentd26,image_conditioned,test,full_budget_horizon_retrained,72,1700000940,4,1700400952,155,4.780890879979808,5.4727615217146175,1.0,0.0,28.0,0.0,18.461068702290085,0.0,1.113666671875,1.15004155,9.100826972010177,821
gentd26,txt2img,test,full_budget_horizon_retrained,72,1700000940,0,1701000943,125,-442.6345319318575,-300.0806114368631,0.9469286222810628,0.75,72.0,0.0,5116.800712393236,43.31399936083848,0.6548253125,1.1379688,5.885345598073498,821
gentd26,txt2img,test,full_budget_horizon_retrained,72,1700000940,1,1701100946,518,30.32989278795088,22.402496641131897,1.0,0.0,9.0,0.0,0.0,0.0,0.72942509375,1.12277095,5.885345598073498,821
gentd26,txt2img,test,full_budget_horizon_retrained,72,1700000940,2,1701200949,118,-1115.7110369748634,-747.8775410092294,0.7426874836087886,0.953125,72.0,0.0,14302.319810161083,286.0537054791525,0.2726021562499999,0.5289244499999999,5.885345598073498,821
gentd26,txt2img,test,full_budget_horizon_retrained,72,1700000940,3,1701300952,500,22.529931774150555,15.188606318320048,1.0,0.0,5.0,0.0,0.0,0.0,0.5246915937500001,0.5666268,5.885345598073498,821
gentd26,txt2img,test,full_budget_horizon_retrained,72,1700000940,4,1701400955,582,14.67996101380032,13.373550169237314,1.0,0.0,8.0,0.0,0.0,0.0,0.54231965625,0.59355085,5.885345598073498,821
gentd26,image_conditioned,test,full_budget_horizon_retrained,72,1700000941,0,1700000941,459,-4.12,-2.795228099795501,1.0,0.0,1.0,0.0,0.0,0.0,0.5946879843749999,1.11667545,9.100826972010177,822
gentd26,image_conditioned,test,full_budget_horizon_retrained,72,1700000941,1,1700100944,13,-3.12,-2.0534348836672525,1.0,0.0,5.0,0.0,0.0,0.0,1.0565460781249998,1.19063155,9.100826972010177,822
gentd26,image_conditioned,test,full_budget_horizon_retrained,72,1700000941,2,1700200947,76,-1348.168713948104,-866.1703761007517,0.495174916450322,0.8125,72.0,0.0,18010.52671755725,485.0,0.4154056874999999,1.1151418,9.100826972010177,822
gentd26,image_conditioned,test,full_budget_horizon_retrained,72,1700000941,3,1700300950,41,-137.80638650307668,-79.13016681770463,0.8513714508755639,0.265625,72.0,0.0,2166.4824427480908,153.4763358778625,0.509566703125,0.5509862,9.100826972010177,822
gentd26,image_conditioned,test,full_budget_horizon_retrained,72,1700000941,4,1700400953,170,1.1531603053435115,0.1503190458735416,1.0000000000000002,0.0,23.0,0.0,12.170992366412214,0.0,0.571329078125,0.9181863499999996,9.100826972010177,822
gentd26,txt2img,test,full_budget_horizon_retrained,72,1700000941,0,1701000944,489,19.57994152070048,11.752003117260566,1.0,0.0,5.0,0.0,0.0,0.0,0.7940795,1.14086495,5.885345598073498,822
gentd26,txt2img,test,full_budget_horizon_retrained,72,1700000941,1,1701100947,192,7.504339621944615,5.243243391343755,0.8807825152602814,0.03125,72.0,0.0,215.9397353248121,78.26574399327421,1.00203359375,1.0765227,5.885345598073498,822
gentd26,txt2img,test,full_budget_horizon_retrained,72,1700000941,2,1701200950,105,-1445.4795749358798,-937.108339451286,0.5374296654807602,0.75,72.0,0.0,19013.68986809669,474.8995906449033,0.38368075,0.6329243499999999,5.885345598073498,822
gentd26,txt2img,test,full_budget_horizon_retrained,72,1700000941,3,1701300953,584,13.679961013800318,12.712044901972495,1.0,0.0,8.0,0.0,0.0,0.0,0.5676841874999999,0.8407780499999987,5.885345598073498,822
gentd26,txt2img,test,full_budget_horizon_retrained,72,1700000941,4,1701400956,34,-8.348816376121265,-4.291797482338124,0.9903288201160544,0.046875,58.0,0.0,281.197115021223,4.749951267250296,0.541345796875,0.5901752499999999,5.885345598073498,822
gentd26,image_conditioned,test,full_budget_horizon_retrained,72,1700000942,0,1700000942,156,4.780890879979808,5.566377578497548,0.9999999999999998,0.0,59.0,0.0,18.461068702290085,0.0,1.778379890625,1.9594074,9.100826972010177,823
gentd26,image_conditioned,test,full_budget_horizon_retrained,72,1700000942,1,1700100945,579,-1.1199999999999997,-0.5042600251211441,1.0,0.0,55.0,0.0,0.0,0.0,1.3420184218750002,1.9563506,9.100826972010177,823
gentd26,image_conditioned,test,full_budget_horizon_retrained,72,1700000942,2,1700200948,517,-3.12,-2.388999467926474,1.0,0.0,55.0,0.0,0.0,0.0,1.8972005625,1.98844145,9.100826972010177,823
gentd26,image_conditioned,test,full_budget_horizon_retrained,72,1700000942,3,1700300951,290,-0.1199999999999992,0.8638244381068716,1.0,0.0,55.0,0.0,0.0,0.0,1.8478898125,1.942293,9.100826972010177,823
gentd26,image_conditioned,test,full_budget_horizon_retrained,72,1700000942,4,1700400954,476,-5.12,-3.795228099795501,0.0,0.0,55.0,0.0,0.0,0.0,1.890656625,2.00577395,9.100826972010177,823
gentd26,txt2img,test,full_budget_horizon_retrained,72,1700000942,0,1701000945,525,30.500083976599043,22.259743539123438,1.0,0.0,37.0,0.0,12.022385073589756,0.0,1.843150734375,2.0472019,5.885345598073498,823
gentd26,txt2img,test,full_budget_horizon_retrained,72,1700000942,1,1701100948,503,22.84927878207384,15.851348432315636,1.0,0.0,37.0,0.0,3.564352258878971,0.0,1.7227117343749998,1.79151635,5.885345598073498,823
gentd26,txt2img,test,full_budget_horizon_retrained,72,1700000942,2,1701200951,490,17.54576892681488,10.720839031671767,0.9999999999999998,0.0,39.0,0.0,11.621722308195174,0.0,1.71621434375,1.81987535,5.885345598073498,823
gentd26,txt2img,test,full_budget_horizon_retrained,72,1700000942,3,1701300954,13,13.721031803559525,13.164232250471786,1.0,0.0,44.0,0.0,4.699746589702073,0.0,1.708493484375,1.8810404,5.885345598073498,823
gentd26,txt2img,test,full_budget_horizon_retrained,72,1700000942,4,1701400957,469,6.57994152070048,4.546898212906409,1.0,0.0,51.0,0.0,0.0,0.0,1.014318390625,1.69836575,5.885345598073498,823
gentd26,image_conditioned,test,full_budget_horizon_retrained,72,1700000943,0,1700000943,531,-7.2519967361592546,-4.370239829124357,0.4821625689914702,0.015625,72.0,0.0,31.51297709923664,31.51297709923664,0.7755583906250001,0.95316155,9.100826972010177,824
gentd26,image_conditioned,test,full_budget_horizon_retrained,72,1700000943,1,1700100946,420,-0.1199999999999998,0.1074126950244427,1.0,0.0,72.0,0.0,0.0,0.0,0.7076388125,0.80419815,9.100826972010177,824
gentd26,image_conditioned,test,full_budget_horizon_retrained,72,1700000943,2,1700200949,396,-7.233876680439855,-2.3375252567782447,0.9301714159731024,0.0625,72.0,0.0,195.68396946564883,38.68396946564885,0.5262012968750001,0.7966376499999999,9.100826972010177,824
gentd26,image_conditioned,test,full_budget_horizon_retrained,72,1700000943,3,1700300952,172,-59.93751752410091,-33.18827424287258,0.3097717009533367,0.078125,72.0,0.0,667.430534351145,218.41984732824423,0.7426370156250001,0.91033005,9.100826972010177,824
gentd26,image_conditioned,test,full_budget_horizon_retrained,72,1700000943,4,1700400955,302,-4.12,-2.899889845536784,1.0,0.0,72.0,0.0,0.0,0.0,0.7974711718749999,1.2154207,9.100826972010177,824
gentd26,txt2img,test,full_budget_horizon_retrained,72,1700000943,0,1701000946,552,25.183544159435463,18.88948959625436,1.0,0.0,59.0,0.0,1.3998830414009564,0.0,0.8407288749999999,1.3783880499999972,5.885345598073498,824
gentd26,txt2img,test,full_budget_horizon_retrained,72,1700000943,1,1701100949,495,20.183544159435463,13.003444813564922,1.0,0.0,58.0,0.0,1.3998830414009564,0.0,1.490794640625,1.7493826,5.885345598073498,824
gentd26,txt2img,test,full_budget_horizon_retrained,72,1700000943,2,1701200952,61,-724.3149629610997,-432.72074101333095,0.4037569280233742,0.515625,72.0,0.0,9297.76877023072,500.0,1.097128234375,1.81340145,5.885345598073498,824
gentd26,txt2img,test,full_budget_horizon_retrained,72,1700000943,3,1701300955,248,-1508.5585507084006,-998.3033893680068,0.6532162189605762,0.875,72.0,0.0,19927.56031539704,426.42376324900937,0.978429375,1.8648875,5.885345598073498,824
gentd26,txt2img,test,full_budget_horizon_retrained,72,1700000943,4,1701400958,405,43.498454010996056,33.95847062210975,1.0,0.0,43.0,0.0,5.914225553730008,0.0,1.727218375,1.80658495,5.885345598073498,824
gentd26,image_conditioned,test,full_budget_horizon_retrained,72,1700000944,0,1700000944,364,-666.4386892867631,-402.3243341233259,0.5690278637770898,0.46875,72.0,0.0,8503.580025445295,318.78778625954203,0.509269125,0.7892950000000001,9.100826972010177,825
gentd26,image_conditioned,test,full_budget_horizon_retrained,72,1700000944,1,1700100947,217,-980.1913308329044,-591.8664691894336,0.3328415633493301,0.5625,72.0,0.0,12745.964885496183,495.0,0.45784871875,0.8059424999999999,9.100826972010177,825
gentd26,image_conditioned,test,full_budget_horizon_retrained,72,1700000944,2,1700200950,21,-8.251996736159255,-5.111407047495916,0.5684688074928917,0.015625,72.0,0.0,31.51297709923664,31.51297709923664,0.625524421875,0.77556435,9.100826972010177,825
gentd26,image_conditioned,test,full_budget_horizon_retrained,72,1700000944,3,1700300953,115,-1056.96555831477,-655.8341887517549,0.6050745240579986,0.65625,72.0,0.0,13720.871246819335,460.0,0.41743046875,0.7749854,9.100826972010177,825
gentd26,image_conditioned,test,full_budget_horizon_retrained,72,1700000944,4,1700400956,189,-358.3594912194408,-208.16809747614417,0.4280932418699187,0.328125,72.0,0.0,4401.736068702289,315.02894402035616,0.81729371875,1.766064,9.100826972010177,825
gentd26,txt2img,test,full_budget_horizon_retrained,72,1700000944,0,1701000947,139,21.3074954333878,18.107840979097425,1.0,0.015625,72.0,0.0,35.8367860652183,0.0,1.410937609375,1.75765805,5.885345598073498,825
gentd26,txt2img,test,full_budget_horizon_retrained,72,1700000944,1,1701100950,105,-1427.1186243305715,-924.2191928196236,0.5480320975784165,0.765625,72.0,0.0,18722.56070360145,474.8995906449033,0.5882921875,0.9175370499999996,5.885345598073498,825
gentd26,txt2img,test,full_budget_horizon_retrained,72,1700000944,2,1701200953,310,0.7299707603502401,1.328943762589411,1.0,0.0,72.0,0.0,0.0,0.0,0.778579046875,1.67577805,5.885345598073498,825
gentd26,txt2img,test,full_budget_horizon_retrained,72,1700000944,3,1701300956,125,-434.9461982083428,-299.168618715598,0.9552016337596876,0.796875,72.0,0.0,4963.106178384407,36.56201308689812,0.4121844375,0.78250385,5.885345598073498,825
gentd26,txt2img,test,full_budget_horizon_retrained,72,1700000944,4,1701400959,459,7.456757459892851,5.940673691645675,1.0,0.0,72.0,0.0,0.6999415207004782,0.0,0.7139335625000001,0.8065685499999999,5.885345598073498,825
gentd26,image_conditioned,test,full_budget_horizon_retrained,72,1700000945,0,1700000945,503,-3.12,-2.573572864063435,1.0,0.0,49.0,0.0,0.0,0.0,0.80453315625,0.8887183499999999,9.100826972010177,826
gentd26,image_conditioned,test,full_budget_horizon_retrained,72,1700000945,1,1700100948,369,-148.41548735830736,-87.57334771628427,0.9580206398348814,0.359375,72.0,0.0,1649.4065521628495,31.051908396946544,0.599026296875,0.9506822,9.100826972010177,826
gentd26,image_conditioned,test,full_budget_horizon_retrained,72,1700000945,2,1700200951,532,-1.1199999999999997,-1.0930157039862056,1.0,0.0,51.0,0.0,0.0,0.0,1.65449525,1.8543431,9.100826972010177,826
gentd26,image_conditioned,test,full_budget_horizon_retrained,72,1700000945,3,1700300954,499,-3.12,-2.6217109547556694,1.0,0.0,49.0,0.0,0.0,0.0,1.755705078125,1.825981,9.100826972010177,826
gentd26,image_conditioned,test,full_budget_horizon_retrained,72,1700000945,4,1700400957,406,3.1531603053435124,2.644823440660642,1.0,0.0,65.0,0.0,12.170992366412214,0.0,1.7585407968750002,1.84215495,9.100826972010177,826
gentd26,txt2img,test,full_budget_horizon_retrained,72,1700000945,0,1701000948,537,33.78300875437137,24.67885753845569,1.0,0.0,34.0,0.0,10.822346087390072,0.0,1.6814799375,1.80350275,5.885345598073498,826
gentd26,txt2img,test,full_budget_horizon_retrained,72,1700000945,1,1701100951,280,18.804205942198177,16.530286065160134,1.0,0.0,52.0,0.0,10.909960609351636,0.0,1.349842015625,1.75120945,5.885345598073498,826
gentd26,txt2img,test,full_budget_horizon_retrained,72,1700000945,2,1701200954,216,-796.1869682633071,-467.74346959094527,0.4162694995866171,0.453125,72.0,0.0,10589.3982257964,498.7999610138003,0.51918803125,0.7735931,5.885345598073498,826
gentd26,txt2img,test,full_budget_horizon_retrained,72,1700000945,3,1701300957,257,-1009.3771626773828,-702.0917994489323,0.8178591496709992,0.9375,72.0,0.0,12884.093610639267,184.50924728787356,0.402832671875,0.8406169,5.885345598073498,826
gentd26,txt2img,test,full_budget_horizon_retrained,72,1700000945,4,1701400960,479,10.45675745989285,5.669091760230703,1.0,0.0,49.0,0.0,0.6999415207004782,0.0,0.796456359375,0.8692645499999999,5.885345598073498,826
gentd26,image_conditioned,test,full_budget_horizon_retrained,72,1700000946,0,1700000946,118,-926.1365906387384,-573.2935491991152,0.6802623144154772,0.640625,72.0,0.0,11950.670737913482,403.8438295165393,0.4932525,0.8228503,9.100826972010177,827
gentd26,image_conditioned,test,full_budget_horizon_retrained,72,1700000946,1,1700100949,195,-149.90848350532045,-81.93195526521663,0.5596136187045277,0.21875,72.0,0.0,1822.493129770992,380.7358778625954,1.0864408125,1.9133656,9.100826972010177,827
gentd26,image_conditioned,test,full_budget_horizon_retrained,72,1700000946,2,1700200952,470,-5.12,-3.795228099795501,0.0,0.0,37.0,0.0,0.0,0.0,1.86790771875,1.95901585,9.100826972010177,827
gentd26,image_conditioned,test,full_budget_horizon_retrained,72,1700000946,3,1700300955,235,-1197.3456914428514,-746.2926221000276,0.5664045104773042,0.625,72.0,0.0,15861.868129770992,470.0,1.137682640625,1.8677798,9.100826972010177,827
gentd26,image_conditioned,test,full_budget_horizon_retrained,72,1700000946,4,1700400958,490,-4.12,-3.208191317858016,1.0,0.0,38.0,0.0,0.0,0.0,1.7810669375,1.84454585,9.100826972010177,827
gentd26,txt2img,test,full_budget_horizon_retrained,72,1700000946,0,1701000949,67,-658.2789058294231,-386.055198213053,0.4633025865774946,0.546875,72.0,0.0,8428.795871441016,500.0,1.185296921875,1.887036,5.885345598073498,827
gentd26,txt2img,test,full_budget_horizon_retrained,72,1700000946,1,1701100952,442,12.33357339908522,11.151642929220891,1.0,0.0,26.0,0.0,1.3998830414009564,0.0,1.801243,1.93961425,5.885345598073498,827
gentd26,txt2img,test,full_budget_horizon_retrained,72,1700000946,2,1701200955,39,-134.20221125222565,-74.82270378678399,0.6507261079826953,0.171875,72.0,0.0,1710.7372336771805,188.46625853817656,1.605364421875,1.91442265,5.885345598073498,827
gentd26,txt2img,test,full_budget_horizon_retrained,72,1700000946,3,1701300958,70,-730.4438957760904,-430.1785528880191,0.4614696869459077,0.515625,72.0,0.0,9534.054387903405,500.0,1.1533889843749998,1.8754522,5.885345598073498,827
gentd26,txt2img,test,full_budget_horizon_retrained,72,1700000946,4,1701400961,356,36.25546671112474,23.98482896189444,1.0,0.0,36.0,0.0,11.063864931382955,0.0,1.806828171875,1.8626177,5.885345598073498,827
gentd26,image_conditioned,test,full_budget_horizon_retrained,72,1700000947,0,1700000947,352,9.068890303961718,5.3337301990667925,1.0,0.0,65.0,0.0,134.29007633587787,0.0,0.538371078125,0.57662985,9.100826972010177,828
gentd26,image_conditioned,test,full_budget_horizon_retrained,72,1700000947,1,1700100950,37,-93.19633478626788,-53.10255361281559,0.8497960326602304,0.203125,68.0,0.0,1595.603053435114,144.1343511450381,0.545579,0.6409490499999997,9.100826972010177,828
gentd26,image_conditioned,test,full_budget_horizon_retrained,72,1700000947,2,1700200953,483,-4.12,-3.24807145740474,1.0,0.0,1.0,0.0,0.0,0.0,0.93030496875,1.1892313499999998,9.100826972010177,828
gentd26,image_conditioned,test,full_budget_horizon_retrained,72,1700000947,3,1700300956,408,3.1531603053435124,2.775582573050273,1.0,0.0,19.0,0.0,12.170992366412214,0.0,0.571669125,1.0080324499999975,9.100826972010177,828
gentd26,image_conditioned,test,full_budget_horizon_retrained,72,1700000947,4,1700400959,43,-166.2751739658134,-95.85131028588214,0.8412252927887587,0.296875,72.0,0.0,2507.119083969465,167.81832061068692,0.556289828125,1.0928793499999998,9.100826972010177,828
gentd26,txt2img,test,full_budget_horizon_retrained,72,1700000947,0,1701000950,97,-1237.0597103945852,-774.2558372062483,0.4967225646364582,0.625,72.0,0.0,16388.75422400224,494.9497953224516,0.32228025,0.55365955,5.885345598073498,828
gentd26,txt2img,test,full_budget_horizon_retrained,72,1700000947,1,1701100953,316,1.7299707603502397,0.7010139478332233,1.0,0.0,1.0,0.0,0.0,0.0,0.52390515625,0.5429794,5.885345598073498,828
gentd26,txt2img,test,full_budget_horizon_retrained,72,1700000947,2,1701200956,590,7.679961013800318,7.522363618571832,1.0,0.0,1.0,0.0,0.0,0.0,0.535877578125,0.5815916999999999,5.885345598073498,828
gentd26,txt2img,test,full_budget_horizon_retrained,72,1700000947,3,1701300959,509,25.3799025345008,18.550968195462204,1.0,0.0,5.0,0.0,0.0,0.0,0.5356548593749999,0.56613475,5.885345598073498,828
gentd26,txt2img,test,full_budget_horizon_retrained,72,1700000947,4,1701400962,178,8.343234741657819,4.541381049472212,1.0,0.0,61.0,0.0,98.95573475062758,0.0,0.5276267968749999,0.5446349,5.885345598073498,828
gentd26,image_conditioned,test,full_budget_horizon_retrained,72,1700000948,0,1700000948,468,-5.12,-3.795228099795501,0.0,0.0,4.0,0.0,0.0,0.0,0.82636678125,0.9247061,9.100826972010177,829
gentd26,image_conditioned,test,full_budget_horizon_retrained,72,1700000948,1,1700100951,104,-1271.0480612946533,-806.2335034622647,0.5353733702326182,0.71875,72.0,0.0,16746.19548346056,480.0,0.465168734375,0.91816725,9.100826972010177,829
gentd26,image_conditioned,test,full_budget_horizon_retrained,72,1700000948,2,1700200954,239,-1196.6091076851512,-749.2285566654493,0.6638189869891521,0.609375,72.0,0.0,15898.4179389313,462.1709923664122,0.5285600000000001,0.83787345,9.100826972010177,829
gentd26,image_conditioned,test,full_budget_horizon_retrained,72,1700000948,3,1700300957,463,-5.12,-3.795228099795501,0.0,0.0,4.0,0.0,0.0,0.0,1.569778640625,2.0487462,9.100826972010177,829
gentd26,image_conditioned,test,full_budget_horizon_retrained,72,1700000948,4,1700400960,440,-2.12,-1.23920746025111,1.0,0.0,9.0,0.0,0.0,0.0,0.7671223125,0.80890805,9.100826972010177,829
gentd26,txt2img,test,full_budget_horizon_retrained,72,1700000948,0,1701000951,95,-1192.816317680461,-741.3197282082839,0.4966102468365069,0.59375,72.0,0.0,15828.47729120172,495.4498927879508,0.4605285624999999,0.816874,5.885345598073498,829
gentd26,txt2img,test,full_budget_horizon_retrained,72,1700000948,1,1701100954,117,-1187.2562168016862,-791.6933157001513,0.718786287937515,0.9375,72.0,0.0,15315.75041273656,319.3033643499053,0.38320284375,0.7774153,5.885345598073498,829
gentd26,txt2img,test,full_budget_horizon_retrained,72,1700000948,2,1701200957,577,15.860003709895793,13.82061289276778,1.0,0.0,10.0,0.0,10.372453299439195,0.0,0.766475,0.8132625,5.885345598073498,829
gentd26,txt2img,test,full_budget_horizon_retrained,72,1700000948,3,1701300960,291,9.5669487031684,9.160327127380995,1.0000000000000002,0.0,8.0,0.0,5.46433276577913,0.0,0.761267515625,0.8268921499999998,5.885345598073498,829
gentd26,txt2img,test,full_budget_horizon_retrained,72,1700000948,4,1701400963,254,-1422.320057684635,-976.4298883482963,0.7187395155442639,0.96875,72.0,0.0,18627.183688651447,324.21006400897505,0.382496875,0.7649062499999999,5.885345598073498,829
gentd26,image_conditioned,test,full_budget_horizon_retrained,96,1700000939,0,1700000939,66,-752.6749827776084,-453.7106771427109,0.6774272365118383,0.578125,96.0,0.0,10287.686641221371,495.0,0.6132866562499999,0.8535801,9.100826972010177,820
gentd26,image_conditioned,test,full_budget_horizon_retrained,96,1700000939,1,1700100942,73,-1041.7824951890543,-647.3265291454898,0.5817632209297322,0.6875,96.0,0.0,14091.01679389313,500.0,0.549402375,0.8339582,9.100826972010177,820
gentd26,image_conditioned,test,full_budget_horizon_retrained,96,1700000939,2,1700200945,182,8.153160305343512,4.075854434575395,1.0,0.0,37.0,0.0,12.170992366412214,0.0,0.791324671875,0.8366979,9.100826972010177,820
gentd26,image_conditioned,test,full_budget_horizon_retrained,96,1700000939,3,1700300948,574,-1.1199999999999997,-0.6655502062416275,1.0,0.0,10.0,0.0,0.0,0.0,0.789668796875,0.8440806499999999,9.100826972010177,820
gentd26,image_conditioned,test,full_budget_horizon_retrained,96,1700000939,4,1700400951,217,-443.86811423724,-247.84574424005604,0.67863084704242,0.296875,96.0,0.0,6106.566094147582,495.0,0.65021859375,0.8001809,9.100826972010177,820
gentd26,txt2img,test,full_budget_horizon_retrained,96,1700000939,0,1701000942,528,31.746238589345552,23.259999739235184,1.0000000000000002,0.0,10.0,0.0,16.68045687450022,0.0,0.86806121875,1.6993313,5.885345598073498,820
gentd26,txt2img,test,full_budget_horizon_retrained,96,1700000939,1,1701100945,43,-8.879769329418181,-6.214611280145627,0.9999999999999998,0.0625,67.0,0.0,365.27832035782353,0.0,1.1730620156249998,1.7043983,5.885345598073498,820
gentd26,txt2img,test,full_budget_horizon_retrained,96,1700000939,2,1701200948,172,7.97469078594913,4.778430645794693,0.997005988023952,0.0,37.0,0.0,39.66824683436029,0.9499902534500748,0.78122996875,0.8524110499999997,5.885345598073498,820
gentd26,txt2img,test,full_budget_horizon_retrained,96,1700000939,3,1701300951,160,6.200677860962657,6.265226571341297,0.9999999999999998,0.0,0.0,0.0,2.5999220276006376,0.0,1.4009156093749997,1.87751735,5.885345598073498,820
gentd26,txt2img,test,full_budget_horizon_retrained,96,1700000939,4,1701400954,164,7.507824379674713,6.1779516495496045,1.0,0.0,7.0,0.0,1.6686366963571686,0.0,1.75195978125,1.8299598,5.885345598073498,820
gentd26,image_conditioned,test,full_budget_horizon_retrained,96,1700000940,0,1700000940,545,-0.1199999999999996,-0.6138769201016279,1.0,0.0,69.0,0.0,0.0,0.0,0.78127178125,0.87043935,9.100826972010177,821
gentd26,image_conditioned,test,full_budget_horizon_retrained,96,1700000940,1,1700100943,2,0.9777096249085536,1.7687670280809364,1.0,0.0,78.0,0.0,15.31603053435115,0.0,0.8004374999999999,0.9480863499999996,9.100826972010177,821
gentd26,image_conditioned,test,full_budget_horizon_retrained,96,1700000940,2,1700200946,388,5.309955403405788,5.7327502793779175,0.9896224580877216,0.015625,96.0,0.0,149.50171755725194,7.170992366412213,0.7624128125,0.9560294,9.100826972010177,821
gentd26,image_conditioned,test,full_budget_horizon_retrained,96,1700000940,3,1700300949,157,3.780890879979809,4.6508382419146495,1.0,0.0,79.0,0.0,18.461068702290085,0.0,0.88499090625,1.2372868,9.100826972010177,821
gentd26,image_conditioned,test,full_budget_horizon_retrained,96,1700000940,4,1700400952,155,4.780890879979808,5.4727615217146175,1.0,0.0,80.0,0.0,18.461068702290085,0.0,0.8407915781249999,0.93093405,9.100826972010177,821
gentd26,txt2img,test,full_budget_horizon_retrained,96,1700000940,0,1701000943,125,-18.157669728793376,-15.903728334426487,1.0,0.21875,96.0,0.0,389.8148047772687,0.0,0.5547393281249999,0.9753328,5.885345598073498,821
gentd26,txt2img,test,full_budget_horizon_retrained,96,1700000940,1,1701100946,518,29.24297284624277,21.645998944262782,1.0,0.0,43.0,0.0,7.007945095761501,0.0,0.90307821875,1.14714945,5.885345598073498,821
gentd26,txt2img,test,full_budget_horizon_retrained,96,1700000940,2,1701200949,118,-628.7387684076548,-422.9075901436813,0.8781942096427134,0.84375,96.0,0.0,7843.048230172402,135.4112041232547,0.52529053125,1.2273902,5.885345598073498,821
gentd26,txt2img,test,full_budget_horizon_retrained,96,1700000940,3,1701300952,500,21.89928852862376,14.77350703774249,1.0,0.0,44.0,0.0,3.564352258878971,0.0,0.80288896875,0.87917775,5.885345598073498,821
gentd26,txt2img,test,full_budget_horizon_retrained,96,1700000940,4,1701400955,582,14.069967682279156,12.797876848330205,1.0,0.0,55.0,0.0,3.814400991628572,0.0,1.3781214375,1.7840684999999998,5.885345598073498,821
gentd26,image_conditioned,test,full_budget_horizon_retrained,96,1700000941,0,1700000941,459,-5.684556489699983,-4.385094010652727,1.0,0.015625,54.0,0.0,9.341984732824423,0.0,0.761540109375,0.7950383,9.100826972010177,822
gentd26,image_conditioned,test,full_budget_horizon_retrained,96,1700000941,1,1700100944,13,-3.12,-2.0534348836672525,1.0,0.0,54.0,0.0,0.0,0.0,0.763735890625,0.80374045,9.100826972010177,822
gentd26,image_conditioned,test,full_budget_horizon_retrained,96,1700000941,2,1700200947,76,-1272.4403377981284,-810.6915432637071,0.5362153788780677,0.796875,96.0,0.0,17055.98167938931,485.0,0.463157375,0.77551335,9.100826972010177,822
gentd26,image_conditioned,test,full_budget_horizon_retrained,96,1700000941,3,1700300950,41,-185.11488149829256,-104.82397363688344,0.743848418405868,0.265625,96.0,0.0,2701.611068702289,264.5064249363867,0.7097701875,0.77575885,9.100826972010177,822
gentd26,image_conditioned,test,full_budget_horizon_retrained,96,1700000941,4,1700400953,170,1.1531603053435115,0.1503190458735416,1.0000000000000002,0.0,68.0,0.0,12.170992366412214,0.0,0.752335234375,0.78393085,9.100826972010177,822
gentd26,txt2img,test,full_budget_horizon_retrained,96,1700000941,0,1701000944,489,19.57994152070048,11.752003117260566,1.0,0.0,51.0,0.0,0.0,0.0,0.7691721874999999,0.8325762499999999,5.885345598073498,822
gentd26,txt2img,test,full_budget_horizon_retrained,96,1700000941,1,1701100947,192,7.767365108809887,5.384020263281817,0.8835496795270923,0.03125,96.0,0.0,204.86085540230712,76.44911306395726,0.757585453125,0.8660081999999999,5.885345598073498,822
gentd26,txt2img,test,full_budget_horizon_retrained,96,1700000941,2,1701200950,105,-1182.859958320786,-745.463885368636,0.6548719902547996,0.765625,96.0,0.0,15567.00329940606,474.8995906449033,0.460320328125,0.8136218999999999,5.885345598073498,822
gentd26,txt2img,test,full_budget_horizon_retrained,96,1700000941,3,1701300953,584,13.679961013800318,12.712044901972495,1.0,0.0,53.0,0.0,0.0,0.0,0.79735471875,0.90092365,5.885345598073498,822
gentd26,txt2img,test,full_budget_horizon_retrained,96,1700000941,4,1701400956,34,-11.519478303560218,-5.975119474452208,0.9591732555292044,0.0625,95.0,0.0,296.4990135762141,20.051849822241397,1.233420203125,1.8788368499999997,5.885345598073498,822
gentd26,image_conditioned,test,full_budget_horizon_retrained,96,1700000942,0,1700000942,156,4.780890879979808,5.566377578497548,0.9999999999999998,0.0,28.0,0.0,18.461068702290085,0.0,0.5578727031249999,0.8846883499999995,9.100826972010177,823
gentd26,image_conditioned,test,full_budget_horizon_retrained,96,1700000942,1,1700100945,579,-1.1199999999999997,-0.5042600251211441,1.0,0.0,10.0,0.0,0.0,0.0,0.756433984375,1.1666877499999997,9.100826972010177,823
gentd26,image_conditioned,test,full_budget_horizon_retrained,96,1700000942,2,1700200948,517,-3.12,-2.388999467926474,1.0,0.0,2.0,0.0,0.0,0.0,0.6860451249999999,1.0957989,9.100826972010177,823
gentd26,image_conditioned,test,full_budget_horizon_retrained,96,1700000942,3,1700300951,290,-0.1199999999999992,0.8638244381068716,1.0,0.0,6.0,0.0,0.0,0.0,0.59592928125,0.8429306499999999,9.100826972010177,823
gentd26,image_conditioned,test,full_budget_horizon_retrained,96,1700000942,4,1700400954,476,-5.12,-3.795228099795501,0.0,0.0,0.0,0.0,0.0,0.0,0.5322145,0.5693412,9.100826972010177,823
gentd26,txt2img,test,full_budget_horizon_retrained,96,1700000942,0,1701000945,525,32.42991228105072,23.52916757204035,1.0,0.0,15.0,0.0,0.0,0.0,0.52690946875,0.545504,5.885345598073498,823
gentd26,txt2img,test,full_budget_horizon_retrained,96,1700000942,1,1701100948,503,23.47992202760064,16.279153965020047,1.0,0.0,5.0,0.0,0.0,0.0,0.5255069374999999,0.5535935999999999,5.885345598073498,823
gentd26,txt2img,test,full_budget_horizon_retrained,96,1700000942,2,1701200951,490,19.57994152070048,11.90904585682679,1.0,0.0,5.0,0.0,0.0,0.0,0.515793140625,0.5564222999999999,5.885345598073498,823
gentd26,txt2img,test,full_budget_horizon_retrained,96,1700000942,3,1701300954,13,14.679961013800316,14.053452993075236,1.0,0.0,3.0,0.0,0.0,0.0,0.53177228125,0.5773949999999999,5.885345598073498,823
gentd26,txt2img,test,full_budget_horizon_retrained,96,1700000942,4,1701400957,469,6.57994152070048,4.546898212906409,1.0,0.0,0.0,0.0,0.0,0.0,0.54874453125,0.5925697499999999,5.885345598073498,823
gentd26,image_conditioned,test,full_budget_horizon_retrained,96,1700000943,0,1700000943,531,-2.12,-1.6456343154698605,1.0,0.0,91.0,0.0,0.0,0.0,0.832639421875,1.0017459,9.100826972010177,824
gentd26,image_conditioned,test,full_budget_horizon_retrained,96,1700000943,1,1700100946,420,-0.1199999999999998,0.1074126950244427,1.0,0.0,90.0,0.0,0.0,0.0,0.7821557499999999,0.83718235,9.100826972010177,824
gentd26,image_conditioned,test,full_budget_horizon_retrained,96,1700000943,2,1700200949,396,-4.104763701039889,-0.3592129588639985,0.9301714159731026,0.03125,96.0,0.0,177.0,38.68396946564885,0.70567871875,0.8272911,9.100826972010177,824
gentd26,image_conditioned,test,full_budget_horizon_retrained,96,1700000943,3,1700300952,172,-22.6492121167471,-12.984761648026364,0.6146225330322796,0.046875,96.0,0.0,246.9723282442748,121.95108142493638,0.728901671875,0.7780895,9.100826972010177,824
gentd26,image_conditioned,test,full_budget_horizon_retrained,96,1700000943,4,1700400955,302,-4.12,-2.899889845536784,1.0,0.0,87.0,0.0,0.0,0.0,1.2319345781250002,1.7869809,9.100826972010177,824
gentd26,txt2img,test,full_budget_horizon_retrained,96,1700000943,0,1701000946,552,25.183544159435463,18.88948959625436,1.0,0.0,89.0,0.0,1.3998830414009564,0.0,0.92463790625,1.88725115,5.885345598073498,824
gentd26,txt2img,test,full_budget_horizon_retrained,96,1700000943,1,1701100949,495,20.33123761554077,13.100079955534785,1.0,0.0,87.0,0.0,1.4645276967775374,0.0,0.75703996875,0.7989902,5.885345598073498,824
gentd26,txt2img,test,full_budget_horizon_retrained,96,1700000943,2,1701200952,61,-642.8181002760966,-380.57950093251,0.4386702201818818,0.515625,96.0,0.0,8214.416994701056,500.0,0.557786609375,0.9520531499999996,5.885345598073498,824
gentd26,txt2img,test,full_budget_horizon_retrained,96,1700000943,3,1701300955,248,-1068.890008814864,-707.8235624132446,0.7680846240610782,0.875,96.0,0.0,14165.806974883082,285.1754688952454,0.486318609375,0.8696089,5.885345598073498,824
gentd26,txt2img,test,full_budget_horizon_retrained,96,1700000943,4,1701400958,405,43.498454010996056,33.95847062210975,1.0,0.0,65.0,0.0,5.914225553730008,0.0,0.829173078125,0.9937752,5.885345598073498,824
gentd26,image_conditioned,test,full_budget_horizon_retrained,96,1700000944,0,1700000944,364,-952.0228941476504,-587.262619202176,0.4346260749914001,0.59375,96.0,0.0,12196.065712468191,418.20407124681935,0.44200784375,0.7743944999999999,9.100826972010177,825
gentd26,image_conditioned,test,full_budget_horizon_retrained,96,1700000944,1,1700100947,217,-966.7016205459244,-582.2615343911466,0.3379427142166024,0.546875,96.0,0.0,12600.35165394402,495.0,0.4629606874999999,0.77466415,9.100826972010177,825
gentd26,image_conditioned,test,full_budget_horizon_retrained,96,1700000944,2,1700200950,21,-8.251996736159255,-5.111407047495916,0.5684688074928917,0.015625,96.0,0.0,31.51297709923664,31.51297709923664,0.4539164375,0.77920945,9.100826972010177,825
gentd26,image_conditioned,test,full_budget_horizon_retrained,96,1700000944,3,1700300953,115,-592.0429254939959,-352.21590926669444,0.7425208619926317,0.53125,96.0,0.0,7573.692366412213,331.4758905852417,0.5210775624999999,0.87998685,9.100826972010177,825
gentd26,image_conditioned,test,full_budget_horizon_retrained,96,1700000944,4,1700400956,189,-535.2890923123351,-316.56055328639485,0.2723115299334812,0.46875,96.0,0.0,6550.7984732824425,400.8396946564886,0.597519546875,1.2944607999999995,9.100826972010177,825
gentd26,txt2img,test,full_budget_horizon_retrained,96,1700000944,0,1701000947,139,21.3074954333878,18.107840979097425,1.0,0.015625,96.0,0.0,35.8367860652183,0.0,0.6278375781250001,0.92775565,5.885345598073498,825
gentd26,txt2img,test,full_budget_horizon_retrained,96,1700000944,1,1701100950,105,-1158.6485007745976,-728.6177754291623,0.6654744223524559,0.765625,96.0,0.0,15232.977951414448,474.8995906449033,0.661658984375,0.9109805,5.885345598073498,825
gentd26,txt2img,test,full_budget_horizon_retrained,96,1700000944,2,1701200953,310,0.7299707603502401,1.328943762589411,1.0,0.0,96.0,0.0,0.0,0.0,1.080419484375,1.8415455,5.885345598073498,825
gentd26,txt2img,test,full_budget_horizon_retrained,96,1700000944,3,1701300956,125,-2.4067257471262447,-7.897687656194071,1.0,0.125,96.0,0.0,444.2475250725031,0.0,1.128168328125,1.85197945,5.885345598073498,825
gentd26,txt2img,test,full_budget_horizon_retrained,96,1700000944,4,1701400959,459,7.456757459892851,5.940673691645675,1.0,0.0,96.0,0.0,0.6999415207004782,0.0,1.127595953125,1.90677935,5.885345598073498,825
gentd26,image_conditioned,test,full_budget_horizon_retrained,96,1700000945,0,1700000945,503,-3.12,-2.573572864063435,1.0,0.0,18.0,0.0,0.0,0.0,0.8360215468750001,1.6523454999999982,9.100826972010177,826
gentd26,image_conditioned,test,full_budget_horizon_retrained,96,1700000945,1,1700100948,369,8.41832430504182,6.403125269852145,1.0,0.0,90.0,0.0,157.0523536895675,0.0,0.754832140625,0.7928578,9.100826972010177,826
gentd26,image_conditioned,test,full_budget_horizon_retrained,96,1700000945,2,1700200951,532,-1.1199999999999997,-1.0930157039862056,1.0,0.0,27.0,0.0,0.0,0.0,0.748707109375,0.79965665,9.100826972010177,826
gentd26,image_conditioned,test,full_budget_horizon_retrained,96,1700000945,3,1700300954,499,-3.12,-2.6217109547556694,1.0,0.0,18.0,0.0,0.0,0.0,0.7555717343749999,0.79341935,9.100826972010177,826
gentd26,image_conditioned,test,full_budget_horizon_retrained,96,1700000945,4,1700400957,406,3.1531603053435124,2.644823440660642,1.0,0.0,34.0,0.0,12.170992366412214,0.0,0.7517915156249999,0.7992445499999998,9.100826972010177,826
gentd26,txt2img,test,full_budget_horizon_retrained,96,1700000945,0,1701000948,537,33.78300875437137,24.67885753845569,1.0,0.0,27.0,0.0,10.822346087390072,0.0,0.7648894062499999,0.81493705,5.885345598073498,826
gentd26,txt2img,test,full_budget_horizon_retrained,96,1700000945,1,1701100951,280,18.262159320138792,16.02431502149875,1.0,0.0,26.0,0.0,8.745491391873621,0.0,0.75616846875,0.8082587999999999,5.885345598073498,826
gentd26,txt2img,test,full_budget_horizon_retrained,96,1700000945,2,1701200954,216,-593.6890483610086,-338.292938368746,0.5351393473138812,0.375,96.0,0.0,8085.569502680634,498.7999610138003,0.7954071093749999,1.8398937,5.885345598073498,826
gentd26,txt2img,test,full_budget_horizon_retrained,96,1700000945,3,1701300957,257,-452.1136836584986,-329.1078222372114,0.9851813938573356,0.9375,96.0,0.0,5510.932645372788,15.011294063356807,0.492318328125,0.8560758499999997,5.885345598073498,826
gentd26,txt2img,test,full_budget_horizon_retrained,96,1700000945,4,1701400960,479,10.45675745989285,5.669091760230703,1.0,0.0,35.0,0.0,0.6999415207004782,0.0,0.8822178125,1.7726418999999995,5.885345598073498,826
gentd26,image_conditioned,test,full_budget_horizon_retrained,96,1700000946,0,1700000946,118,-456.14090518324855,-268.59655065641186,0.8101686599072964,0.453125,96.0,0.0,5886.711386768447,239.7659669211195,1.197943515625,1.762985,9.100826972010177,827
gentd26,image_conditioned,test,full_budget_horizon_retrained,96,1700000946,1,1700100949,195,-93.67898290236086,-49.92158096341248,0.614123828612465,0.109375,96.0,0.0,1279.646882951654,333.609096692112,1.655338765625,1.85089695,9.100826972010177,827
gentd26,image_conditioned,test,full_budget_horizon_retrained,96,1700000946,2,1700200952,470,-5.12,-3.795228099795501,0.0,0.0,63.0,0.0,0.0,0.0,1.448753171875,1.82530425,9.100826972010177,827
gentd26,image_conditioned,test,full_budget_horizon_retrained,96,1700000946,3,1700300955,235,-1065.723043030638,-652.5984594592915,0.6700866935707703,0.5625,96.0,0.0,14254.978117048346,470.0,0.6697362812500001,1.1382356,9.100826972010177,827
gentd26,image_conditioned,test,full_budget_horizon_retrained,96,1700000946,4,1700400958,490,-4.12,-3.208191317858016,1.0,0.0,63.0,0.0,0.0,0.0,1.1006924218749998,1.38141285,9.100826972010177,827
gentd26,txt2img,test,full_budget_horizon_retrained,96,1700000946,0,1701000949,67,-594.229834839324,-343.6288208658216,0.482197458979166,0.4375,96.0,0.0,7819.858157862283,500.0,0.5733710000000001,0.8167088,5.885345598073498,827
gentd26,txt2img,test,full_budget_horizon_retrained,96,1700000946,1,1701100952,442,12.33357339908522,11.151642929220891,1.0,0.0,72.0,0.0,1.3998830414009564,0.0,0.811046140625,0.89063585,5.885345598073498,827
gentd26,txt2img,test,full_budget_horizon_retrained,96,1700000946,2,1701200955,39,-173.1950340255085,-96.79574508539388,0.574377253540787,0.1875,96.0,0.0,2180.3878124034454,229.66367772469104,0.716730578125,0.9329670499999998,5.885345598073498,827
gentd26,txt2img,test,full_budget_horizon_retrained,96,1700000946,3,1701300958,70,-651.4711036409367,-379.5332850530895,0.4977366745266165,0.46875,96.0,0.0,8612.454918394193,500.0,0.599254859375,0.8744517999999999,5.885345598073498,827
gentd26,txt2img,test,full_budget_horizon_retrained,96,1700000946,4,1701400961,356,36.14714037690167,23.983455842613825,1.0,0.0,64.0,0.0,13.186659360069362,0.0,0.785683859375,0.82281885,5.885345598073498,827
gentd26,image_conditioned,test,full_budget_horizon_retrained,96,1700000947,0,1700000947,352,9.068890303961718,5.3337301990667925,1.0,0.0,65.0,0.0,134.29007633587787,0.0,0.83563265625,1.13947225,9.100826972010177,828
gentd26,image_conditioned,test,full_budget_horizon_retrained,96,1700000947,1,1700100950,37,-93.19633478626788,-53.10255361281559,0.8497960326602304,0.203125,68.0,0.0,1595.603053435114,144.1343511450381,0.540054625,0.59233375,9.100826972010177,828
gentd26,image_conditioned,test,full_budget_horizon_retrained,96,1700000947,2,1700200953,483,-4.12,-3.24807145740474,1.0,0.0,1.0,0.0,0.0,0.0,0.532412390625,0.5635405499999999,9.100826972010177,828
gentd26,image_conditioned,test,full_budget_horizon_retrained,96,1700000947,3,1700300956,408,3.1531603053435124,2.775582573050273,1.0,0.0,19.0,0.0,12.170992366412214,0.0,0.52878934375,0.5665546,9.100826972010177,828
gentd26,image_conditioned,test,full_budget_horizon_retrained,96,1700000947,4,1700400959,43,-107.77720601187802,-64.27545617690595,0.9999999999999998,0.234375,88.0,0.0,1904.3786259541976,0.0,0.5193898906250001,0.54042165,9.100826972010177,828
gentd26,txt2img,test,full_budget_horizon_retrained,96,1700000947,0,1701000950,97,-978.06783439346,-594.8805066393477,0.6102781002350478,0.625,96.0,0.0,12999.0296606742,494.9497953224516,0.346612640625,0.5340722499999999,5.885345598073498,828
gentd26,txt2img,test,full_budget_horizon_retrained,96,1700000947,1,1701100953,316,1.7299707603502397,0.7010139478332233,1.0,0.0,1.0,0.0,0.0,0.0,0.629869015625,1.07190385,5.885345598073498,828
gentd26,txt2img,test,full_budget_horizon_retrained,96,1700000947,2,1701200956,590,7.679961013800318,7.522363618571832,1.0,0.0,1.0,0.0,0.0,0.0,0.5262020625,0.5783225499999999,5.885345598073498,828
gentd26,txt2img,test,full_budget_horizon_retrained,96,1700000947,3,1701300959,509,25.3799025345008,18.550968195462204,1.0,0.0,5.0,0.0,0.0,0.0,0.527877625,0.5580663499999999,5.885345598073498,828
gentd26,txt2img,test,full_budget_horizon_retrained,96,1700000947,4,1701400962,178,8.343234741657819,4.541381049472212,1.0,0.0,61.0,0.0,98.95573475062758,0.0,0.5288455937500001,0.5481419,5.885345598073498,828
gentd26,image_conditioned,test,full_budget_horizon_retrained,96,1700000948,0,1700000948,468,-5.12,-3.795228099795501,0.0,0.0,7.0,0.0,0.0,0.0,0.81707628125,0.9583691,9.100826972010177,829
gentd26,image_conditioned,test,full_budget_horizon_retrained,96,1700000948,1,1700100951,104,-1103.610451632524,-686.7521518099811,0.597836316711028,0.640625,96.0,0.0,14600.484096692113,480.0,0.473939859375,0.793284,9.100826972010177,829
gentd26,image_conditioned,test,full_budget_horizon_retrained,96,1700000948,2,1700200954,239,-631.518776256008,-390.9623990885828,0.8326106495592043,0.609375,96.0,0.0,8281.16736641221,259.926272264631,0.52429371875,0.8153746499999998,9.100826972010177,829
gentd26,image_conditioned,test,full_budget_horizon_retrained,96,1700000948,3,1700300957,463,-5.12,-3.795228099795501,0.0,0.0,7.0,0.0,0.0,0.0,0.7662456875000001,0.84380905,9.100826972010177,829
gentd26,image_conditioned,test,full_budget_horizon_retrained,96,1700000948,4,1700400960,440,-2.12,-1.23920746025111,1.0,0.0,13.0,0.0,0.0,0.0,0.77364625,0.85322775,9.100826972010177,829
gentd26,txt2img,test,full_budget_horizon_retrained,96,1700000948,0,1701000951,95,-925.9164362186024,-558.9911028750395,0.6108372040776107,0.59375,96.0,0.0,12348.118405663346,495.4498927879508,0.5202104999999999,0.8667335999999998,5.885345598073498,829
gentd26,txt2img,test,full_budget_horizon_retrained,96,1700000948,1,1701100954,117,-687.3169853962539,-457.98979274110434,0.8548053312428641,0.84375,96.0,0.0,8655.289896872222,164.86090198020716,0.452187296875,0.8303930999999999,5.885345598073498,829
gentd26,txt2img,test,full_budget_horizon_retrained,96,1700000948,2,1701200957,577,15.860003709895793,13.82061289276778,1.0,0.0,13.0,0.0,10.372453299439195,0.0,0.813230484375,0.92810295,5.885345598073498,829
gentd26,txt2img,test,full_budget_horizon_retrained,96,1700000948,3,1701300960,291,9.5669487031684,9.160327127380995,1.0000000000000002,0.0,10.0,0.0,5.46433276577913,0.0,0.98193590625,1.81046255,5.885345598073498,829
gentd26,txt2img,test,full_budget_horizon_retrained,96,1700000948,4,1701400963,254,-857.3776647328731,-596.916992071875,0.8657833051437859,0.96875,96.0,0.0,11254.022723384966,154.71211078445816,0.449461203125,0.8386227999999999,5.885345598073498,829
azure2019,async,test,no_budget_horizon,120,1700000939,0,1700000939,470,58.48235941475357,43.312499125749525,1.0,0.0,63.0,0.0,1.8953724134316907,0.0,1.04963371875,1.80401485,1.0,820
azure2019,async,test,no_budget_horizon,120,1700000939,1,1700100942,521,58.51109348329247,43.35633020930928,1.0,0.0,70.0,0.0,1.7431224590922216,0.0,0.749031515625,0.8471654999999999,1.0,820
azure2019,async,test,no_budget_horizon,120,1700000939,2,1700200945,1293,46.45705212084224,36.65420224360207,0.9771408632436798,0.046875,120.0,0.0,38.79103026487267,10.117270654084624,0.72082075,0.8472856499999999,1.0,820
azure2019,async,test,no_budget_horizon,120,1700000939,3,1700300948,4068,55.743873079312095,41.28863053526463,1.0,0.0,96.0,0.0,14.389855616575897,0.0,0.813700734375,1.119102,1.0,820
azure2019,async,test,no_budget_horizon,120,1700000939,4,1700400951,1537,57.90683858431242,42.94285422495536,1.0,0.0,74.0,0.0,4.670962727758648,0.0,0.7580351406249999,0.8327874,1.0,820
azure2019,http,test,no_budget_horizon,120,1700000939,0,1701000942,3740,58.11790045033399,43.07624165622231,1.0,0.0,66.0,0.0,3.347339745215118,0.0,0.773201359375,0.8954796499999998,1.0,820
azure2019,http,test,no_budget_horizon,120,1700000939,1,1701100945,306,58.88,43.64512314764825,1.0,0.0,65.0,0.0,0.0,0.0,0.729717703125,0.7633399,1.0,820
azure2019,http,test,no_budget_horizon,120,1700000939,2,1701200948,1221,57.31239801940899,42.38306053159046,0.9999999999999996,0.0,65.0,0.0,6.9709946046083004,0.0,0.762240984375,0.81585095,1.0,820
azure2019,http,test,no_budget_horizon,120,1700000939,3,1701300951,1135,56.029810798248015,41.494265471627145,1.0,0.0,78.0,0.0,12.712195102742282,0.0,0.755740109375,0.8265023,1.0,820
azure2019,http,test,no_budget_horizon,120,1700000939,4,1701400954,1168,55.46573605750887,41.0987779283567,1.0000000000000002,0.0,75.0,0.0,15.29239274813489,0.0,0.77316053125,0.90553125,1.0,820
azure2019,async,test,no_budget_horizon,120,1700000940,0,1700000940,3860,57.370971715005886,42.47221183627902,1.0000000000000002,0.0,117.0,0.0,7.035538875500419,0.0,1.192313890625,1.4826502,1.0,821
azure2019,async,test,no_budget_horizon,120,1700000940,1,1700100943,14,58.23852259177878,43.195253573664445,0.9999999999999998,0.0,25.0,0.0,2.483099130853682,0.0,1.7564429218750002,1.867148,1.0,821
azure2019,async,test,no_budget_horizon,120,1700000940,2,1700200946,2751,57.15471088832979,42.40072178611267,1.0,0.0,78.0,0.0,7.791042913018096,0.0,1.7003723281249998,1.79983805,1.0,821
azure2019,async,test,no_budget_horizon,120,1700000940,3,1700300949,1113,12.330022336107326,17.2654708546274,0.9422175479070516,0.171875,120.0,0.0,199.8026757198307,27.154176049631246,1.444242328125,1.7153514,1.0,821
azure2019,async,test,no_budget_horizon,120,1700000940,4,1700400952,1102,2.6708695494455297,11.765713043520396,0.9318949784242632,0.203125,120.0,0.0,261.22068682117094,32.178498757934925,1.4320121875,1.7460101,1.0,821
azure2019,http,test,no_budget_horizon,120,1700000940,0,1701000943,886,57.34207764918129,42.56367268266885,1.0,0.0,110.0,0.0,6.926156699710005,0.0,1.708238078125,1.7694217,1.0,821
azure2019,http,test,no_budget_horizon,120,1700000940,1,1701100946,3676,58.78188987266004,43.57715965214139,1.0,0.0,65.0,0.0,0.4281521657581209,0.0,1.714567890625,1.82401285,1.0,821
azure2019,http,test,no_budget_horizon,120,1700000940,2,1701200949,840,57.55319014976549,42.63625807491709,1.0,0.0,114.0,0.0,6.0169870133589045,0.0,1.792156546875,1.84148305,1.0,821
azure2019,http,test,no_budget_horizon,120,1700000940,3,1701300952,3544,58.22080511271659,43.19248347111117,1.0,0.0,55.0,0.0,2.513505234889592,0.0,1.7668663906250002,1.84259835,1.0,821
azure2019,http,test,no_budget_horizon,120,1700000940,4,1701400955,4127,57.20766474484374,42.34833208263269,1.0,0.0,72.0,0.0,7.432527163612302,0.0,1.80501925,1.87850315,1.0,821
azure2019,async,test,no_budget_horizon,120,1700000941,0,1700000941,3252,57.086253690381625,42.63986894248944,0.9904778156073852,0.0,120.0,0.0,9.145655390067372,4.069787907251214,1.67584159375,1.81655605,1.0,822
azure2019,async,test,no_budget_horizon,120,1700000941,1,1700100944,98,58.84661270177169,43.621160064308825,1.0000000000000002,0.0,49.0,0.0,0.1455507146078627,0.0,1.73301459375,1.8516471,1.0,822
azure2019,async,test,no_budget_horizon,120,1700000941,2,1700200947,540,58.607920745727554,43.416618050660695,1.0000000000000002,0.0,73.0,0.0,1.290444998882811,0.0,1.746512578125,1.8172885,1.0,822
azure2019,async,test,no_budget_horizon,120,1700000941,3,1700300950,297,58.8437339685671,43.6141316752651,1.0000000000000002,0.0,66.0,0.0,0.1547231071084711,0.0,1.746281375,1.8095677,1.0,822
azure2019,async,test,no_budget_horizon,120,1700000941,4,1700400953,1207,45.82145961843048,36.34883326364248,0.972282331425778,0.046875,120.0,0.0,44.70421477325739,12.263855687703565,1.659555359375,1.8559862,1.0,822
azure2019,http,test,no_budget_horizon,120,1700000941,0,1701000944,3466,58.88,43.64512314764825,1.0,0.0,65.0,0.0,0.0,0.0,1.799981296875,1.8634845,1.0,822
azure2019,http,test,no_budget_horizon,120,1700000941,1,1701100947,1364,58.88,43.64512314764825,1.0,0.0,65.0,0.0,0.0,0.0,1.778841625,1.8408961,1.0,822
azure2019,http,test,no_budget_horizon,120,1700000941,2,1701200950,744,58.43473380046085,43.28815107999817,1.0,0.0,118.0,0.0,2.0128982573782315,0.0,1.766593875,1.90562805,1.0,822
azure2019,http,test,no_budget_horizon,120,1700000941,3,1701300953,4141,58.61679165799638,43.42091342616186,1.0,0.0,77.0,0.0,1.1458373146511065,0.0,1.909832109375,2.1384137,1.0,822
azure2019,http,test,no_budget_horizon,120,1700000941,4,1701400956,246,58.88,43.64512314764825,1.0,0.0,64.0,0.0,0.0,0.0,2.01687490625,2.01706185,1.0,822
azure2019,async,test,no_budget_horizon,120,1700000942,0,1700000942,1105,-0.9907881502394762,9.081381620577178,0.9304474737573046,0.203125,120.0,0.0,289.55698801790504,32.83040467602574,0.63594353125,0.80775375,1.0,823
azure2019,async,test,no_budget_horizon,120,1700000942,1,1700100945,4107,57.21112289486732,42.4159727684189,1.0,0.0,100.0,0.0,7.461357405978052,0.0,1.709603125,1.76883865,1.0,823
azure2019,async,test,no_budget_horizon,120,1700000942,2,1700200948,3663,44.137485382351166,35.37102937955807,0.9731140894887994,0.0625,120.0,0.0,44.02424551848335,12.022314201036195,0.931779609375,1.72347105,1.0,823
azure2019,async,test,no_budget_horizon,120,1700000942,3,1700300951,2057,57.48989582234525,42.64393009055215,1.0,0.0,112.0,0.0,6.602744587133229,0.0,1.21131090625,1.84135215,1.0,823
azure2019,async,test,no_budget_horizon,120,1700000942,4,1700400954,3377,44.02244381889892,35.547672636549365,0.973894769522654,0.0625,120.0,0.0,44.58237782085499,11.51855254545956,0.7168129062499999,0.8318429999999999,1.0,823
azure2019,http,test,no_budget_horizon,120,1700000942,0,1701000945,3725,58.20555524957305,43.17581191960414,1.0000000000000002,0.0,66.0,0.0,2.964129438756462,0.0,0.767458703125,0.8671674499999998,1.0,823
azure2019,http,test,no_budget_horizon,120,1700000942,1,1701100948,3563,58.72607172528356,43.53940848792068,1.0,0.0,64.0,0.0,0.6876125571308647,0.0,1.580978578125,1.7824472,1.0,823
azure2019,http,test,no_budget_horizon,120,1700000942,2,1701200951,3471,58.81387806743263,43.58471962181101,1.0,0.0,63.0,0.0,0.2931326009730224,0.0,0.7735130625000001,0.9221939999999998,1.0,823
azure2019,http,test,no_budget_horizon,120,1700000942,3,1701300954,99,58.72934775610312,43.53310191365867,1.0,0.0,61.0,0.0,0.582564977088337,0.0,0.771315890625,0.87122825,1.0,823
azure2019,http,test,no_budget_horizon,120,1700000942,4,1701400957,3322,58.73294754736878,43.5451347862484,1.0,0.0,64.0,0.0,0.6558124148365909,0.0,0.758582609375,0.8303813,1.0,823
azure2019,async,test,no_budget_horizon,120,1700000943,0,1700000943,3767,57.38785425480911,42.7137217167068,0.9923274726537888,0.0,120.0,0.0,7.348173805499167,3.2534341487224694,1.3955215625,2.1121604,1.0,824
azure2019,async,test,no_budget_horizon,120,1700000943,1,1700100946,2977,58.438954469237686,43.333073352534605,1.0,0.0,81.0,0.0,1.994389586994897,0.0,1.50424034375,2.0022486,1.0,824
azure2019,async,test,no_budget_horizon,120,1700000943,2,1700200949,2810,57.95963647983925,43.00372554879366,1.0000000000000002,0.0,89.0,0.0,4.025644282761187,0.0,1.940744953125,2.2275574499999986,1.0,824
azure2019,async,test,no_budget_horizon,120,1700000943,3,1700300952,1223,43.4765594188557,35.247313300643825,0.971154590761052,0.0625,120.0,0.0,49.315546277662136,12.674592563478347,1.5929043125,1.77899805,1.0,824
azure2019,async,test,no_budget_horizon,120,1700000943,4,1700400955,2144,57.84511919054418,43.0116157241704,0.9944614966103056,0.0,120.0,0.0,4.969773633170667,2.3296702606778226,0.8019852656249999,1.1198476499999983,1.0,824
azure2019,http,test,no_budget_horizon,120,1700000943,0,1701000946,3911,58.64621824891224,43.48541293362205,1.0,0.0,70.0,0.0,1.0204949184521972,0.0,0.746357234375,0.7980516499999999,1.0,824
azure2019,http,test,no_budget_horizon,120,1700000943,1,1701100949,3508,58.82740033450004,43.60633897484568,1.0,0.0,62.0,0.0,0.2202714718464449,0.0,1.19449425,1.84230445,1.0,824
azure2019,http,test,no_budget_horizon,120,1700000943,2,1701200952,433,58.88,43.64512314764825,1.0,0.0,65.0,0.0,0.0,0.0,0.7544995156250001,0.80577375,1.0,824
azure2019,http,test,no_budget_horizon,120,1700000943,3,1701300955,1756,58.37422353863511,43.25348506364214,0.9999999999999998,0.0,37.0,0.0,1.886638166528285,0.0,0.98510246875,1.7570702,1.0,824
azure2019,http,test,no_budget_horizon,120,1700000943,4,1701400958,2871,58.77122484565901,43.54630865547061,1.0,0.0,59.0,0.0,0.405429996905867,0.0,0.7830988437499999,0.8447951,1.0,824
azure2019,async,test,no_budget_horizon,120,1700000944,0,1700000944,2581,47.922331950132914,37.702467200637486,0.978306511110475,0.046875,120.0,0.0,31.02685279154335,9.244563045911466,0.732163609375,0.8283968,1.0,825
azure2019,async,test,no_budget_horizon,120,1700000944,1,1700100947,1541,58.75553348724658,43.54927482950877,1.0,0.0,112.0,0.0,0.543129709620727,0.0,0.740859421875,0.8066107999999997,1.0,825
azure2019,async,test,no_budget_horizon,120,1700000944,2,1700200950,154,50.567891641826265,38.00697331682528,0.999866383396962,0.0,120.0,0.0,39.83459384220606,0.0422134451047542,0.4838823593749999,0.7627612,1.0,825
azure2019,async,test,no_budget_horizon,120,1700000944,3,1700300953,818,57.7245619746468,42.88701304220826,0.9949356281198068,0.0,120.0,0.0,5.145610478327667,1.9855126599612865,0.7473679375000001,0.8555221,1.0,825
azure2019,async,test,no_budget_horizon,120,1700000944,4,1700400956,1338,33.99656215090015,29.951985919037973,0.9699644373774678,0.109375,120.0,0.0,74.15722917535714,13.165651957662536,0.74644671875,0.9954111,1.0,825
azure2019,http,test,no_budget_horizon,120,1700000944,0,1701000947,988,57.16259305650239,42.71018846718398,0.9903698067035503,0.0,120.0,0.0,8.662049490728569,4.079528981072524,0.8921781718749999,1.7404527,1.0,825
azure2019,http,test,no_budget_horizon,120,1700000944,1,1701100950,744,50.661358644150674,39.13232328894597,0.9821108845964612,0.03125,120.0,0.0,24.053053223685023,7.322041264846405,1.47883284375,2.0013090499999997,1.0,825
azure2019,http,test,no_budget_horizon,120,1700000944,2,1701200953,2202,-8.181893817984118,4.705172225984271,0.9524063570202036,0.28125,120.0,0.0,226.94937853164643,17.234246945406973,0.659586796875,1.6225479499999975,1.0,825
azure2019,http,test,no_budget_horizon,120,1700000944,3,1701300956,888,57.70759329540722,42.98809173282912,0.9932482820541952,0.0,120.0,0.0,5.562623672962604,2.806295995330081,0.73737009375,0.8398700499999999,1.0,825
azure2019,http,test,no_budget_horizon,120,1700000944,4,1701400959,3256,-3.4993599784341267,7.25385466618799,0.9623105469560445,0.265625,120.0,0.0,186.25171747710465,12.716341681853812,0.495291125,0.8683579,1.0,825
azure2019,async,test,no_budget_horizon,120,1700000945,0,1700000945,3567,47.546621252481565,37.41727178380735,0.9785542950261206,0.046875,120.0,0.0,31.54424495635624,9.08903549081475,1.004096734375,1.8145918,1.0,826
azure2019,async,test,no_budget_horizon,120,1700000945,1,1700100948,2615,58.39584127966463,43.2794704709005,1.0,0.0,117.0,0.0,2.1630242997521245,0.0,0.7514992968750001,0.8190155,1.0,826
azure2019,async,test,no_budget_horizon,120,1700000945,2,1700200951,3775,53.9865786891611,40.981887850534335,0.9864536646474588,0.015625,120.0,0.0,15.627606456859375,5.72106526704583,0.741767796875,0.91785595,1.0,826
azure2019,async,test,no_budget_horizon,120,1700000945,3,1700300954,3539,48.10938937759684,37.79372973186992,0.9770474299974468,0.046875,120.0,0.0,29.10336230666525,9.65029075517426,0.6902059687500001,0.77243875,1.0,826
azure2019,async,test,no_budget_horizon,120,1700000945,4,1700400957,2876,58.14879391564359,43.14016463593492,1.0,0.0,100.0,0.0,3.220394517547902,0.0,0.7642371875,0.8394533499999999,1.0,826
azure2019,http,test,no_budget_horizon,120,1700000945,0,1701000948,3810,58.45429175099903,43.33314924952885,1.0,0.0,68.0,0.0,1.8665818037056257,0.0,0.756602890625,0.8125484499999999,1.0,826
azure2019,http,test,no_budget_horizon,120,1700000945,1,1701100951,1990,58.80934111471673,43.6023740933547,1.0,0.0,64.0,0.0,0.3139760320595783,0.0,0.756597203125,0.8113541,1.0,826
azure2019,http,test,no_budget_horizon,120,1700000945,2,1701200954,1533,58.83846869596236,43.61346206059783,1.0,0.0,65.0,0.0,0.1818107031164908,0.0,0.77702140625,0.8143132999999999,1.0,826
azure2019,http,test,no_budget_horizon,120,1700000945,3,1701300957,1822,58.83281761909892,43.612918596760686,1.0,0.0,64.0,0.0,0.2071480977843371,0.0,0.758099984375,0.79907165,1.0,826
azure2019,http,test,no_budget_horizon,120,1700000945,4,1701400960,3394,58.71029165492045,43.51510815490504,1.0,0.0,64.0,0.0,0.7590813074402645,0.0,0.7727890156249999,0.8302229,1.0,826
azure2019,async,test,no_budget_horizon,120,1700000946,0,1700000946,839,57.42174871806494,42.54261236272712,1.0,0.0,72.0,0.0,6.277830577681108,0.0,0.738776125,0.7846686,1.0,827
azure2019,async,test,no_budget_horizon,120,1700000946,1,1700100949,1383,55.422071663527966,41.14361563083988,1.0,0.0,99.0,0.0,16.380886454543095,0.0,0.803393109375,1.0115945,1.0,827
azure2019,async,test,no_budget_horizon,120,1700000946,2,1700200952,3333,55.86811015774629,41.52375760430655,0.9976418174820902,0.0,120.0,0.0,15.375500560028366,1.0323818485929,0.749870328125,0.8379110999999999,1.0,827
azure2019,async,test,no_budget_horizon,120,1700000946,3,1700300955,1668,57.07293820480496,42.48818700706566,1.0,0.0,67.0,0.0,8.074454331746631,0.0,0.947338453125,1.8482691,1.0,827
azure2019,async,test,no_budget_horizon,120,1700000946,4,1700400958,3470,57.39298165541204,42.610396550212926,1.0,0.0,117.0,0.0,6.847703649669557,0.0,0.7972036875,1.082736499999999,1.0,827
azure2019,http,test,no_budget_horizon,120,1700000946,0,1701000949,477,58.62637581181575,43.401051121826185,1.0,0.0,65.0,0.0,1.148812725584448,0.0,0.7542544062500001,0.8575210999999997,1.0,827
azure2019,http,test,no_budget_horizon,120,1700000946,1,1701100952,3137,56.96804087004834,42.35505906794632,1.0,0.0,8.0,0.0,7.505309921570253,0.0,0.75619465625,0.810585,1.0,827
azure2019,http,test,no_budget_horizon,120,1700000946,2,1701200955,279,57.00744375587264,42.264992201459066,1.0,0.0,42.0,0.0,7.221043530754961,0.0,0.76225303125,0.8840874,1.0,827
azure2019,http,test,no_budget_horizon,120,1700000946,3,1701300958,502,57.882960098451136,43.03186734727649,1.0,0.0,67.0,0.0,4.458164720098756,0.0,0.745388828125,0.7862155499999999,1.0,827
azure2019,http,test,no_budget_horizon,120,1700000946,4,1701400961,2525,57.753583818663785,42.81990699804962,1.0000000000000002,0.0,59.0,0.0,4.725611973746544,0.0,0.7413179687499999,0.791488,1.0,827
azure2019,async,test,no_budget_horizon,120,1700000947,0,1700000947,2494,40.85579490642117,33.71727039417135,0.9737702611198316,0.078125,120.0,0.0,52.76804532239443,11.598030416023535,1.641301265625,1.82619315,1.0,828
azure2019,async,test,no_budget_horizon,120,1700000947,1,1700100950,265,58.76614553174207,43.56312440524812,1.0,0.0,42.0,0.0,0.4588219524687087,0.0,0.8231671875,1.6653895999999964,1.0,828
azure2019,async,test,no_budget_horizon,120,1700000947,2,1700200953,3421,39.3695774808604,32.96998139297684,0.9663138610945622,0.078125,120.0,0.0,67.19522297752636,15.014058256568994,1.627082171875,1.81841865,1.0,828
azure2019,async,test,no_budget_horizon,120,1700000947,3,1700300956,2894,58.34521155346111,43.23249441897672,1.0,0.0,88.0,0.0,2.32775597805733,0.0,1.21154803125,1.8426259,1.0,828
azure2019,async,test,no_budget_horizon,120,1700000947,4,1700400959,310,58.758154979494826,43.55081763815298,1.0,0.0,59.0,0.0,0.4854973588332765,0.0,0.757546828125,0.80593845,1.0,828
azure2019,http,test,no_budget_horizon,120,1700000947,0,1701000950,692,58.13851028476053,43.10717812669396,1.0,0.0,92.0,0.0,3.2499916564242435,0.0,0.8149816718749999,0.9767945,1.0,828
azure2019,http,test,no_budget_horizon,120,1700000947,1,1701100953,2239,58.75743746758917,43.55270533072005,1.0,0.0,65.0,0.0,0.5324098973574891,0.0,0.843755234375,1.0607440999999995,1.0,828
azure2019,http,test,no_budget_horizon,120,1700000947,2,1701200956,4180,58.80454990799751,43.59352182023768,1.0,0.0,65.0,0.0,0.3291632384699623,0.0,0.808312125,0.9636954499999996,1.0,828
azure2019,http,test,no_budget_horizon,120,1700000947,3,1701300959,3606,58.85198262352186,43.62979325400588,1.0,0.0,65.0,0.0,0.1218055893929781,0.0,0.7987605625,0.91739795,1.0,828
azure2019,http,test,no_budget_horizon,120,1700000947,4,1701400962,1265,58.74998098810289,43.52975696973402,1.0,0.0,65.0,0.0,0.563081684263782,0.0,0.7755189843750001,0.8682175,1.0,828
azure2019,async,test,no_budget_horizon,120,1700000948,0,1700000948,3318,19.46964443311836,21.76758151669957,0.9486227108472876,0.15625,120.0,0.0,156.45212586306036,22.59526811143751,0.49361846875,0.6426733,1.0,829
azure2019,async,test,no_budget_horizon,120,1700000948,1,1700100951,742,58.63144368335827,43.51316322140665,0.997419711467217,0.0,120.0,0.0,1.0471370589278362,1.0471370589278362,0.551135953125,0.6845285999999998,1.0,829
azure2019,async,test,no_budget_horizon,120,1700000948,2,1700200954,1693,58.88,43.64512314764825,1.0,0.0,111.0,0.0,0.0,0.0,1.093389125,1.1874249,1.0,829
azure2019,async,test,no_budget_horizon,120,1700000948,3,1700300957,3281,37.308027607396376,31.88965265485072,0.9649429253164816,0.09375,120.0,0.0,67.46669711381236,15.198861032876655,0.495496078125,0.5971661,1.0,829
azure2019,async,test,no_budget_horizon,120,1700000948,4,1700400960,3117,58.88,43.64512314764825,1.0,0.0,110.0,0.0,0.0,0.0,0.565014171875,0.6458986,1.0,829
azure2019,http,test,no_budget_horizon,120,1700000948,0,1701000951,677,58.88,43.64512314764825,1.0,0.0,110.0,0.0,0.0,0.0,0.533141203125,0.5669687999999999,1.0,829
azure2019,http,test,no_budget_horizon,120,1700000948,1,1701100954,830,50.99082825357094,39.41444619070797,0.9818710310387402,0.03125,120.0,0.0,22.78779153581169,7.589496297412905,0.51635840625,0.59098905,1.0,829
azure2019,http,test,no_budget_horizon,120,1700000948,2,1701200957,4093,58.88,43.64512314764825,1.0,0.0,95.0,0.0,0.0,0.0,0.52335603125,0.5477518,1.0,829
azure2019,http,test,no_budget_horizon,120,1700000948,3,1701300960,2064,58.88,43.64512314764825,1.0,0.0,65.0,0.0,0.0,0.0,0.5395053593750001,0.56249435,1.0,829
azure2019,http,test,no_budget_horizon,120,1700000948,4,1701400963,1802,58.88,43.64512314764825,1.0,0.0,63.0,0.0,0.0,0.0,0.556136125,0.62183585,1.0,829
azure2019,async,test,no_budget_horizon,144,1700000939,0,1700000939,470,58.88,43.64512314764825,1.0,0.0,68.0,0.0,0.0,0.0,1.093904890625,1.14025765,1.0,820
azure2019,async,test,no_budget_horizon,144,1700000939,1,1700100942,521,58.88,43.64512314764825,1.0,0.0,75.0,0.0,0.0,0.0,1.09113440625,1.12465505,1.0,820
azure2019,async,test,no_budget_horizon,144,1700000939,2,1700200945,1293,48.66060565751834,38.155538755029085,0.9794002805843725,0.046875,144.0,0.0,26.333061959034197,9.117270654084624,1.069955171875,1.16212715,1.0,820
azure2019,async,test,no_budget_horizon,144,1700000939,3,1700300948,4068,58.88,43.64512314764825,1.0,0.0,136.0,0.0,0.0,0.0,1.089378390625,1.12584195,1.0,820
azure2019,async,test,no_budget_horizon,144,1700000939,4,1700400951,1537,58.88,43.64512314764825,1.0,0.0,88.0,0.0,0.0,0.0,1.09793,1.15320195,1.0,820
azure2019,http,test,no_budget_horizon,144,1700000939,0,1701000942,3740,58.88,43.64512314764825,1.0,0.0,83.0,0.0,0.0,0.0,1.09555146875,1.1390579,1.0,820
azure2019,http,test,no_budget_horizon,144,1700000939,1,1701100945,306,58.88,43.64512314764825,1.0,0.0,65.0,0.0,0.0,0.0,1.081665109375,1.1084661999999998,1.0,820
azure2019,http,test,no_budget_horizon,144,1700000939,2,1701200948,1221,58.88,43.64512314764825,1.0,0.0,80.0,0.0,0.0,0.0,1.1048104375,1.1300598,1.0,820
azure2019,http,test,no_budget_horizon,144,1700000939,3,1701300951,1135,58.88,43.64512314764825,1.0,0.0,117.0,0.0,0.0,0.0,1.094465703125,1.1244496,1.0,820
azure2019,http,test,no_budget_horizon,144,1700000939,4,1701400954,1168,58.88,43.64512314764825,1.0,0.0,109.0,0.0,0.0,0.0,1.070686625,1.10240525,1.0,820
azure2019,async,test,no_budget_horizon,144,1700000940,0,1700000940,3860,58.88,43.64512314764825,1.0,0.0,135.0,0.0,0.0,0.0,0.6730699218749999,1.0640134,1.0,821
azure2019,async,test,no_budget_horizon,144,1700000940,1,1700100943,14,58.88,43.64512314764825,1.0,0.0,42.0,0.0,0.0,0.0,0.530654125,0.58247455,1.0,821
azure2019,async,test,no_budget_horizon,144,1700000940,2,1700200946,2751,58.88,43.64512314764825,1.0,0.0,103.0,0.0,0.0,0.0,0.523315390625,0.550637,1.0,821
azure2019,async,test,no_budget_horizon,144,1700000940,3,1700300949,1113,-44.57794639588174,-16.52898486601017,0.8946300616122094,0.328125,144.0,0.0,604.2425301130165,49.51734918965195,0.4101662031249999,0.5997845499999999,1.0,821
azure2019,async,test,no_budget_horizon,144,1700000940,4,1700400952,1102,-43.92208107198205,-15.791770437992414,0.8868887431738076,0.3125,144.0,0.0,636.5826511224744,53.44320217625175,0.71519296875,1.12018095,1.0,821
azure2019,http,test,no_budget_horizon,144,1700000940,0,1701000943,886,58.88,43.64512314764825,1.0,0.0,130.0,0.0,0.0,0.0,1.0520495,1.15581765,1.0,821
azure2019,http,test,no_budget_horizon,144,1700000940,1,1701100946,3676,58.88,43.64512314764825,1.0,0.0,72.0,0.0,0.0,0.0,1.0894591875,1.1583403499999998,1.0,821
azure2019,http,test,no_budget_horizon,144,1700000940,2,1701200949,840,58.88,43.64512314764825,1.0,0.0,132.0,0.0,0.0,0.0,0.5501639687500001,0.7532439499999994,1.0,821
azure2019,http,test,no_budget_horizon,144,1700000940,3,1701300952,3544,58.88,43.64512314764825,1.0,0.0,65.0,0.0,0.0,0.0,0.5352840781249999,0.5867403,1.0,821
azure2019,http,test,no_budget_horizon,144,1700000940,4,1701400955,4127,58.88,43.64512314764825,1.0,0.0,97.0,0.0,0.0,0.0,0.54781175,0.6296128,1.0,821
azure2019,async,test,no_budget_horizon,144,1700000941,0,1700000941,3252,58.88,43.64512314764825,1.0,0.0,136.0,0.0,0.0,0.0,1.07193146875,1.11377485,1.0,822
azure2019,async,test,no_budget_horizon,144,1700000941,1,1700100944,98,58.88,43.64512314764825,1.0,0.0,21.0,0.0,0.0,0.0,0.748504828125,0.9058508,1.0,822
azure2019,async,test,no_budget_horizon,144,1700000941,2,1700200947,540,58.88,43.64512314764825,1.0,0.0,81.0,0.0,0.0,0.0,0.9061130625,1.1749137,1.0,822
azure2019,async,test,no_budget_horizon,144,1700000941,3,1700300950,297,58.88,43.64512314764825,1.0,0.0,65.0,0.0,0.0,0.0,1.049641515625,1.11055095,1.0,822
azure2019,async,test,no_budget_horizon,144,1700000941,4,1700400953,1207,54.48483013291788,41.30266984068128,0.9828618683611168,0.015625,144.0,0.0,14.226042752739414,7.582873451759184,0.51158390625,0.5627611,1.0,822
azure2019,http,test,no_budget_horizon,144,1700000941,0,1701000944,3466,58.88,43.64512314764825,1.0,0.0,65.0,0.0,0.0,0.0,0.5254457343750001,0.5692856,1.0,822
azure2019,http,test,no_budget_horizon,144,1700000941,1,1701100947,1364,58.88,43.64512314764825,1.0,0.0,65.0,0.0,0.0,0.0,0.53046825,0.55940975,1.0,822
azure2019,http,test,no_budget_horizon,144,1700000941,2,1701200950,744,58.88,43.64512314764825,1.0,0.0,130.0,0.0,0.0,0.0,0.53849409375,0.5810798500000001,1.0,822
azure2019,http,test,no_budget_horizon,144,1700000941,3,1701300953,4141,58.88,43.64512314764825,1.0,0.0,90.0,0.0,0.0,0.0,1.089618609375,1.138899,1.0,822
azure2019,http,test,no_budget_horizon,144,1700000941,4,1701400956,246,58.88,43.64512314764825,1.0,0.0,64.0,0.0,0.0,0.0,0.5637440781249999,0.6059776499999999,1.0,822
azure2019,async,test,no_budget_horizon,144,1700000942,0,1700000942,1105,34.738167346698674,30.04425258495518,0.964553390163582,0.09375,144.0,0.0,85.58325171383136,16.731621526759703,0.705994609375,0.9472147,1.0,823
azure2019,async,test,no_budget_horizon,144,1700000942,1,1700100945,4107,58.5008227662676,43.35128448198336,1.0,0.0,117.0,0.0,1.7399414477918382,0.0,0.751087890625,0.8365867999999999,1.0,823
azure2019,async,test,no_budget_horizon,144,1700000942,2,1700200948,3663,58.43422863067733,43.32637440113055,1.0000000000000002,0.0,142.0,0.0,2.2846767951596707,0.0,0.7620267656249999,0.8498161,1.0,823
azure2019,async,test,no_budget_horizon,144,1700000942,3,1700300951,2057,58.52793793305389,43.40785546765868,1.0,0.0,124.0,0.0,1.678903279112225,0.0,0.758963109375,0.8402832499999998,1.0,823
azure2019,async,test,no_budget_horizon,144,1700000942,4,1700400954,3377,58.55902380011582,43.44205563340179,1.0,0.0,136.0,0.0,1.6483748595508594,0.0,0.7741776874999999,0.887517,1.0,823
azure2019,http,test,no_budget_horizon,144,1700000942,0,1701000945,3725,58.70158325186435,43.53199831297702,1.0,0.0,69.0,0.0,0.7723719881924405,0.0,0.7490621875000001,0.8139535499999999,1.0,823
azure2019,http,test,no_budget_horizon,144,1700000942,1,1701100948,3563,58.88,43.64512314764825,1.0,0.0,65.0,0.0,0.0,0.0,0.762697703125,0.8203410999999999,1.0,823
azure2019,http,test,no_budget_horizon,144,1700000942,2,1701200951,3471,58.88,43.64512314764825,1.0,0.0,64.0,0.0,0.0,0.0,0.747093515625,0.79762725,1.0,823
azure2019,http,test,no_budget_horizon,144,1700000942,3,1701300954,99,58.83891409724486,43.610700849450375,1.0,0.0,64.0,0.0,0.1716510658622008,0.0,0.7880035625,0.96184325,1.0,823
azure2019,http,test,no_budget_horizon,144,1700000942,4,1701400957,3322,58.88,43.64512314764825,1.0,0.0,65.0,0.0,0.0,0.0,0.7764676875000001,0.8834401999999999,1.0,823
azure2019,async,test,no_budget_horizon,144,1700000943,0,1700000943,3767,58.88,43.64512314764825,1.0,0.0,137.0,0.0,0.0,0.0,0.590398953125,0.8160915999999999,1.0,824
azure2019,async,test,no_budget_horizon,144,1700000943,1,1700100946,2977,58.88,43.64512314764825,1.0,0.0,105.0,0.0,0.0,0.0,0.5405685,0.6964139499999998,1.0,824
azure2019,async,test,no_budget_horizon,144,1700000943,2,1700200949,2810,58.88,43.64512314764825,1.0,0.0,109.0,0.0,0.0,0.0,0.5456811406250001,0.62935325,1.0,824
azure2019,async,test,no_budget_horizon,144,1700000943,3,1700300952,1223,58.88,43.64512314764825,1.0,0.0,144.0,0.0,0.0,0.0,0.547266140625,0.58391365,1.0,824
azure2019,async,test,no_budget_horizon,144,1700000943,4,1700400955,2144,58.88,43.64512314764825,1.0,0.0,135.0,0.0,0.0,0.0,0.548810453125,0.6148834999999998,1.0,824
azure2019,http,test,no_budget_horizon,144,1700000943,0,1701000946,3911,58.88,43.64512314764825,1.0,0.0,77.0,0.0,0.0,0.0,0.5356297812499999,0.5749112999999999,1.0,824
azure2019,http,test,no_budget_horizon,144,1700000943,1,1701100949,3508,58.88,43.64512314764825,1.0,0.0,64.0,0.0,0.0,0.0,0.5308803125,0.55716225,1.0,824
azure2019,http,test,no_budget_horizon,144,1700000943,2,1701200952,433,58.88,43.64512314764825,1.0,0.0,65.0,0.0,0.0,0.0,0.5424380624999999,0.6296363499999998,1.0,824
azure2019,http,test,no_budget_horizon,144,1700000943,3,1701300955,1756,58.88,43.64512314764825,1.0,0.0,60.0,0.0,0.0,0.0,0.79584096875,1.1412471,1.0,824
azure2019,http,test,no_budget_horizon,144,1700000943,4,1701400958,2871,58.88,43.64512314764825,1.0,0.0,65.0,0.0,0.0,0.0,0.56726609375,0.68680595,1.0,824
azure2019,async,test,no_budget_horizon,144,1700000944,0,1700000944,2581,58.88,43.64512314764825,1.0,0.0,138.0,0.0,0.0,0.0,0.6075579843750001,1.0619705,1.0,825
azure2019,async,test,no_budget_horizon,144,1700000944,1,1700100947,1541,58.88,43.64512314764825,1.0,0.0,87.0,0.0,0.0,0.0,1.10436553125,1.1343235,1.0,825
azure2019,async,test,no_budget_horizon,144,1700000944,2,1700200950,154,58.88,43.64512314764825,1.0,0.0,24.0,0.0,0.0,0.0,1.128428765625,1.1896020499999995,1.0,825
azure2019,async,test,no_budget_horizon,144,1700000944,3,1700300953,818,58.88,43.64512314764825,1.0,0.0,104.0,0.0,0.0,0.0,1.1135302031249998,1.1426299,1.0,825
azure2019,async,test,no_budget_horizon,144,1700000944,4,1700400956,1338,44.710810613132345,35.982109307192474,0.9788494651639088,0.0625,144.0,0.0,38.2715370696917,9.271029275193122,0.675706875,1.1642789,1.0,825
azure2019,http,test,no_budget_horizon,144,1700000944,0,1701000947,988,58.88,43.64512314764825,1.0,0.0,130.0,0.0,0.0,0.0,0.55309821875,0.8164364,1.0,825
azure2019,http,test,no_budget_horizon,144,1700000944,1,1701100950,744,58.88,43.64512314764825,1.0,0.0,130.0,0.0,0.0,0.0,0.613103140625,1.0920139,1.0,825
azure2019,http,test,no_budget_horizon,144,1700000944,2,1701200953,2202,58.88,43.64512314764825,1.0,0.0,70.0,0.0,0.0,0.0,0.562740171875,0.6185885,1.0,825
azure2019,http,test,no_budget_horizon,144,1700000944,3,1701300956,888,58.88,43.64512314764825,1.0,0.0,130.0,0.0,0.0,0.0,0.9113421875,1.26497225,1.0,825
azure2019,http,test,no_budget_horizon,144,1700000944,4,1701400959,3256,58.88,43.64512314764825,1.0,0.0,60.0,0.0,0.0,0.0,0.7327198125000001,1.1454407999999998,1.0,825
azure2019,async,test,no_budget_horizon,144,1700000945,0,1700000945,3567,58.88,43.64512314764825,1.0,0.0,144.0,0.0,0.0,0.0,0.68768003125,1.12331605,1.0,826
azure2019,async,test,no_budget_horizon,144,1700000945,1,1700100948,2615,58.88,43.64512314764825,1.0,0.0,127.0,0.0,0.0,0.0,0.6236696562499999,1.1670244499999998,1.0,826
azure2019,async,test,no_budget_horizon,144,1700000945,2,1700200951,3775,58.88,43.64512314764825,1.0,0.0,137.0,0.0,0.0,0.0,0.607902453125,1.1002026499999993,1.0,826
azure2019,async,test,no_budget_horizon,144,1700000945,3,1700300954,3539,58.88,43.64512314764825,1.0,0.0,141.0,0.0,0.0,0.0,1.120460859375,1.1881423,1.0,826
azure2019,async,test,no_budget_horizon,144,1700000945,4,1700400957,2876,58.88,43.64512314764825,1.0,0.0,116.0,0.0,0.0,0.0,1.0692549218749998,1.0973289,1.0,826
azure2019,http,test,no_budget_horizon,144,1700000945,0,1701000948,3810,58.88,43.64512314764825,1.0,0.0,82.0,0.0,0.0,0.0,0.678327125,1.1279427999999998,1.0,826
azure2019,http,test,no_budget_horizon,144,1700000945,1,1701100951,1990,58.88,43.64512314764825,1.0,0.0,65.0,0.0,0.0,0.0,0.552456734375,0.5990589000000001,1.0,826
azure2019,http,test,no_budget_horizon,144,1700000945,2,1701200954,1533,58.88,43.64512314764825,1.0,0.0,65.0,0.0,0.0,0.0,0.581927015625,1.0197845999999993,1.0,826
azure2019,http,test,no_budget_horizon,144,1700000945,3,1701300957,1822,58.88,43.64512314764825,1.0,0.0,64.0,0.0,0.0,0.0,0.673811765625,1.1507786,1.0,826
azure2019,http,test,no_budget_horizon,144,1700000945,4,1701400960,3394,58.88,43.64512314764825,1.0,0.0,65.0,0.0,0.0,0.0,0.551614265625,0.6670246499999997,1.0,826
azure2019,async,test,no_budget_horizon,144,1700000946,0,1700000946,839,57.977044237273496,42.94069070639857,1.0,0.0,77.0,0.0,4.010832259471762,0.0,0.7492037968749999,0.79026795,1.0,827
azure2019,async,test,no_budget_horizon,144,1700000946,1,1700100949,1383,56.99967664801379,42.326487473036885,1.0,0.0,107.0,0.0,9.085707440571149,0.0,1.376111734375,1.77994295,1.0,827
azure2019,async,test,no_budget_horizon,144,1700000946,2,1700200952,3333,58.25287115049348,43.18000434393021,1.0,0.0,131.0,0.0,3.143454291467039,0.0,1.731015078125,1.84210455,1.0,827
azure2019,async,test,no_budget_horizon,144,1700000946,3,1700300955,1668,58.08984653267646,43.16511139906399,1.0,0.0,71.0,0.0,3.486872536351229,0.0,0.96242784375,1.7433503,1.0,827
azure2019,async,test,no_budget_horizon,144,1700000946,4,1700400958,3470,58.33697746788916,43.23771187062721,1.0,0.0,123.0,0.0,2.5653264212004663,0.0,1.719543265625,1.8173816,1.0,827
azure2019,http,test,no_budget_horizon,144,1700000946,0,1701000949,477,58.87681996249528,43.64262466169384,1.0,0.0,66.0,0.0,0.013650865869927,0.0,1.02261365625,1.97155165,1.0,827
azure2019,http,test,no_budget_horizon,144,1700000946,1,1701100952,3137,58.281551741591954,43.23085072285416,1.0000000000000002,0.0,13.0,0.0,2.25098605512163,0.0,1.814455609375,1.9078823,1.0,827
azure2019,http,test,no_budget_horizon,144,1700000946,2,1701200955,279,58.52492514549709,43.39034908004808,1.0,0.0,58.0,0.0,1.3432826770380322,0.0,1.77593203125,1.83887805,1.0,827
azure2019,http,test,no_budget_horizon,144,1700000946,3,1701300958,502,58.61908802676082,43.48963117798088,1.0,0.0,69.0,0.0,1.1384691038487285,0.0,1.7003999843750002,1.7726423,1.0,827
azure2019,http,test,no_budget_horizon,144,1700000946,4,1701400961,2525,58.73689139506605,43.50950098860472,1.0,0.0,66.0,0.0,0.6268170382714855,0.0,1.7175255156250002,1.8066813,1.0,827
azure2019,async,test,no_budget_horizon,144,1700000947,0,1700000947,2494,-46.722624119115565,-18.36330538967552,0.9030097295480302,0.359375,144.0,0.0,564.6430020508801,42.88628689364518,1.2656663125,1.76530835,1.0,828
azure2019,async,test,no_budget_horizon,144,1700000947,1,1700100950,265,58.88,43.64512314764825,1.0,0.0,66.0,0.0,0.0,0.0,1.69075740625,1.7558393,1.0,828
azure2019,async,test,no_budget_horizon,144,1700000947,2,1700200953,3421,-67.48336337549406,-31.506305018519853,0.88750970587878,0.40625,144.0,0.0,730.5568297779678,50.13741212596916,1.1374611875,1.73974575,1.0,828
azure2019,async,test,no_budget_horizon,144,1700000947,3,1700300956,2894,58.88,43.64512314764825,1.0,0.0,134.0,0.0,0.0,0.0,1.75535440625,1.8230672,1.0,828
azure2019,async,test,no_budget_horizon,144,1700000947,4,1700400959,310,58.88,43.64512314764825,1.0,0.0,76.0,0.0,0.0,0.0,1.84314884375,1.96385035,1.0,828
azure2019,http,test,no_budget_horizon,144,1700000947,0,1701000950,692,58.86161849522776,43.631250271468815,1.0,0.0,128.0,0.0,0.0922049045735668,0.0,1.81490725,1.87878145,1.0,828
azure2019,http,test,no_budget_horizon,144,1700000947,1,1701100953,2239,58.88,43.64512314764825,1.0,0.0,102.0,0.0,0.0,0.0,1.73293125,1.8059741,1.0,828
azure2019,http,test,no_budget_horizon,144,1700000947,2,1701200956,4180,58.88,43.64512314764825,1.0,0.0,100.0,0.0,0.0,0.0,1.783517296875,1.90942885,1.0,828
azure2019,http,test,no_budget_horizon,144,1700000947,3,1701300959,3606,58.88,43.64512314764825,1.0,0.0,99.0,0.0,0.0,0.0,1.719644375,1.8350125,1.0,828
azure2019,http,test,no_budget_horizon,144,1700000947,4,1701400962,1265,58.88,43.64512314764825,1.0,0.0,122.0,0.0,0.0,0.0,1.734458671875,1.84490405,1.0,828
azure2019,async,test,no_budget_horizon,144,1700000948,0,1700000948,3318,57.850737317138496,43.09665468030019,0.9922422926156332,0.0,144.0,0.0,5.122081034755409,3.411769697673691,0.5138704687500001,0.5761498,1.0,829
azure2019,async,test,no_budget_horizon,144,1700000948,1,1700100951,742,58.88,43.64512314764825,1.0,0.0,122.0,0.0,0.0,0.0,0.8896273749999999,1.10915115,1.0,829
azure2019,async,test,no_budget_horizon,144,1700000948,2,1700200954,1693,58.88,43.64512314764825,1.0,0.0,111.0,0.0,0.0,0.0,0.569226015625,0.7008683999999998,1.0,829
azure2019,async,test,no_budget_horizon,144,1700000948,3,1700300957,3281,58.88,43.64512314764825,1.0,0.0,139.0,0.0,0.0,0.0,0.5326379375,0.57815655,1.0,829
azure2019,async,test,no_budget_horizon,144,1700000948,4,1700400960,3117,58.88,43.64512314764825,1.0,0.0,110.0,0.0,0.0,0.0,0.54707359375,0.6199334999999999,1.0,829
azure2019,http,test,no_budget_horizon,144,1700000948,0,1701000951,677,58.88,43.64512314764825,1.0,0.0,110.0,0.0,0.0,0.0,0.532944203125,0.5576966,1.0,829
azure2019,http,test,no_budget_horizon,144,1700000948,1,1701100954,830,58.88,43.64512314764825,1.0,0.0,130.0,0.0,0.0,0.0,0.5332605625,0.5915213500000001,1.0,829
azure2019,http,test,no_budget_horizon,144,1700000948,2,1701200957,4093,58.88,43.64512314764825,1.0,0.0,95.0,0.0,0.0,0.0,0.559338078125,0.6161342999999999,1.0,829
azure2019,http,test,no_budget_horizon,144,1700000948,3,1701300960,2064,58.88,43.64512314764825,1.0,0.0,65.0,0.0,0.0,0.0,0.562005390625,0.6495231499999999,1.0,829
azure2019,http,test,no_budget_horizon,144,1700000948,4,1701400963,1802,58.88,43.64512314764825,1.0,0.0,63.0,0.0,0.0,0.0,0.513786734375,0.56396845,1.0,829
azure2019,async,test,no_budget_horizon,48,1700000939,0,1700000939,470,55.63634711731933,41.73664441722511,0.9901124766629212,0.0,48.0,0.0,15.262983209655015,3.4915188142794484,0.965292546875,1.8230801,1.0,820
azure2019,async,test,no_budget_horizon,48,1700000939,1,1700100942,521,20.201364691431788,21.771571216708782,0.9728743065229218,0.171875,48.0,0.0,102.85088572172378,9.840722067557405,0.615805515625,0.8989257999999998,1.0,820
azure2019,async,test,no_budget_horizon,48,1700000939,2,1700200945,1293,-156.77988005225734,-89.8715780741186,0.8203845563728547,0.5625,48.0,0.0,1553.4756263185768,79.49635527364619,0.4361114218749999,0.8411502499999998,1.0,820
azure2019,async,test,no_budget_horizon,48,1700000939,3,1700300948,4068,-101.9347278177328,-56.10300928070269,0.8884787270916213,0.53125,48.0,0.0,886.7977430120347,45.81936458684349,0.453101796875,0.7863996,1.0,820
azure2019,async,test,no_budget_horizon,48,1700000939,4,1700400951,1537,-15.954546961770085,-0.1577238782271655,0.9478159420108818,0.3125,48.0,0.0,263.37614505678044,19.86517027888848,0.570361046875,0.9431054,1.0,820
azure2019,http,test,no_budget_horizon,48,1700000939,0,1701000942,3740,15.039694863616326,18.83240030192361,0.9599420459023844,0.1875,48.0,0.0,137.02373932363793,15.094213150743029,0.6128367343750001,0.8592583999999999,1.0,820
azure2019,http,test,no_budget_horizon,48,1700000939,1,1701100945,306,37.59462461257674,31.94381846216953,0.9789037191462406,0.09375,48.0,0.0,54.26964336209889,7.322254706419473,0.6364853125,0.8280089499999999,1.0,820
azure2019,http,test,no_budget_horizon,48,1700000939,2,1701200948,1221,8.441627575870124,14.77491482354693,0.9590712967612868,0.21875,48.0,0.0,156.71289210666325,15.548172952303126,0.63612453125,0.92412635,1.0,820
azure2019,http,test,no_budget_horizon,48,1700000939,3,1701300951,1135,-24.7986186664206,-5.532525146264038,0.9299381793564476,0.3125,48.0,0.0,361.9009270876512,27.565542941024425,1.268940484375,1.763786,1.0,820
azure2019,http,test,no_budget_horizon,48,1700000939,4,1701400954,1168,-30.423390095780626,-9.244663937377757,0.9313581077989054,0.34375,48.0,0.0,371.6707533275787,26.893083127904337,1.0514467500000002,1.7090051,1.0,820
azure2019,async,test,no_budget_horizon,48,1700000940,0,1700000940,3860,-246.9354252169717,-156.99112004984866,0.792077786163243,0.78125,48.0,0.0,2255.076299593503,88.86367759417682,0.349962734375,0.8006904499999999,1.0,821
azure2019,async,test,no_budget_horizon,48,1700000940,1,1700100943,14,28.78510103137356,26.898185946384476,0.9791087471181474,0.140625,48.0,0.0,72.36496676823256,6.85066199539115,0.623107484375,0.87657385,1.0,821
azure2019,async,test,no_budget_horizon,48,1700000940,2,1700200946,2751,-167.35789154566658,-103.4874795572801,0.8644084109184607,0.703125,48.0,0.0,1364.6265946325434,53.25641961467382,0.4078463125,0.7842712999999999,1.0,821
azure2019,async,test,no_budget_horizon,48,1700000940,3,1700300949,1113,-328.2791518785117,-209.3116482108647,0.737210318374972,0.78125,48.0,0.0,3354.828657238372,123.49488504561708,0.3388530468749999,0.8400086999999999,1.0,821
azure2019,async,test,no_budget_horizon,48,1700000940,4,1700400952,1102,-320.71668937408776,-203.98683324876157,0.7359441459043229,0.78125,48.0,0.0,3252.863244090947,124.76203334865868,0.364258015625,1.131936,1.0,821
azure2019,http,test,no_budget_horizon,48,1700000940,0,1701000943,886,-239.6909407243378,-153.47583112831646,0.8142058447375854,0.78125,48.0,0.0,2152.703357078646,77.35080373694142,0.35995059375,0.77902675,1.0,821
azure2019,http,test,no_budget_horizon,48,1700000940,1,1701100946,3676,-78.18366003056896,-41.33628639584497,0.9140822196607165,0.515625,48.0,0.0,612.2597882357654,31.76264701464514,0.4417779687499999,0.8286979,1.0,821
azure2019,http,test,no_budget_horizon,48,1700000940,2,1701200949,840,-236.87967331933567,-150.6365947863261,0.8047234026826627,0.765625,48.0,0.0,2144.7880320237878,82.35990394360695,0.721316640625,1.72199185,1.0,821
azure2019,http,test,no_budget_horizon,48,1700000940,3,1701300952,3544,-4.702096803077861,6.594728110909998,0.9575977468462552,0.265625,48.0,0.0,199.38437529025816,14.823331365744842,1.127339359375,1.72354075,1.0,821
azure2019,http,test,no_budget_horizon,48,1700000940,4,1701400955,4127,-136.38252089666054,-81.37132234395919,0.8874871268361268,0.640625,48.0,0.0,1094.9791014070715,43.229577889648375,0.441412484375,1.0045852499999992,1.0,821
azure2019,async,test,no_budget_horizon,48,1700000941,0,1700000941,3252,-143.98001832974293,-82.67337845642108,0.8380410545961023,0.578125,48.0,0.0,1345.540953834452,69.22136038314389,0.476743578125,0.86917035,1.0,822
azure2019,async,test,no_budget_horizon,48,1700000941,1,1700100944,98,58.41555622949704,43.39512236112199,0.9980953070959968,0.0,48.0,0.0,1.8192989232185104,0.603117282628701,0.71193740625,1.7564635999999998,1.0,822
azure2019,async,test,no_budget_horizon,48,1700000941,2,1700200947,540,-42.76779984897904,-17.73430101212763,0.9363735311336786,0.40625,48.0,0.0,388.3772650780774,23.451001371272188,0.45245090625,0.7804491,1.0,822
azure2019,async,test,no_budget_horizon,48,1700000941,3,1700300950,297,45.43613839821259,35.93002678437052,0.9851093432293436,0.015625,48.0,0.0,57.03676217167295,5.0699358798220775,0.5258894375,0.8074036,1.0,822
azure2019,async,test,no_budget_horizon,48,1700000941,4,1700400953,1207,-163.80708683293767,-96.63288320881924,0.829622062343383,0.609375,48.0,0.0,1527.2930610785838,75.38478332671033,0.431915515625,0.8427464499999998,1.0,822
azure2019,http,test,no_budget_horizon,48,1700000941,0,1701000944,3466,-30.280368159691434,-9.959659003004395,0.9566927166328744,0.390625,48.0,0.0,280.4384662614326,15.099784886214032,0.5136935625,0.91284985,1.0,822
azure2019,http,test,no_budget_horizon,48,1700000941,1,1701100947,1364,-11.46208623080032,2.1221024097990027,0.9674973591940952,0.3125,48.0,0.0,199.62088617359348,11.242412785213348,0.51272071875,0.8343218999999998,1.0,822
azure2019,http,test,no_budget_horizon,48,1700000941,2,1701200950,744,-129.17602765875068,-73.41085904950275,0.8560973826150505,0.5625,48.0,0.0,1177.026463413262,58.89955309939889,0.422195609375,0.7649112,1.0,822
azure2019,http,test,no_budget_horizon,48,1700000941,3,1701300953,4141,-89.12363906008835,-49.07501759216285,0.9163686167097744,0.546875,48.0,0.0,685.4225853304986,31.76902416296524,0.420418140625,0.7687205,1.0,822
azure2019,http,test,no_budget_horizon,48,1700000941,4,1701400956,246,7.021449790555267,13.892402021900974,0.9638724402854904,0.21875,48.0,0.0,156.14720742083358,12.49630922167592,0.52924634375,0.7719309999999999,1.0,822
azure2019,async,test,no_budget_horizon,48,1700000942,0,1700000942,1105,-220.07509676339623,-131.8545762977061,0.7837136848526352,0.625,48.0,0.0,2244.315775711756,102.09215445887806,0.4568528749999999,1.1018789,1.0,823
azure2019,async,test,no_budget_horizon,48,1700000942,1,1700100945,4107,-59.81859091937642,-27.17174641864989,0.8961904315021111,0.390625,48.0,0.0,647.9696752115051,42.24085348497633,0.50881821875,0.8038810499999999,1.0,823
azure2019,async,test,no_budget_horizon,48,1700000942,2,1700200948,3663,-171.38318039763055,-100.4586815171757,0.8164271669690062,0.59375,48.0,0.0,1665.7931722206129,82.08649941587555,0.420989703125,0.82176605,1.0,823
azure2019,async,test,no_budget_horizon,48,1700000942,3,1700300951,2057,-91.92790621689504,-47.92947445094568,0.873524208652276,0.46875,48.0,0.0,894.9229097049922,52.56137878409825,0.4979651406249999,0.8852996499999999,1.0,823
azure2019,async,test,no_budget_horizon,48,1700000942,4,1700400954,3377,-157.9055289750587,-90.8615728074821,0.8190610541848775,0.578125,48.0,0.0,1536.030495873797,79.8366732176593,0.450416015625,0.83003475,1.0,823
azure2019,http,test,no_budget_horizon,48,1700000942,0,1701000945,3725,20.662153799546687,22.22166747416956,0.959070678913199,0.15625,48.0,0.0,127.80624984074149,15.42165551078266,0.6135119843749999,0.8022309499999999,1.0,823
azure2019,http,test,no_budget_horizon,48,1700000942,1,1701100948,3563,43.10179821342048,34.951207617890134,0.9809068530781808,0.0625,48.0,0.0,42.67056772458223,6.704629031194102,0.640314265625,0.8063520499999998,1.0,823
azure2019,http,test,no_budget_horizon,48,1700000942,2,1701200951,3471,53.44226495762673,40.55398514854672,0.9908643701177734,0.0,48.0,0.0,25.95425494312733,3.1745564386109173,0.634540296875,0.7923448,1.0,823
azure2019,http,test,no_budget_horizon,48,1700000942,3,1701300954,99,54.52441090720085,41.1455165314257,0.9917290101370732,0.0,48.0,0.0,19.992566193059723,2.8759326978073574,0.68334984375,0.9352744,1.0,823
azure2019,http,test,no_budget_horizon,48,1700000942,4,1701400957,3322,29.25692062283851,27.18162310611931,0.9705961316570106,0.125,48.0,0.0,85.49000765547765,10.50968383658268,0.6189896718750001,0.7962971999999999,1.0,823
azure2019,async,test,no_budget_horizon,48,1700000943,0,1700000943,3767,-118.80266371697716,-66.73695341535145,0.8663694206727602,0.546875,48.0,0.0,1071.7720511403836,56.66428680915642,0.595307703125,1.41947335,1.0,824
azure2019,async,test,no_budget_horizon,48,1700000943,1,1700100946,2977,-16.877841840800556,-0.4836975773089795,0.9374486870266354,0.296875,48.0,0.0,301.54883481231855,24.31207337146452,1.7415460625,2.2832950499999995,1.0,824
azure2019,async,test,no_budget_horizon,48,1700000943,2,1700200949,2810,-32.45253406943751,-10.433448202781314,0.92933376446725,0.34375,48.0,0.0,396.2732237073096,27.915235961840477,0.904843953125,1.6888691,1.0,824
azure2019,async,test,no_budget_horizon,48,1700000943,3,1700300952,1223,-137.4345886381527,-77.44047103039561,0.8367847688293043,0.546875,48.0,0.0,1330.6970470321762,71.716318465307,1.074238875,1.83999535,1.0,824
azure2019,async,test,no_budget_horizon,48,1700000943,4,1700400955,2144,-105.54235521416042,-57.641111116352974,0.8762442695488136,0.5,48.0,0.0,990.285161037945,52.05558695821211,0.68852790625,1.77293225,1.0,824
azure2019,http,test,no_budget_horizon,48,1700000943,0,1701000946,3911,10.074832107095334,15.731856510895934,0.956535540100022,0.203125,48.0,0.0,163.43400068425302,16.539951528616918,0.819546125,1.7410381999999998,1.0,824
azure2019,http,test,no_budget_horizon,48,1700000943,1,1701100949,3508,54.1683989488072,40.97961147216793,0.9877296781613468,0.0,48.0,0.0,22.80095770460056,4.25532271934452,0.8060065625000001,1.7923264,1.0,824
azure2019,http,test,no_budget_horizon,48,1700000943,2,1701200952,433,19.955157916682914,21.813689204846327,0.9662807375886516,0.171875,48.0,0.0,112.8216788389997,12.28837627911426,0.6367217968750001,0.8720430499999998,1.0,824
azure2019,http,test,no_budget_horizon,48,1700000943,3,1701300955,1756,57.61664628752893,42.64528351956279,0.9999999999999998,0.0,30.0,0.0,4.862504717580928,0.0,1.080471203125,1.852814,1.0,824
azure2019,http,test,no_budget_horizon,48,1700000943,4,1701400958,2871,57.13862363510424,42.53871352933358,0.9960801564942188,0.0,48.0,0.0,7.06593091561889,1.3406290985424132,1.30974784375,1.83298845,1.0,824
azure2019,async,test,no_budget_horizon,48,1700000944,0,1700000944,2581,-151.56439152150455,-89.40661523352452,0.8504257524461942,0.625,48.0,0.0,1340.053323180031,63.74025720794033,0.593016875,1.8497402999999997,1.0,825
azure2019,async,test,no_budget_horizon,48,1700000944,1,1700100947,1541,-82.98461145739225,-44.23037300752321,0.915515072489834,0.515625,48.0,0.0,679.5291840418756,32.06054297886745,0.4507335312499999,0.7633999499999999,1.0,825
azure2019,async,test,no_budget_horizon,48,1700000944,2,1700200950,154,58.76191024227069,43.57849672750774,0.999866383396962,0.0,48.0,0.0,0.4481953896790269,0.0422134451047542,0.568286953125,0.75862655,1.0,825
azure2019,async,test,no_budget_horizon,48,1700000944,3,1700300953,818,-114.32283879037706,-65.06472500458953,0.895793178274294,0.5625,48.0,0.0,983.2042761668756,40.85481253853356,0.46711421875,1.1217975,1.0,825
azure2019,async,test,no_budget_horizon,48,1700000944,4,1700400956,1338,-176.0484958291893,-104.59458000769564,0.8294986760422792,0.625,48.0,0.0,1663.2501688494935,74.73677512749636,0.449007265625,0.8803476999999998,1.0,825
azure2019,http,test,no_budget_horizon,48,1700000944,0,1701000947,988,-142.89843855691834,-82.5254739136448,0.8546185138194803,0.578125,48.0,0.0,1325.0936610889178,61.5863013262131,0.453528328125,0.83542305,1.0,825
azure2019,http,test,no_budget_horizon,48,1700000944,1,1701100950,744,-129.17602765875068,-73.41085904950275,0.8560973826150505,0.5625,48.0,0.0,1177.026463413262,58.89955309939889,0.53139803125,0.9504875499999996,1.0,825
azure2019,http,test,no_budget_horizon,48,1700000944,2,1701200953,2202,-18.900627825745733,-2.065468713476498,0.9479786475793476,0.328125,48.0,0.0,269.0950996715877,18.83757531299196,1.164469265625,1.76631505,1.0,825
azure2019,http,test,no_budget_horizon,48,1700000944,3,1701300956,888,-133.61322441382492,-76.84122506536345,0.8638096682932597,0.578125,48.0,0.0,1202.285506367858,56.60639048299939,0.820497875,1.80239955,1.0,825
azure2019,http,test,no_budget_horizon,48,1700000944,4,1701400959,3256,25.302886151549515,24.835583104059367,0.97307704238226,0.140625,48.0,0.0,95.10183258104236,9.08374891389295,1.363241328125,1.75375555,1.0,825
azure2019,async,test,no_budget_horizon,48,1700000945,0,1700000945,3567,-179.43313890670075,-107.07838172705333,0.820718596304713,0.640625,48.0,0.0,1674.1081653332074,75.98234905377332,0.42451825,0.9192029,1.0,826
azure2019,async,test,no_budget_horizon,48,1700000945,1,1700100948,2615,-185.29335838337403,-113.2856476151394,0.8403789765818241,0.671875,48.0,0.0,1671.9846518603858,65.71456906620871,0.370055125,0.7609969,1.0,826
azure2019,async,test,no_budget_horizon,48,1700000945,2,1700200951,3775,-248.68709300353305,-159.5475667980599,0.8058527278081619,0.78125,48.0,0.0,2267.682139156322,81.99481163885665,0.4393738749999999,1.0546762999999997,1.0,826
azure2019,async,test,no_budget_horizon,48,1700000945,3,1700300954,3539,-224.94447586077047,-143.4081887653988,0.8202878416088432,0.765625,48.0,0.0,1981.1205168662168,75.559058550815,0.3881457031249999,0.9917165,1.0,826
azure2019,async,test,no_budget_horizon,48,1700000945,4,1700400957,2876,-169.9778219582707,-105.40148129677966,0.8683845152911183,0.703125,48.0,0.0,1393.8356871356018,52.93487619914423,0.358923203125,0.7882404999999999,1.0,826
azure2019,http,test,no_budget_horizon,48,1700000945,0,1701000948,3810,-93.01687687604752,-50.865831044105576,0.8999785684022088,0.53125,48.0,0.0,765.5212802172891,37.73906218227008,0.42794271875,0.8084137499999999,1.0,826
azure2019,http,test,no_budget_horizon,48,1700000945,1,1701100951,1990,-44.93203094860759,-19.90189238371944,0.94791260343329,0.4375,48.0,0.0,349.3646307164146,18.167165991300763,0.6503605312499999,1.3136056499999995,1.0,826
azure2019,http,test,no_budget_horizon,48,1700000945,2,1701200954,1533,-38.50001593686908,-16.00202825884448,0.9601069459001624,0.421875,48.0,0.0,298.1040425279886,13.636565906909752,1.0441814218749998,1.86949835,1.0,826
azure2019,http,test,no_budget_horizon,48,1700000945,3,1701300957,1822,-26.018858318163403,-7.204368263849013,0.951822234353645,0.359375,48.0,0.0,272.7233774108032,16.432667247535367,1.02286984375,1.83660515,1.0,826
azure2019,http,test,no_budget_horizon,48,1700000945,4,1701400960,3394,-71.28769597301704,-37.83747318480653,0.9389982194936184,0.53125,48.0,0.0,497.0533510592196,21.542175440502863,0.961773609375,1.73411525,1.0,826
azure2019,async,test,no_budget_horizon,48,1700000946,0,1700000946,839,-90.87597615429088,-51.21534263717568,0.9259632059588369,0.578125,48.0,0.0,640.842399001151,28.16462792523789,0.67965,1.734792,1.0,827
azure2019,async,test,no_budget_horizon,48,1700000946,1,1700100949,1383,-144.1702463943385,-85.20072661718689,0.8543062009483741,0.625,48.0,0.0,1232.981996882687,60.54188177851015,0.414960375,0.8901131999999999,1.0,827
azure2019,async,test,no_budget_horizon,48,1700000946,2,1700200952,3333,-166.22019623206717,-96.9034400662221,0.8278622247830647,0.578125,48.0,0.0,1635.896688420742,75.35969469770187,0.435679046875,0.7971002,1.0,827
azure2019,async,test,no_budget_horizon,48,1700000946,3,1700300955,1668,-93.2179685438142,-51.09057273811231,0.8966511834283414,0.546875,48.0,0.0,744.895429037636,38.96705419909031,1.01301234375,1.80445695,1.0,827
azure2019,async,test,no_budget_horizon,48,1700000946,4,1700400958,3470,-172.93817875474792,-103.726354637408,0.842964463149974,0.640625,48.0,0.0,1585.1976482414984,67.1776592598132,0.944437171875,1.7770164,1.0,827
azure2019,http,test,no_budget_horizon,48,1700000946,0,1701000949,477,-79.27701023122917,-42.543973331064976,0.9185017934197178,0.53125,48.0,0.0,593.6591017741923,29.992025363616783,0.98570628125,1.7411571,1.0,827
azure2019,http,test,no_budget_horizon,48,1700000946,1,1701100952,3137,55.44472846101074,41.68622648319502,0.9972178688632166,0.0,48.0,0.0,14.251411258336836,0.896961778527066,1.075083984375,1.75619875,1.0,827
azure2019,http,test,no_budget_horizon,48,1700000946,2,1701200955,279,-42.86616819388625,-18.640793952794983,0.954665997516752,0.4375,48.0,0.0,329.10339275919904,15.76682248266066,0.438493046875,0.78047,1.0,827
azure2019,http,test,no_budget_horizon,48,1700000946,3,1701300958,502,-86.90672243263018,-46.59094091413094,0.9005745527970097,0.515625,48.0,0.0,719.9685393729395,37.20659169736691,0.457421875,0.8603754999999996,1.0,827
azure2019,http,test,no_budget_horizon,48,1700000946,4,1701400961,2525,-71.38413402494146,-37.389379789508624,0.92784412882318,0.515625,48.0,0.0,526.0723718914709,26.432806207234957,0.436016234375,0.79898465,1.0,827
azure2019,async,test,no_budget_horizon,48,1700000947,0,1700000947,2494,-192.8768386217211,-115.22808579108128,0.8147567878186583,0.625,48.0,0.0,1889.7732409472144,81.90918022693322,0.418410015625,0.80165775,1.0,828
azure2019,async,test,no_budget_horizon,48,1700000947,1,1700100950,265,-20.520162544234594,-3.3380279949639537,0.9565310338255468,0.328125,48.0,0.0,272.8650622612472,14.558391217342065,0.508328,0.8346396999999998,1.0,828
azure2019,async,test,no_budget_horizon,48,1700000947,2,1700200953,3421,-273.3909728595424,-174.8224402808535,0.7840939948512996,0.78125,48.0,0.0,2606.168788115938,96.23024319722175,0.349144078125,0.8364768499999999,1.0,828
azure2019,async,test,no_budget_horizon,48,1700000947,3,1700300956,2894,-104.75292647186389,-58.07712429331384,0.8817286496349112,0.546875,48.0,0.0,889.7668765043941,46.68121832882282,0.42697003125,0.7747826999999999,1.0,828
azure2019,async,test,no_budget_horizon,48,1700000947,4,1700400959,310,5.590269808244058,12.740842137034155,0.9562972783451498,0.203125,48.0,0.0,174.0409416725541,14.994780143181153,0.4345975625,0.8501713999999998,1.0,828
azure2019,http,test,no_budget_horizon,48,1700000947,0,1701000950,692,-115.95466823219662,-65.47714730174677,0.8739130712711892,0.5625,48.0,0.0,1004.7556766814934,49.77265546302374,0.44097071875,0.8430780499999997,1.0,828
azure2019,http,test,no_budget_horizon,48,1700000947,1,1701100953,2239,-73.11523504359474,-38.40630838576219,0.9241241098196006,0.515625,48.0,0.0,547.2636785588714,27.64056961961998,0.4403836249999999,0.8328078999999999,1.0,828
azure2019,http,test,no_budget_horizon,48,1700000947,2,1701200956,4180,-78.73781643381474,-42.28217446327467,0.9254948493264948,0.53125,48.0,0.0,586.9333930787807,27.16836104635928,0.431569375,0.7830185999999999,1.0,828
azure2019,http,test,no_budget_horizon,48,1700000947,3,1701300959,3606,-71.67836971775364,-37.5058757568505,0.9238263108654338,0.515625,48.0,0.0,530.296184062046,27.46462024549919,0.458262265625,0.8340020499999999,1.0,828
azure2019,http,test,no_budget_horizon,48,1700000947,4,1701400962,1265,-86.43452952162863,-47.22010004390612,0.9149754089236816,0.546875,48.0,0.0,656.3676983889035,31.605871885137844,0.575903625,1.3997723499999994,1.0,828
azure2019,async,test,no_budget_horizon,48,1700000948,0,1700000948,3318,-271.01702737517587,-172.54790068601872,0.7741686745164538,0.78125,48.0,0.0,2577.723375695812,99.3185789171332,0.34852653125,0.73684815,1.0,829
azure2019,async,test,no_budget_horizon,48,1700000948,1,1700100951,742,-126.34162361029324,-70.89378531213669,0.8554498051675491,0.546875,48.0,0.0,1182.53843846158,58.6616046853642,0.46337753125,0.939895,1.0,829
azure2019,async,test,no_budget_horizon,48,1700000948,2,1700200954,1693,-88.76174655880541,-46.27739997307828,0.8768806802716553,0.484375,48.0,0.0,825.4219794111093,48.70374954505133,0.4897307656249999,0.90912215,1.0,829
azure2019,async,test,no_budget_horizon,48,1700000948,3,1700300957,3281,-260.30689217695044,-165.3858949952159,0.7847202032966164,0.765625,48.0,0.0,2465.0063898648086,93.33373485435013,0.326222625,0.76360995,1.0,829
azure2019,async,test,no_budget_horizon,48,1700000948,4,1700400960,3117,-132.02055515821846,-76.91017244100318,0.8683695402218842,0.609375,48.0,0.0,1110.962280151051,52.17392593828208,0.404634984375,0.7791714,1.0,829
azure2019,http,test,no_budget_horizon,48,1700000948,0,1701000951,677,-109.2936935712118,-61.3116634802419,0.8812881653520271,0.5625,48.0,0.0,919.1104035437152,46.46569746233832,0.426835046875,0.81059385,1.0,829
azure2019,http,test,no_budget_horizon,48,1700000948,1,1701100954,830,-228.1076093410653,-144.15631719520292,0.8103032426465572,0.75,48.0,0.0,2063.5410902608264,79.41449073257958,0.3366863906249999,0.7649638,1.0,829
azure2019,http,test,no_budget_horizon,48,1700000948,2,1701200957,4093,-71.65612210190626,-35.83952190931626,0.9057510599961728,0.46875,48.0,0.0,636.773441900699,36.12816383479304,0.451459546875,0.7733027,1.0,829
azure2019,http,test,no_budget_horizon,48,1700000948,3,1701300960,2064,41.194224100567126,33.894482556145974,0.9821160904093862,0.0625,48.0,0.0,52.968710658585145,6.181638391118458,0.627320875,0.8107293499999999,1.0,829
azure2019,http,test,no_budget_horizon,48,1700000948,4,1701400963,1802,50.22310029294832,38.885443399908624,0.9834887674709571,0.015625,48.0,0.0,34.2118504861358,5.525733706515865,0.6711974375,0.9772403,1.0,829
azure2019,async,test,no_budget_horizon,72,1700000939,0,1700000939,470,58.00306278824742,42.97130714142985,1.0,0.0,51.0,0.0,3.698969428574366,0.0,0.903624953125,1.15069515,1.0,820
azure2019,async,test,no_budget_horizon,72,1700000939,1,1700100942,521,57.81140655323756,42.83467126871538,1.0,0.0,62.0,0.0,4.674800623344866,0.0,0.764720796875,0.8255934,1.0,820
azure2019,async,test,no_budget_horizon,72,1700000939,2,1700200945,1293,-59.42132795809512,-26.232496306015943,0.8825029070484314,0.375,72.0,0.0,686.9137398141801,52.00327130159362,0.5801611093749999,0.9282983,1.0,820
azure2019,async,test,no_budget_horizon,72,1700000939,3,1700300948,4068,7.182983363915212,13.729250710770197,0.951293897067534,0.203125,72.0,0.0,186.6483693120516,20.011273451841365,0.6444609218749999,0.87709355,1.0,820
azure2019,async,test,no_budget_horizon,72,1700000939,4,1700400951,1537,56.53777315277912,42.00827165088623,1.0,0.0,71.0,0.0,11.20691865669106,0.0,0.972604875,1.8187229,1.0,820
azure2019,http,test,no_budget_horizon,72,1700000939,0,1701000942,3740,58.11790045033399,43.07624165622231,1.0,0.0,66.0,0.0,3.347339745215118,0.0,0.95631409375,1.9091069,1.0,820
azure2019,http,test,no_budget_horizon,72,1700000939,1,1701100945,306,58.58151452747521,43.427726887547,1.0,0.0,59.0,0.0,1.1287441352278131,0.0,0.758528609375,0.8044682999999999,1.0,820
azure2019,http,test,no_budget_horizon,72,1700000939,2,1701200948,1221,57.31239801940899,42.38306053159046,0.9999999999999996,0.0,65.0,0.0,6.9709946046083004,0.0,0.7546683125,0.8023476499999999,1.0,820
azure2019,http,test,no_budget_horizon,72,1700000939,3,1701300951,1135,54.124980567507286,40.38955367766613,0.9920621179323944,0.0,72.0,0.0,21.708766678590344,3.123127931667661,0.749985828125,0.8848178,1.0,820
azure2019,http,test,no_budget_horizon,72,1700000939,4,1701400954,1168,54.72651403303718,40.54660687168308,0.9964938215645208,0.0,72.0,0.0,18.71355300930705,1.3736793247244412,0.82404184375,1.0506186999999998,1.0,820
azure2019,async,test,no_budget_horizon,72,1700000940,0,1700000940,3860,-33.64014601661738,-10.243241780601071,0.904118719368532,0.3125,72.0,0.0,490.5190576240826,40.97860951038662,1.0012503593749995,1.8013075,1.0,821
azure2019,async,test,no_budget_horizon,72,1700000940,1,1700100943,14,58.48014324080478,43.37692955443899,1.0,0.0,28.0,0.0,1.5628763545285098,0.0,1.134169078125,1.8406193,1.0,821
azure2019,async,test,no_budget_horizon,72,1700000940,2,1700200946,2751,51.864332434213296,39.51326094622164,0.9867272298270902,0.015625,72.0,0.0,25.33884032695127,5.213156823116332,1.65158709375,1.80987225,1.0,821
azure2019,async,test,no_budget_horizon,72,1700000940,3,1700300949,1113,-120.81754941082988,-65.19667834635317,0.8432241199370724,0.46875,72.0,0.0,1282.4498388459338,73.67496001583034,1.1845882656250002,1.8049613,1.0,821
azure2019,async,test,no_budget_horizon,72,1700000940,4,1700400952,1102,-119.28584159317428,-63.88283624488167,0.8357523255156925,0.453125,72.0,0.0,1288.490643538028,77.60431561583883,1.1640623125,1.79907085,1.0,821
azure2019,http,test,no_budget_horizon,72,1700000940,0,1701000943,886,-16.462130591456688,-0.110296340178734,0.9310907760262755,0.28125,72.0,0.0,329.11663735531755,28.68865197469843,1.3834220624999998,1.8855592,1.0,821
azure2019,http,test,no_budget_horizon,72,1700000940,1,1701100946,3676,58.78188987266004,43.57715965214139,1.0,0.0,65.0,0.0,0.4281521657581209,0.0,1.7624379062500002,1.87074955,1.0,821
azure2019,http,test,no_budget_horizon,72,1700000940,2,1701200949,840,-28.16832040571893,-7.114839902491871,0.9137193470052932,0.3125,72.0,0.0,419.291736291479,36.38974864605973,1.318714171875,1.8300065,1.0,821
azure2019,http,test,no_budget_horizon,72,1700000940,3,1701300952,3544,58.77321550693061,43.56920196888193,1.0,0.0,63.0,0.0,0.4041676854841443,0.0,1.6704496562500002,1.7589359999999998,1.0,821
azure2019,http,test,no_budget_horizon,72,1700000940,4,1701400955,4127,57.20766474484374,42.34833208263269,1.0,0.0,72.0,0.0,7.432527163612302,0.0,0.978063078125,1.7829508499999998,1.0,821
azure2019,async,test,no_budget_horizon,72,1700000941,0,1700000941,3252,-44.365254894334505,-16.796787440014548,0.8944594810444558,0.34375,72.0,0.0,561.6238044273755,45.10808760471183,1.10281584375,1.78703705,1.0,822
azure2019,async,test,no_budget_horizon,72,1700000941,1,1700100944,98,58.84661270177169,43.621160064308825,1.0000000000000002,0.0,67.0,0.0,0.1455507146078627,0.0,1.67285634375,1.71888555,1.0,822
azure2019,async,test,no_budget_horizon,72,1700000941,2,1700200947,540,57.41713498009175,42.79870873162649,0.9919128876103616,0.0,72.0,0.0,7.01945479346957,2.9806916385300983,1.146903,1.7129200999999998,1.0,822
azure2019,async,test,no_budget_horizon,72,1700000941,3,1700300950,297,58.85053530460435,43.62028608321937,1.0,0.0,71.0,0.0,0.1281926952022063,0.0,1.79939425,1.8864981,1.0,822
azure2019,async,test,no_budget_horizon,72,1700000941,4,1700400953,1207,-72.57116209823863,-35.0926756905181,0.8769518770443024,0.40625,72.0,0.0,779.2952093519376,54.44341101527248,1.2771315468750002,1.9443325,1.0,822
azure2019,http,test,no_budget_horizon,72,1700000941,0,1701000944,3466,58.88,43.64512314764825,1.0,0.0,65.0,0.0,0.0,0.0,1.87831396875,1.95111025,1.0,822
azure2019,http,test,no_budget_horizon,72,1700000941,1,1701100947,1364,58.88,43.64512314764825,1.0,0.0,65.0,0.0,0.0,0.0,0.7465832968749999,0.78745495,1.0,822
azure2019,http,test,no_budget_horizon,72,1700000941,2,1701200950,744,-11.425437518443315,3.1635347971230354,0.9281510289909916,0.265625,72.0,0.0,307.90069421175417,29.40788958523052,0.601330640625,0.8602435499999997,1.0,822
azure2019,http,test,no_budget_horizon,72,1700000941,3,1701300953,4141,52.95499660129762,40.39415922970147,0.985730798501544,0.015625,72.0,0.0,21.112956061953003,5.420436555706804,0.723206265625,1.1078354499999996,1.0,822
azure2019,http,test,no_budget_horizon,72,1700000941,4,1701400956,246,58.88,43.64512314764825,1.0,0.0,65.0,0.0,0.0,0.0,0.740535171875,0.7960326999999998,1.0,822
azure2019,async,test,no_budget_horizon,72,1700000942,0,1700000942,1105,-119.9390799805772,-64.01098802866977,0.836798130280329,0.453125,72.0,0.0,1307.5736952746734,77.03506567230609,0.509870078125,0.85726325,1.0,823
azure2019,async,test,no_budget_horizon,72,1700000942,1,1700100945,4107,-9.740301589809686,4.11443057855996,0.9330572456405878,0.265625,72.0,0.0,286.23010536785665,27.239483986817557,0.705259484375,1.73759455,1.0,823
azure2019,async,test,no_budget_horizon,72,1700000942,2,1700200948,3663,-88.97313487111944,-45.00176394142862,0.8614814130643121,0.4375,72.0,0.0,939.7517479258332,61.94002520876544,1.160781015625,1.7728193499999998,1.0,823
azure2019,async,test,no_budget_horizon,72,1700000942,3,1700300951,2057,-40.59227561432853,-14.45113356946033,0.9018584783680588,0.328125,72.0,0.0,541.085879836859,40.786095409847405,0.5633718437499999,0.8715295999999999,1.0,823
azure2019,async,test,no_budget_horizon,72,1700000942,4,1700400954,3377,-72.25644627152832,-33.833767441580065,0.8665965328818817,0.390625,72.0,0.0,827.0143557629848,58.86233592459577,0.553474890625,0.9602430999999998,1.0,823
azure2019,http,test,no_budget_horizon,72,1700000942,0,1701000945,3725,58.498070647048685,43.36854254713714,1.0,0.0,67.0,0.0,1.667166548814543,0.0,0.80042996875,1.0557348999999998,1.0,823
azure2019,http,test,no_budget_horizon,72,1700000942,1,1701100948,3563,58.88,43.64512314764825,1.0,0.0,65.0,0.0,0.0,0.0,0.7671882187499999,0.8192518,1.0,823
azure2019,http,test,no_budget_horizon,72,1700000942,2,1701200951,3471,58.88,43.64512314764825,1.0,0.0,64.0,0.0,0.0,0.0,0.76940009375,0.8846989,1.0,823
azure2019,http,test,no_budget_horizon,72,1700000942,3,1701300954,99,58.83891409724486,43.610700849450375,1.0,0.0,64.0,0.0,0.1716510658622008,0.0,0.787792921875,0.8669331499999999,1.0,823
azure2019,http,test,no_budget_horizon,72,1700000942,4,1701400957,3322,58.88,43.64512314764825,1.0,0.0,65.0,0.0,0.0,0.0,0.7887356249999999,0.8711906499999998,1.0,823
azure2019,async,test,no_budget_horizon,72,1700000943,0,1700000943,3767,-49.977662897486525,-20.75896618842421,0.9022199118197982,0.375,72.0,0.0,564.1964807024025,41.4623583072212,1.225399984375,1.7802455,1.0,824
azure2019,async,test,no_budget_horizon,72,1700000943,1,1700100946,2977,56.12082477933954,42.033113242036805,0.9899703151279516,0.0,72.0,0.0,13.286591835946275,3.898278435909864,0.751869046875,0.9211618999999996,1.0,824
azure2019,async,test,no_budget_horizon,72,1700000943,2,1700200949,2810,33.87072744071263,29.737319039535496,0.9729672631678694,0.109375,72.0,0.0,69.2155838019232,10.678724028160964,1.1541485312500002,1.75666255,1.0,824
azure2019,async,test,no_budget_horizon,72,1700000943,3,1700300952,1223,-75.85058302302811,-36.395112730401365,0.8705140553340305,0.40625,72.0,0.0,840.3957261404161,56.89576381957843,1.018943328125,1.78058465,1.0,824
azure2019,async,test,no_budget_horizon,72,1700000943,4,1700400955,2144,-37.74699426789556,-13.300692713506493,0.9163566723906708,0.34375,72.0,0.0,468.2543063834689,35.1830375689881,0.6169891562500001,0.9352908,1.0,824
azure2019,http,test,no_budget_horizon,72,1700000943,0,1701000946,3911,58.580722128913706,43.42851345362071,1.0,0.0,69.0,0.0,1.3107599426638252,0.0,0.868544328125,1.3229521499999994,1.0,824
azure2019,http,test,no_budget_horizon,72,1700000943,1,1701100949,3508,58.82740033450004,43.60633897484568,1.0,0.0,62.0,0.0,0.2202714718464449,0.0,0.7954075624999999,0.8695164999999999,1.0,824
azure2019,http,test,no_budget_horizon,72,1700000943,2,1701200952,433,58.88,43.64512314764825,1.0,0.0,65.0,0.0,0.0,0.0,1.80346703125,1.91803795,1.0,824
azure2019,http,test,no_budget_horizon,72,1700000943,3,1701300955,1756,58.2444899030252,43.12313614991784,1.0,0.0,38.0,0.0,2.380711247142157,0.0,1.860929484375,1.95293,1.0,824
azure2019,http,test,no_budget_horizon,72,1700000943,4,1701400958,2871,58.75413853977518,43.52573202839679,1.0,0.0,60.0,0.0,0.4727538513189104,0.0,0.867067375,1.7145326499999998,1.0,824
azure2019,async,test,no_budget_horizon,72,1700000944,0,1700000944,2581,-60.6402983606677,-27.64715989594731,0.8962434081935393,0.40625,72.0,0.0,635.2838637506106,44.21531083674041,0.53936715625,0.9381227999999996,1.0,825
azure2019,async,test,no_budget_horizon,72,1700000944,1,1700100947,1541,55.80374940836878,41.89419376099158,0.990398183336343,0.0,72.0,0.0,15.0465919814884,3.643720423188288,0.6980744218749999,0.9087340999999995,1.0,825
azure2019,async,test,no_budget_horizon,72,1700000944,2,1700200950,154,58.88,43.64512314764825,1.0,0.0,65.0,0.0,0.0,0.0,1.38791203125,1.85745955,1.0,825
azure2019,async,test,no_budget_horizon,72,1700000944,3,1700300953,818,21.98700779926233,22.89232853077212,0.9686540847549628,0.15625,72.0,0.0,108.67317347540371,12.289324921123152,0.62208284375,0.8979295999999998,1.0,825
azure2019,async,test,no_budget_horizon,72,1700000944,4,1700400956,1338,-70.52872623129804,-33.50807656813487,0.8864420807503393,0.40625,72.0,0.0,761.044689488783,49.776462011595854,0.5154595468750001,0.7876117499999999,1.0,825
azure2019,http,test,no_budget_horizon,72,1700000944,0,1701000947,988,-60.07665107065033,-27.25051532837665,0.9020479124440292,0.40625,72.0,0.0,632.8232351521649,41.494325984968114,0.54857421875,0.8968177499999995,1.0,825
azure2019,http,test,no_budget_horizon,72,1700000944,1,1701100950,744,-37.75067367882564,-12.980150984648793,0.9089628708824828,0.34375,72.0,0.0,480.28575100392834,37.26163094122329,0.5498269375,0.82606665,1.0,825
azure2019,http,test,no_budget_horizon,72,1700000944,2,1701200953,2202,58.79842121060858,43.58628686331295,1.0,0.0,66.0,0.0,0.353554593795268,0.0,0.7384139843749999,0.7725673499999999,1.0,825
azure2019,http,test,no_budget_horizon,72,1700000944,3,1701300956,888,-52.08988870601084,-22.30508942694932,0.9087558554538904,0.390625,72.0,0.0,559.6695543835534,37.9248777114822,0.53729821875,0.8349855999999999,1.0,825
azure2019,http,test,no_budget_horizon,72,1700000944,4,1701400959,3256,58.88,43.64512314764825,1.0,0.0,65.0,0.0,0.0,0.0,0.761566703125,0.8263699999999998,1.0,825
azure2019,async,test,no_budget_horizon,72,1700000945,0,1700000945,3567,-195.7330805550868,-118.7689826088643,0.8132580755646931,0.671875,72.0,0.0,1817.985775209236,79.1442380132918,0.384160203125,0.8068212499999998,1.0,826
azure2019,async,test,no_budget_horizon,72,1700000945,1,1700100948,2615,-185.29335838337403,-113.2856476151394,0.8403789765818241,0.671875,72.0,0.0,1671.9846518603858,65.71456906620871,0.3885359687499999,0.7586227499999999,1.0,826
azure2019,async,test,no_budget_horizon,72,1700000945,2,1700200951,3775,-185.76651910737507,-113.6337699948871,0.8352719575265124,0.6875,72.0,0.0,1650.178353258992,69.57009831642137,0.40322634375,0.8511603,1.0,826
azure2019,async,test,no_budget_horizon,72,1700000945,3,1700300954,3539,-171.6696222469622,-104.28071641132814,0.8437090431698363,0.671875,72.0,0.0,1493.1126329879728,65.71173405190339,0.4448061562500001,1.13114585,1.0,826
azure2019,async,test,no_budget_horizon,72,1700000945,4,1700400957,2876,-152.52237606378594,-92.75930493228506,0.8765852443754448,0.671875,72.0,0.0,1237.2850657345216,49.636597278683325,0.379723125,0.76879345,1.0,826
azure2019,http,test,no_budget_horizon,72,1700000945,0,1701000948,3810,-120.14475295525622,-70.27910363658245,0.8892530984184989,0.609375,72.0,0.0,941.6780914447896,41.78588666961567,0.3831269687499999,0.7819348,1.0,826
azure2019,http,test,no_budget_horizon,72,1700000945,1,1701100951,1990,-33.11472170972164,-11.860184159309243,0.9514580945506734,0.390625,72.0,0.0,301.1454314725207,16.93056117140558,0.4705352031249999,0.8921422499999998,1.0,826
azure2019,http,test,no_budget_horizon,72,1700000945,2,1701200954,1533,-30.570029243928303,-10.633928874845935,0.9625576283123016,0.390625,72.0,0.0,265.38281168983843,12.79885385442052,0.461381125,0.8254824499999998,1.0,826
azure2019,http,test,no_budget_horizon,72,1700000945,3,1701300957,1822,-18.47304545879233,-2.1788165025475656,0.9537654989462396,0.328125,72.0,0.0,247.11065259063184,15.769850697294576,0.5073431875000001,0.8742211,1.0,826
azure2019,http,test,no_budget_horizon,72,1700000945,4,1701400960,3394,-43.39552573718967,-18.66441686442895,0.9503436408351494,0.4375,72.0,0.0,345.5277513317274,17.535652106972908,0.466896515625,0.78286485,1.0,826
azure2019,async,test,no_budget_horizon,72,1700000946,0,1700000946,839,52.56212702902272,40.152954968762586,0.9858599954977706,0.015625,72.0,0.0,21.959637545059756,5.379054709541688,0.67933834375,0.8151094499999999,1.0,827
azure2019,async,test,no_budget_horizon,72,1700000946,1,1700100949,1383,-26.540722442444267,-6.158990872000776,0.9126324194592982,0.3125,72.0,0.0,395.81273533933006,36.30489263647628,0.561028515625,0.8105125,1.0,827
azure2019,async,test,no_budget_horizon,72,1700000946,2,1700200952,3333,-81.42039175581374,-40.64130069842775,0.8801900750274564,0.4375,72.0,0.0,840.5259150085635,52.45123771529475,0.54600440625,0.9296143,1.0,827
azure2019,async,test,no_budget_horizon,72,1700000946,3,1700300955,1668,57.82652542064854,43.05757380847479,0.9940409936068532,0.0,72.0,0.0,4.782999262250641,2.246807779685339,0.77568040625,0.9517155,1.0,827
azure2019,async,test,no_budget_horizon,72,1700000946,4,1700400958,3470,-66.0618768800912,-31.249708695186207,0.900791332510368,0.421875,72.0,0.0,669.9791581403732,42.44011383616625,0.5468352812499999,0.9314209499999996,1.0,827
azure2019,http,test,no_budget_horizon,72,1700000946,0,1701000949,477,58.87681996249528,43.64262466169384,1.0,0.0,66.0,0.0,0.013650865869927,0.0,1.710268734375,1.7565514,1.0,827
azure2019,http,test,no_budget_horizon,72,1700000946,1,1701100952,3137,58.817829879471866,43.60010428956048,1.0000000000000002,0.0,23.0,0.0,0.2300047793630408,0.0,1.0428534375,1.8854658,1.0,827
azure2019,http,test,no_budget_horizon,72,1700000946,2,1701200955,279,58.88,43.64512314764825,1.0,0.0,65.0,0.0,0.0,0.0,0.782920234375,0.8983318999999998,1.0,827
azure2019,http,test,no_budget_horizon,72,1700000946,3,1701300958,502,58.79381042770211,43.59076040995254,1.0,0.0,71.0,0.0,0.3737538065979322,0.0,0.774856,0.8519322999999998,1.0,827
azure2019,http,test,no_budget_horizon,72,1700000946,4,1701400961,2525,58.82811052727614,43.59504615292401,1.0,0.0,67.0,0.0,0.2248176840777205,0.0,0.8424534687499999,1.113914599999999,1.0,827
azure2019,async,test,no_budget_horizon,72,1700000947,0,1700000947,2494,-77.82072689822115,-38.35712917307461,0.883562832670149,0.421875,72.0,0.0,813.3374143961636,51.48514113757624,0.6034771562499999,1.1269177,1.0,828
azure2019,async,test,no_budget_horizon,72,1700000947,1,1700100950,265,58.446828682421206,43.36946968143385,1.0,0.0,60.0,0.0,1.9483971616886828,0.0,0.736844359375,0.7855648,1.0,828
azure2019,async,test,no_budget_horizon,72,1700000947,2,1700200953,3421,-76.8501757066465,-38.227074015492704,0.883319506148439,0.421875,72.0,0.0,799.7143637040526,52.00500232485194,0.531592546875,0.8064094,1.0,828
azure2019,async,test,no_budget_horizon,72,1700000947,3,1700300956,2894,31.0765581878746,26.11311975741394,0.9820100843189706,0.046875,72.0,0.0,121.49275991100156,7.10054615112551,1.0206795,1.82749525,1.0,828
azure2019,async,test,no_budget_horizon,72,1700000947,4,1700400959,310,57.28171205944706,42.70278440167343,1.0,0.0,65.0,0.0,8.004410885270529,0.0,0.7664748906250001,0.8569753999999998,1.0,828
azure2019,http,test,no_budget_horizon,72,1700000947,0,1701000950,692,38.285647619324806,30.09812745560596,0.99487151195205,0.0,71.0,0.0,115.06118550592636,2.0244641631795552,1.064994625,1.8746027,1.0,828
azure2019,http,test,no_budget_horizon,72,1700000947,1,1701100953,2239,58.519413679637246,43.39578117639966,1.0,0.0,64.0,0.0,1.617288835074408,0.0,0.8175473125,1.0626440999999995,1.0,828
azure2019,http,test,no_budget_horizon,72,1700000947,2,1701200956,4180,58.80454990799751,43.59352182023768,1.0,0.0,65.0,0.0,0.3291632384699623,0.0,0.763332421875,0.82931825,1.0,828
azure2019,http,test,no_budget_horizon,72,1700000947,3,1701300959,3606,58.65262833143911,43.51446964395025,1.0,0.0,64.0,0.0,1.0212336299886546,0.0,0.773130484375,0.8089881,1.0,828
azure2019,http,test,no_budget_horizon,72,1700000947,4,1701400962,1265,58.43410137728226,43.34890164966188,1.0,0.0,64.0,0.0,2.0242913017141966,0.0,0.807643828125,0.9713489,1.0,828
azure2019,async,test,no_budget_horizon,72,1700000948,0,1700000948,3318,-211.4292008250204,-128.69913396261893,0.7994233235158934,0.671875,72.0,0.0,2026.883288838406,88.21181219951904,0.39210875,0.7969162999999998,1.0,829
azure2019,async,test,no_budget_horizon,72,1700000948,1,1700100951,742,-59.912399263791016,-26.806887891491236,0.893920440310291,0.390625,72.0,0.0,665.3951122457775,43.04938642890164,0.516858359375,0.7667842,1.0,829
azure2019,async,test,no_budget_horizon,72,1700000948,2,1700200954,1693,-26.43214673332715,-5.721194552247548,0.910332375028649,0.296875,72.0,0.0,431.1771413958807,35.47087133473534,0.553223828125,0.76213455,1.0,829
azure2019,async,test,no_budget_horizon,72,1700000948,3,1700300957,3281,-213.33088072580185,-130.94305037490574,0.8054131695991441,0.6875,72.0,0.0,2021.9122201183425,84.3623782300628,0.381814046875,0.7522106000000001,1.0,829
azure2019,async,test,no_budget_horizon,72,1700000948,4,1700400960,3117,-37.859876105414784,-13.182354558150196,0.9143540105791932,0.34375,72.0,0.0,474.1900131431463,33.94721492642667,0.549755953125,0.8546592999999999,1.0,829
azure2019,http,test,no_budget_horizon,72,1700000948,0,1701000951,677,9.9221294583254,16.001096316902363,0.949069503746997,0.203125,72.0,0.0,175.04730304340023,19.93500511146558,0.64797859375,1.0224066,1.0,829
azure2019,http,test,no_budget_horizon,72,1700000948,1,1701100954,830,-172.47721103575023,-103.71037446354892,0.8359136034487399,0.65625,72.0,0.0,1547.6554943363824,68.69299085583937,0.39301721875,0.772273,1.0,829
azure2019,http,test,no_budget_horizon,72,1700000948,2,1701200957,4093,26.293378060210728,25.52417965061129,0.9653471050900628,0.140625,72.0,0.0,99.5815049766698,13.283390397868036,0.6409836718749999,0.7999273499999999,1.0,829
azure2019,http,test,no_budget_horizon,72,1700000948,3,1701300960,2064,55.30176830151868,41.68466995076781,0.9902613720641804,0.0,72.0,0.0,17.269976316895836,3.366192163959429,0.6780519843749999,0.79245345,1.0,829
azure2019,http,test,no_budget_horizon,72,1700000948,4,1701400963,1802,55.24906220129249,41.66913679666534,0.9872703823747164,0.0,72.0,0.0,18.16272983344374,4.260159080151052,0.70469225,0.8926019499999999,1.0,829
azure2019,async,test,no_budget_horizon,96,1700000939,0,1700000939,470,57.69074922750301,42.74649199059741,1.0,0.0,49.0,0.0,4.9254503198882365,0.0,1.761619484375,1.8244133,1.0,820
azure2019,async,test,no_budget_horizon,96,1700000939,1,1700100942,521,57.7276985664912,42.77867298961535,1.0,0.0,61.0,0.0,4.996882773691232,0.0,1.6968851875,1.7925011,1.0,820
azure2019,async,test,no_budget_horizon,96,1700000939,2,1700200945,1293,14.704756358770464,18.51403104765167,0.9423854452208468,0.15625,96.0,0.0,189.39021230414957,25.49974001770264,1.49791153125,1.75949695,1.0,820
azure2019,async,test,no_budget_horizon,96,1700000939,3,1700300948,4068,54.69430588470564,40.45623216010355,1.0,0.0,90.0,0.0,19.531716126426154,0.0,1.497879046875,1.84010545,1.0,820
azure2019,async,test,no_budget_horizon,96,1700000939,4,1700400951,1537,56.53777315277912,42.00827165088623,1.0,0.0,71.0,0.0,11.20691865669106,0.0,1.74032625,1.8084097,1.0,820
azure2019,http,test,no_budget_horizon,96,1700000939,0,1701000942,3740,58.11790045033399,43.07624165622231,1.0,0.0,66.0,0.0,3.347339745215118,0.0,1.720951578125,1.8234338,1.0,820
azure2019,http,test,no_budget_horizon,96,1700000939,1,1701100945,306,57.940834762164094,42.980303676438965,1.0,0.0,52.0,0.0,3.6047868893799793,0.0,1.74190978125,1.835737,1.0,820
azure2019,http,test,no_budget_horizon,96,1700000939,2,1701200948,1221,57.31239801940899,42.38306053159046,0.9999999999999996,0.0,65.0,0.0,6.9709946046083004,0.0,1.5897476406250002,1.9979320499999995,1.0,820
azure2019,http,test,no_budget_horizon,96,1700000939,3,1701300951,1135,54.51903376376269,40.47958669535562,1.0,0.0,74.0,0.0,19.778372805664176,0.0,1.790105265625,1.92155285,1.0,820
azure2019,http,test,no_budget_horizon,96,1700000939,4,1701400954,1168,54.78608823555941,40.50740049900583,1.0,0.0,73.0,0.0,18.58178287964762,0.0,1.797805921875,1.89195945,1.0,820
azure2019,async,test,no_budget_horizon,96,1700000940,0,1700000940,3860,38.74915941205319,29.41518684775229,0.9876151638045042,0.015625,96.0,0.0,96.60233773803202,5.293143384849273,0.8471688749999999,1.4489524999999992,1.0,821
azure2019,async,test,no_budget_horizon,96,1700000940,1,1700100943,14,56.00956730822324,41.65800759884836,1.0,0.0,14.0,0.0,11.44614046705792,0.0,1.1100058125,1.9301431,1.0,821
azure2019,async,test,no_budget_horizon,96,1700000940,2,1700200946,2751,50.13362970977211,37.28584183407747,1.0000000000000002,0.0,73.0,0.0,43.815555169952326,0.0,0.801446828125,1.1033750999999998,1.0,821
azure2019,async,test,no_budget_horizon,96,1700000940,3,1700300949,1113,-32.67022340155258,-10.44563886356442,0.9085934424695292,0.28125,96.0,0.0,499.4401608080749,42.95542444755566,0.575604078125,0.7626164000000001,1.0,821
azure2019,async,test,no_budget_horizon,96,1700000940,4,1700400952,1102,-34.897064497407705,-11.766605782187636,0.9020397139371278,0.28125,96.0,0.0,533.5678648413016,46.28461852692659,0.61414990625,0.8229525999999999,1.0,821
azure2019,http,test,no_budget_horizon,96,1700000940,0,1701000943,886,42.53896567390472,31.61039372354262,1.0000000000000002,0.0,92.0,0.0,85.2008843114805,0.0,0.8318431718750001,1.0019774499999998,1.0,821
azure2019,http,test,no_budget_horizon,96,1700000940,1,1701100946,3676,56.03364208008118,41.64983352509133,1.0,0.0,56.0,0.0,12.141336114393042,0.0,0.7912495625,0.9054113,1.0,821
azure2019,http,test,no_budget_horizon,96,1700000940,2,1701200949,840,41.91887983047668,31.143580939419437,0.9972592070382924,0.0,95.0,0.0,88.77522119278078,1.155957488795793,0.7785140312500001,0.9063852499999998,1.0,821
azure2019,http,test,no_budget_horizon,96,1700000940,3,1701300952,3544,54.58298036383147,40.6387198220486,1.0,0.0,34.0,0.0,17.466894726104186,0.0,0.7755029375,0.8393900999999999,1.0,821
azure2019,http,test,no_budget_horizon,96,1700000940,4,1701400955,4127,53.14449653694902,39.39489914843816,1.0,0.0,65.0,0.0,26.762636412851705,0.0,0.76818740625,0.81258245,1.0,821
azure2019,async,test,no_budget_horizon,96,1700000941,0,1700000941,3252,47.91386953757565,36.36961849594576,0.9873358255251244,0.015625,96.0,0.0,46.16102245041334,5.412676546480505,1.190568734375,1.80493705,1.0,822
azure2019,async,test,no_budget_horizon,96,1700000941,1,1700100944,98,58.640158746562975,43.47222139166665,1.0,0.0,66.0,0.0,1.0941692797955227,0.0,1.43799865625,1.7478567999999997,1.0,822
azure2019,async,test,no_budget_horizon,96,1700000941,2,1700200947,540,57.46216566888128,42.46578278510217,1.0,0.0,69.0,0.0,6.510622707298088,0.0,1.865292625,1.97032505,1.0,822
azure2019,async,test,no_budget_horizon,96,1700000941,3,1700300950,297,58.68836653764509,43.48043889074911,1.0,0.0,67.0,0.0,0.8494757839417888,0.0,1.079576296875,1.3742088499999998,1.0,822
azure2019,async,test,no_budget_horizon,96,1700000941,4,1700400953,1207,24.9757845613978,23.838747105621454,0.9551054918959958,0.125,96.0,0.0,123.6092207796222,19.86385568770357,1.66833240625,1.92451455,1.0,822
azure2019,http,test,no_budget_horizon,96,1700000941,0,1701000944,3466,58.88,43.64512314764825,1.0,0.0,65.0,0.0,0.0,0.0,1.816882703125,2.01448655,1.0,822
azure2019,http,test,no_budget_horizon,96,1700000941,1,1701100947,1364,58.88,43.64512314764825,1.0,0.0,65.0,0.0,0.0,0.0,1.762568375,1.86117905,1.0,822
azure2019,http,test,no_budget_horizon,96,1700000941,2,1701200950,744,45.58959063291752,33.357666717073286,1.0,0.0,86.0,0.0,70.13644070015036,0.0,1.810314546875,1.8967654,1.0,822
azure2019,http,test,no_budget_horizon,96,1700000941,3,1701300953,4141,52.8786216213154,38.55894598309579,1.0,0.0,67.0,0.0,28.65072306362809,0.0,1.800242796875,1.88032845,1.0,822
azure2019,http,test,no_budget_horizon,96,1700000941,4,1701400956,246,58.88,43.64512314764825,1.0,0.0,65.0,0.0,0.0,0.0,1.76408871875,1.85110025,1.0,822
azure2019,async,test,no_budget_horizon,96,1700000942,0,1700000942,1105,-52.968654079841286,-21.80351892822287,0.8845984018700914,0.328125,96.0,0.0,701.4317641964024,54.472229429091286,0.572615109375,0.8179910499999998,1.0,823
azure2019,async,test,no_budget_horizon,96,1700000942,1,1700100945,4107,49.96227407596984,38.617478661455806,0.9807361506288148,0.03125,96.0,0.0,26.987499602340268,7.838597642002789,1.589930609375,1.750025,1.0,823
azure2019,async,test,no_budget_horizon,96,1700000942,2,1700200948,3663,-11.754147236488803,3.280898741039789,0.9158119979780308,0.25,96.0,0.0,349.5651249823054,37.64553972772938,1.376653390625,1.7354815,1.0,823
azure2019,async,test,no_budget_horizon,96,1700000942,3,1700300951,2057,28.550844578676333,26.80119522731888,0.9623803783961928,0.125,96.0,0.0,101.10661431801132,15.634131716130447,0.746934625,1.0092392,1.0,823
azure2019,async,test,no_budget_horizon,96,1700000942,4,1700400954,3377,-2.493460066879008,8.989679564534104,0.9219526971176256,0.21875,96.0,0.0,303.8205329294749,34.43723509976937,0.798172390625,1.9209971999999973,1.0,823
azure2019,http,test,no_budget_horizon,96,1700000942,0,1701000945,3725,58.498070647048685,43.36854254713714,1.0,0.0,67.0,0.0,1.667166548814543,0.0,0.78130821875,0.9106912999999998,1.0,823
azure2019,http,test,no_budget_horizon,96,1700000942,1,1701100948,3563,58.88,43.64512314764825,1.0,0.0,65.0,0.0,0.0,0.0,0.7841117656250001,0.9214867,1.0,823
azure2019,http,test,no_budget_horizon,96,1700000942,2,1701200951,3471,58.81387806743263,43.58471962181101,1.0,0.0,63.0,0.0,0.2931326009730224,0.0,0.819198921875,0.9808011999999998,1.0,823
azure2019,http,test,no_budget_horizon,96,1700000942,3,1701300954,99,58.80601762518821,43.59059724825674,1.0,0.0,63.0,0.0,0.294769548533031,0.0,0.82876525,1.1444192,1.0,823
azure2019,http,test,no_budget_horizon,96,1700000942,4,1701400957,3322,58.88,43.64512314764825,1.0,0.0,65.0,0.0,0.0,0.0,0.7229578125,0.7487679,1.0,823
azure2019,async,test,no_budget_horizon,96,1700000943,0,1700000943,3767,32.01399503867061,28.531632232019003,0.9637035718597045,0.109375,96.0,0.0,87.81694004025928,15.391022209468144,1.573577078125,1.8464598,1.0,824
azure2019,async,test,no_budget_horizon,96,1700000943,1,1700100946,2977,57.93585491009891,42.98838071765528,1.0,0.0,77.0,0.0,4.23855905352308,0.0,1.77743065625,1.9105026,1.0,824
azure2019,async,test,no_budget_horizon,96,1700000943,2,1700200949,2810,57.12426689275903,42.32070297184689,1.0000000000000002,0.0,83.0,0.0,7.76556670918682,0.0,0.976702078125,1.89494085,1.0,824
azure2019,async,test,no_budget_horizon,96,1700000943,3,1700300952,1223,-4.114267150215455,7.823921694396997,0.9276123967413712,0.234375,96.0,0.0,286.34101155248896,31.806911468984225,0.61634634375,0.76065535,1.0,824
azure2019,async,test,no_budget_horizon,96,1700000943,4,1700400955,2144,35.982468996365625,30.75193876990262,0.9693993143828996,0.09375,96.0,0.0,69.72812874110821,12.8716193206922,0.67258015625,0.8012398,1.0,824
azure2019,http,test,no_budget_horizon,96,1700000943,0,1701000946,3911,58.580722128913706,43.42851345362071,1.0,0.0,69.0,0.0,1.3107599426638252,0.0,0.782548796875,1.1025044,1.0,824
azure2019,http,test,no_budget_horizon,96,1700000943,1,1701100949,3508,58.78438068894076,43.57276510267009,1.0,0.0,62.0,0.0,0.384707739268511,0.0,0.747193609375,0.8265264499999998,1.0,824
azure2019,http,test,no_budget_horizon,96,1700000943,2,1701200952,433,58.88,43.64512314764825,1.0,0.0,65.0,0.0,0.0,0.0,0.766687546875,0.8507007999999999,1.0,824
azure2019,http,test,no_budget_horizon,96,1700000943,3,1701300955,1756,58.12676978657451,43.03278779604347,0.9999999999999998,0.0,36.0,0.0,2.831166479167236,0.0,0.7623937968749999,0.8416119999999999,1.0,824
azure2019,http,test,no_budget_horizon,96,1700000943,4,1701400958,2871,58.74004815259711,43.5170341713097,1.0,0.0,59.0,0.0,0.5249533087116651,0.0,0.782997203125,0.92801785,1.0,824
azure2019,async,test,no_budget_horizon,96,1700000944,0,1700000944,2581,20.162963138583464,21.85644190972797,0.9518163137974888,0.15625,96.0,0.0,141.2607329381345,20.53321746225038,0.668191,0.8450308499999999,1.0,825
azure2019,async,test,no_budget_horizon,96,1700000944,1,1700100947,1541,58.07144068945861,43.028067674648014,1.0,0.0,74.0,0.0,3.91611739033851,0.0,0.7762100937499999,0.8829345,1.0,825
azure2019,async,test,no_budget_horizon,96,1700000944,2,1700200950,154,58.72876675545806,43.515783787393936,1.0,0.0,15.0,0.0,0.5947100912494729,0.0,0.784170875,0.9210212499999998,1.0,825
azure2019,async,test,no_budget_horizon,96,1700000944,3,1700300953,818,57.29762225372483,42.39123045126286,1.0,0.0,82.0,0.0,7.177207689062756,0.0,0.7642229218750001,0.8830095499999999,1.0,825
azure2019,async,test,no_budget_horizon,96,1700000944,4,1700400956,1338,5.733415930705189,13.244070986175132,0.9445133164641252,0.203125,96.0,0.0,221.463806212053,24.321780580539944,0.6344684375,0.8042514,1.0,825
azure2019,http,test,no_budget_horizon,96,1700000944,0,1701000947,988,12.80965168486659,17.781979706220035,0.9507254456448628,0.1875,96.0,0.0,171.27904427052593,20.873617624614425,0.628809375,0.79817655,1.0,825
azure2019,http,test,no_budget_horizon,96,1700000944,1,1701100950,744,52.35710043877293,39.76047297713704,0.984554071510666,0.015625,96.0,0.0,23.783970689927934,6.322041264846405,0.70636465625,0.7785974999999999,1.0,825
azure2019,http,test,no_budget_horizon,96,1700000944,2,1701200953,2202,58.75735960113021,43.56119340587775,1.0,0.0,65.0,0.0,0.5332658904205925,0.0,0.763677515625,0.8564208999999999,1.0,825
azure2019,http,test,no_budget_horizon,96,1700000944,3,1701300956,888,25.058157052787223,24.816723821997822,0.9605460653362796,0.140625,96.0,0.0,113.02482100452838,16.398703224208113,0.6346324999999999,0.7685500499999999,1.0,825
azure2019,http,test,no_budget_horizon,96,1700000944,4,1701400959,3256,58.787521551008766,43.570427596070985,1.0,0.0,53.0,0.0,0.3436967775996278,0.0,0.742465953125,0.8205438499999999,1.0,825
azure2019,async,test,no_budget_horizon,96,1700000945,0,1700000945,3567,28.616587168599867,26.571069198741775,0.9622908152770748,0.125,96.0,0.0,97.84029171550613,15.981760389495683,1.5083369374999998,1.7619681,1.0,826
azure2019,async,test,no_budget_horizon,96,1700000945,1,1700100948,2615,56.049027123675536,41.67535233481455,0.9946024342438116,0.0,96.0,0.0,12.881308561170684,2.2221302688005355,1.6731668437499998,1.77291785,1.0,826
azure2019,async,test,no_budget_horizon,96,1700000945,2,1700200951,3775,36.24691979841556,30.779611641630098,0.9719426737247412,0.09375,96.0,0.0,66.73006619674379,11.849536473304664,0.925884125,1.8111663,1.0,826
azure2019,async,test,no_budget_horizon,96,1700000945,3,1700300954,3539,38.59043604310028,32.27707060627827,0.967154023173652,0.078125,96.0,0.0,65.84551346707015,13.809923092564985,0.7240685625000001,1.0382269,1.0,826
azure2019,async,test,no_budget_horizon,96,1700000945,4,1700400957,2876,57.663115393584505,42.771945519685616,1.0,0.0,90.0,0.0,5.519343047748112,0.0,0.7638551250000001,0.8605539999999999,1.0,826
azure2019,http,test,no_budget_horizon,96,1700000945,0,1701000948,3810,58.23338295128082,43.198437205075365,1.0,0.0,66.0,0.0,2.8468072489204017,0.0,0.756363640625,0.8391631999999999,1.0,826
azure2019,http,test,no_budget_horizon,96,1700000945,1,1701100951,1990,57.29671553212775,42.42708389920457,1.0000000000000002,0.0,47.0,0.0,6.206827375447761,0.0,0.7896242812500001,1.0746414499999988,1.0,826
azure2019,http,test,no_budget_horizon,96,1700000945,2,1701200954,1533,57.22026544400343,42.37727269822582,1.0,0.0,42.0,0.0,6.387180666870413,0.0,0.7526584218750001,0.8430488499999998,1.0,826
azure2019,http,test,no_budget_horizon,96,1700000945,3,1701300957,1822,57.16617874775517,42.2448723325976,1.0,0.0,37.0,0.0,6.580692904855927,0.0,0.75102734375,0.8244157,1.0,826
azure2019,http,test,no_budget_horizon,96,1700000945,4,1701400960,3394,58.06342855320263,42.992600068926,1.0,0.0,56.0,0.0,3.261258530213701,0.0,0.735947171875,0.8013139499999999,1.0,826
azure2019,async,test,no_budget_horizon,96,1700000946,0,1700000946,839,57.80757435368383,42.80044962118247,1.0,0.0,75.0,0.0,4.764599378702239,0.0,0.78516415625,0.8822021,1.0,827
azure2019,async,test,no_budget_horizon,96,1700000946,1,1700100949,1383,54.3533880532744,40.690760925525325,0.98909491336887,0.0,96.0,0.0,22.63658115812163,4.531520695485014,1.0153327343749998,1.82485355,1.0,827
azure2019,async,test,no_budget_horizon,96,1700000946,2,1700200952,3333,4.72871649389495,12.782097629477834,0.9403649100682184,0.203125,96.0,0.0,224.7506294966932,26.107472138903965,0.640849078125,0.9858871999999994,1.0,827
azure2019,async,test,no_budget_horizon,96,1700000946,3,1700300955,1668,57.79712246525246,42.96492945058489,1.0,0.0,69.0,0.0,4.823661506517438,0.0,0.7491110781250001,0.7926387,1.0,827
azure2019,async,test,no_budget_horizon,96,1700000946,4,1700400958,3470,17.559137716019908,20.41773819147112,0.9563672140282432,0.171875,96.0,0.0,144.83267875796042,18.66551028743487,0.698363484375,1.0335739,1.0,827
azure2019,http,test,no_budget_horizon,96,1700000946,0,1701000949,477,58.87681996249528,43.64262466169384,1.0,0.0,66.0,0.0,0.013650865869927,0.0,1.7774130781250002,1.9053257,1.0,827
azure2019,http,test,no_budget_horizon,96,1700000946,1,1701100952,3137,57.833782260941945,42.89734661326466,1.0,0.0,10.0,0.0,4.091086549291878,0.0,1.726473484375,1.777628,1.0,827
azure2019,http,test,no_budget_horizon,96,1700000946,2,1701200955,279,57.82605329500706,42.914331493628175,1.0,0.0,50.0,0.0,4.036792692358051,0.0,1.729762328125,1.82858675,1.0,827
azure2019,http,test,no_budget_horizon,96,1700000946,3,1701300958,502,57.882960098451136,43.03186734727649,1.0,0.0,67.0,0.0,4.458164720098756,0.0,1.814327015625,1.8915461,1.0,827
azure2019,http,test,no_budget_horizon,96,1700000946,4,1701400961,2525,58.47259432976625,43.28437356465312,1.0,0.0,64.0,0.0,1.7450319021304264,0.0,1.7396306249999998,1.79588705,1.0,827
azure2019,async,test,no_budget_horizon,96,1700000947,0,1700000947,2494,0.5597131745884689,5.347330357637698,0.956280657555169,0.125,96.0,0.0,298.92534986015266,19.331426277639263,0.6846685,0.8683247499999999,1.0,828
azure2019,async,test,no_budget_horizon,96,1700000947,1,1700100950,265,58.25066929254806,43.23399765828201,1.0,0.0,36.0,0.0,2.6790040363297614,0.0,0.7412335624999999,0.78250765,1.0,828
azure2019,async,test,no_budget_horizon,96,1700000947,2,1700200953,3421,-1.065479593347033,6.478068989005764,0.95114489898789,0.15625,96.0,0.0,282.1988593354933,21.77493047765035,0.6729935,0.8772347999999999,1.0,828
azure2019,async,test,no_budget_horizon,96,1700000947,3,1700300956,2894,26.30611812342842,20.063957109721493,1.0,0.0,74.0,0.0,191.8306878769785,0.0,1.748333578125,1.8499639,1.0,828
azure2019,async,test,no_budget_horizon,96,1700000947,4,1700400959,310,56.88998408454281,42.4296821031818,1.0,0.0,48.0,0.0,9.467660690281043,0.0,1.7503076562500002,1.8416308,1.0,828
azure2019,http,test,no_budget_horizon,96,1700000947,0,1701000950,692,35.12909673872146,28.11488555575689,0.99487151195205,0.0,71.0,0.0,137.8611855059263,2.024464163179552,1.715647390625,1.7982280999999998,1.0,828
azure2019,http,test,no_budget_horizon,96,1700000947,1,1701100953,2239,58.519413679637246,43.39578117639966,1.0,0.0,64.0,0.0,1.617288835074408,0.0,1.1859142187499998,1.8234121,1.0,828
azure2019,http,test,no_budget_horizon,96,1700000947,2,1701200956,4180,58.41490224107338,43.27801983313792,1.0,0.0,64.0,0.0,2.103700222722937,0.0,0.780635265625,0.9896766,1.0,828
azure2019,http,test,no_budget_horizon,96,1700000947,3,1701300959,3606,58.65262833143911,43.51446964395025,1.0,0.0,64.0,0.0,1.0212336299886546,0.0,0.766675875,0.87634735,1.0,828
azure2019,http,test,no_budget_horizon,96,1700000947,4,1701400962,1265,58.43410137728226,43.34890164966188,1.0,0.0,64.0,0.0,2.0242913017141966,0.0,0.7955375312499999,0.9471688,1.0,828
azure2019,async,test,no_budget_horizon,96,1700000948,0,1700000948,3318,-17.613728799363482,-0.0954740971363334,0.9141653413195612,0.265625,96.0,0.0,394.88903089793126,37.74930826679966,0.5915897968749999,0.78439875,1.0,829
azure2019,async,test,no_budget_horizon,96,1700000948,1,1700100951,742,49.94894290506944,38.74116613706419,0.9832155399495568,0.03125,96.0,0.0,27.47546691528397,6.811497981567205,0.6760079843750001,0.8063863499999997,1.0,829
azure2019,async,test,no_budget_horizon,96,1700000948,2,1700200954,1693,58.25780854997042,43.24260593227763,0.9980865607445336,0.0,96.0,0.0,2.763772461170519,0.7569215495466457,0.77772671875,0.9897543,1.0,829
azure2019,async,test,no_budget_horizon,96,1700000948,3,1700300957,3281,-10.055165807131136,4.310980755589491,0.9226094963567836,0.25,96.0,0.0,325.8829574879019,33.5523577125668,0.5916398281249999,0.7765447,1.0,829
azure2019,async,test,no_budget_horizon,96,1700000948,4,1700400960,3117,58.28765508060494,43.21783464234393,1.0,0.0,89.0,0.0,2.580514881140353,0.0,0.915686046875,1.27495415,1.0,829
azure2019,http,test,no_budget_horizon,96,1700000948,0,1701000951,677,58.19248295610429,43.14661148794636,1.0,0.0,87.0,0.0,3.0096649334984127,0.0,0.760556203125,0.8122787499999998,1.0,829
azure2019,http,test,no_budget_horizon,96,1700000948,1,1701100954,830,2.4716373274269463,11.74560241431828,0.936930744517511,0.21875,96.0,0.0,236.44832634545244,26.403259997179504,0.68956621875,0.9297843,1.0,829
azure2019,http,test,no_budget_horizon,96,1700000948,2,1701200957,4093,58.493315652893386,43.36829162392287,1.0,0.0,78.0,0.0,1.679080970206062,0.0,1.1788219375,1.46460855,1.0,829
azure2019,http,test,no_budget_horizon,96,1700000948,3,1701300960,2064,58.82677295231805,43.60805512808479,1.0,0.0,64.0,0.0,0.2344114768441638,0.0,1.521712140625,3.815568599999992,1.0,829
azure2019,http,test,no_budget_horizon,96,1700000948,4,1701400963,1802,58.75232730718279,43.53664785791042,1.0,0.0,55.0,0.0,0.4734169675964601,0.0,1.06263475,1.40059875,1.0,829
gentd26,image_conditioned,test,no_budget_horizon,120,1700000939,0,1700000939,66,-366.2879582129791,-226.86603684918245,0.8356509110827836,0.53125,120.0,0.0,5198.381679389311,296.8290076335877,1.466596765625,1.80029755,9.100826972010177,820
gentd26,image_conditioned,test,no_budget_horizon,120,1700000939,1,1700100942,73,-594.0032368249524,-367.3447451083753,0.725404839426842,0.640625,120.0,0.0,8167.801526717556,500.0,1.3089787187500002,1.80161045,9.100826972010177,820
gentd26,image_conditioned,test,no_budget_horizon,120,1700000939,2,1700200945,182,8.153160305343512,4.075854434575395,1.0,0.0,37.0,0.0,12.170992366412214,0.0,1.3214414375,1.8596113,9.100826972010177,820
gentd26,image_conditioned,test,no_budget_horizon,120,1700000939,3,1700300948,574,-1.1199999999999997,-0.6655502062416275,1.0,0.0,10.0,0.0,0.0,0.0,1.7448726875,1.8306188,9.100826972010177,820
gentd26,image_conditioned,test,no_budget_horizon,120,1700000939,4,1700400951,217,-218.7434867093352,-119.82081186318317,0.8255439920198624,0.265625,120.0,0.0,3221.464185750636,311.24230279898217,0.670603953125,0.7605561000000001,9.100826972010177,820
gentd26,txt2img,test,no_budget_horizon,120,1700000939,0,1701000942,528,29.929996942213712,21.81953321541145,1.0,0.0,8.0,0.0,29.68762224626809,0.0,0.808832140625,1.0723137999999994,5.885345598073498,820
gentd26,txt2img,test,no_budget_horizon,120,1700000939,1,1701100945,43,-4.2716745066150885,-3.23283200637069,1.0,0.046875,66.0,0.0,299.3004248037092,0.0,1.66617996875,1.85830875,5.885345598073498,820
gentd26,txt2img,test,no_budget_horizon,120,1700000939,2,1701200948,172,7.97469078594913,4.778430645794693,0.997005988023952,0.0,37.0,0.0,39.66824683436029,0.9499902534500748,0.8636703124999999,1.7052831,5.885345598073498,820
gentd26,txt2img,test,no_budget_horizon,120,1700000939,3,1701300951,160,6.200677860962657,6.265226571341297,0.9999999999999998,0.0,0.0,0.0,2.5999220276006376,0.0,0.7875298749999999,0.9113206,5.885345598073498,820
gentd26,txt2img,test,no_budget_horizon,120,1700000939,4,1701400954,164,7.507824379674713,6.1779516495496045,1.0,0.0,7.0,0.0,1.6686366963571686,0.0,1.097012265625,1.7949024,5.885345598073498,820
gentd26,image_conditioned,test,no_budget_horizon,120,1700000940,0,1700000940,545,-0.1199999999999996,-0.6138769201016279,1.0,0.0,11.0,0.0,0.0,0.0,1.0456442812500002,1.85644615,9.100826972010177,821
gentd26,image_conditioned,test,no_budget_horizon,120,1700000940,1,1700100943,2,0.9777096249085536,1.7687670280809364,1.0,0.0,24.0,0.0,15.31603053435115,0.0,0.74973340625,0.8748529499999999,9.100826972010177,821
gentd26,image_conditioned,test,no_budget_horizon,120,1700000940,2,1700200946,388,7.41832430504182,6.516837367189118,1.0,0.0,61.0,0.0,157.0523536895675,0.0,1.23788309375,1.88268335,9.100826972010177,821
gentd26,image_conditioned,test,no_budget_horizon,120,1700000940,3,1700300949,157,3.780890879979809,4.6508382419146495,1.0,0.0,27.0,0.0,18.461068702290085,0.0,0.7564516406249999,0.8550457499999996,9.100826972010177,821
gentd26,image_conditioned,test,no_budget_horizon,120,1700000940,4,1700400952,155,4.780890879979808,5.4727615217146175,1.0,0.0,29.0,0.0,18.461068702290085,0.0,0.82642909375,1.5595469499999972,9.100826972010177,821
gentd26,txt2img,test,no_budget_horizon,120,1700000940,0,1701000943,125,11.6594375982779,5.574091173429894,1.0,0.078125,98.0,0.0,297.8436812520147,0.0,0.74789471875,0.79958935,5.885345598073498,821
gentd26,txt2img,test,no_budget_horizon,120,1700000940,1,1701100946,518,29.24297284624277,21.645998944262782,1.0,0.0,5.0,0.0,7.007945095761501,0.0,0.85689653125,1.1341676999999997,5.885345598073498,821
gentd26,txt2img,test,no_budget_horizon,120,1700000940,2,1701200949,118,-227.97851978211983,-166.28938304355844,1.0,0.703125,120.0,0.0,2667.7991428340333,0.0,0.6163093906249999,1.1580894499999996,5.885345598073498,821
gentd26,txt2img,test,no_budget_horizon,120,1700000940,3,1701300952,500,21.89928852862376,14.77350703774249,1.0,0.0,2.0,0.0,3.564352258878971,0.0,0.859993875,1.0125379,5.885345598073498,821
gentd26,txt2img,test,no_budget_horizon,120,1700000940,4,1701400955,582,12.910013456445713,11.697031937109692,1.0,0.0,4.0,0.0,10.372453299439195,0.0,1.16395859375,2.390801299999999,5.885345598073498,821
gentd26,image_conditioned,test,no_budget_horizon,120,1700000941,0,1700000941,459,-4.12,-2.795228099795501,1.0,0.0,1.0,0.0,0.0,0.0,0.778087609375,0.9273071999999996,9.100826972010177,822
gentd26,image_conditioned,test,no_budget_horizon,120,1700000941,1,1700100944,13,-3.12,-2.0534348836672525,1.0,0.0,5.0,0.0,0.0,0.0,0.7634126406249999,0.8583931499999999,9.100826972010177,822
gentd26,image_conditioned,test,no_budget_horizon,120,1700000941,2,1700200947,76,-705.8129317332188,-438.4389383662016,0.732450981798362,0.6875,120.0,0.0,9637.801526717556,485.0,0.53725128125,0.7921798,9.100826972010177,822
gentd26,image_conditioned,test,no_budget_horizon,120,1700000941,3,1700300950,41,-108.777206011878,-63.59749612569701,0.9782838826430736,0.234375,84.0,0.0,1904.3786259541976,22.42442748091596,0.77520675,0.8797024999999999,9.100826972010177,822
gentd26,image_conditioned,test,no_budget_horizon,120,1700000941,4,1700400953,170,1.1531603053435115,0.1503190458735416,1.0000000000000002,0.0,23.0,0.0,12.170992366412214,0.0,0.7957581250000001,0.8691234999999999,9.100826972010177,822
gentd26,txt2img,test,no_budget_horizon,120,1700000941,0,1701000944,489,18.94929827517368,11.380348852044204,1.0,0.0,2.0,0.0,3.564352258878971,0.0,0.818973765625,1.0433121999999997,5.885345598073498,822
gentd26,txt2img,test,no_budget_horizon,120,1700000941,1,1701100947,192,19.27058780123194,11.451367159208582,0.9696116806911174,0.0,75.0,0.0,123.48269672449624,19.949795322451664,0.7568423281250001,0.8323919999999999,5.885345598073498,822
gentd26,txt2img,test,no_budget_horizon,120,1700000941,2,1701200950,105,-715.1537302858728,-443.4425314019397,0.7829167471264953,0.734375,120.0,0.0,9323.438426170884,313.3041440738988,0.4993559531249999,0.7951451,5.885345598073498,822
gentd26,txt2img,test,no_budget_horizon,120,1700000941,3,1701300953,584,11.910013456445714,11.001486558816062,0.9999999999999998,0.0,4.0,0.0,10.372453299439195,0.0,0.759031515625,0.8149043499999999,5.885345598073498,822
gentd26,txt2img,test,no_budget_horizon,120,1700000941,4,1701400956,34,-15.473150357486944,-8.34845017927009,0.9790247292096635,0.0625,55.0,0.0,361.5242990771933,10.301898554990984,0.7947395781250001,0.8895398499999999,5.885345598073498,822
gentd26,image_conditioned,test,no_budget_horizon,120,1700000942,0,1700000942,156,4.780890879979808,5.566377578497548,0.9999999999999998,0.0,28.0,0.0,18.461068702290085,0.0,0.5431029375,0.5742548,9.100826972010177,823
gentd26,image_conditioned,test,no_budget_horizon,120,1700000942,1,1700100945,579,-1.1199999999999997,-0.5042600251211441,1.0,0.0,10.0,0.0,0.0,0.0,0.531201515625,0.5637050499999999,9.100826972010177,823
gentd26,image_conditioned,test,no_budget_horizon,120,1700000942,2,1700200948,517,-3.12,-2.388999467926474,1.0,0.0,2.0,0.0,0.0,0.0,0.657852734375,1.11087765,9.100826972010177,823
gentd26,image_conditioned,test,no_budget_horizon,120,1700000942,3,1700300951,290,-0.1199999999999992,0.8638244381068716,1.0,0.0,6.0,0.0,0.0,0.0,0.551544640625,0.5858071499999999,9.100826972010177,823
gentd26,image_conditioned,test,no_budget_horizon,120,1700000942,4,1700400954,476,-5.12,-3.795228099795501,0.0,0.0,0.0,0.0,0.0,0.0,0.540723109375,0.5833498500000001,9.100826972010177,823
gentd26,txt2img,test,no_budget_horizon,120,1700000942,0,1701000945,525,32.42991228105072,23.52916757204035,1.0,0.0,15.0,0.0,0.0,0.0,0.5865811406250001,1.1144972999999991,5.885345598073498,823
gentd26,txt2img,test,no_budget_horizon,120,1700000942,1,1701100948,503,23.47992202760064,16.279153965020047,1.0,0.0,5.0,0.0,0.0,0.0,1.059454390625,1.07754715,5.885345598073498,823
gentd26,txt2img,test,no_budget_horizon,120,1700000942,2,1701200951,490,19.57994152070048,11.90904585682679,1.0,0.0,5.0,0.0,0.0,0.0,0.5266136562499999,0.54518345,5.885345598073498,823
gentd26,txt2img,test,no_budget_horizon,120,1700000942,3,1701300954,13,14.679961013800316,14.053452993075236,1.0,0.0,3.0,0.0,0.0,0.0,0.674551640625,1.11767425,5.885345598073498,823
gentd26,txt2img,test,no_budget_horizon,120,1700000942,4,1701400957,469,6.57994152070048,4.546898212906409,1.0,0.0,0.0,0.0,0.0,0.0,0.533321578125,0.5650619,5.885345598073498,823
gentd26,image_conditioned,test,no_budget_horizon,120,1700000943,0,1700000943,531,-2.12,-1.6456343154698605,1.0,0.0,6.0,0.0,0.0,0.0,0.5200282031250001,0.5629232999999999,9.100826972010177,824
gentd26,image_conditioned,test,no_budget_horizon,120,1700000943,1,1700100946,420,-0.1199999999999998,0.1074126950244427,1.0,0.0,8.0,0.0,0.0,0.0,0.523548640625,0.5453062,9.100826972010177,824
gentd26,image_conditioned,test,no_budget_horizon,120,1700000943,2,1700200949,396,6.698020373709653,5.40356625358245,1.0,0.0,49.0,0.0,106.80305343511452,0.0,0.518756984375,0.5594017999999998,9.100826972010177,824
gentd26,image_conditioned,test,no_budget_horizon,120,1700000943,3,1700300952,172,2.153160305343511,0.277299352347047,1.0,0.0,27.0,0.0,12.170992366412214,0.0,0.5393661406249999,0.5971844999999999,9.100826972010177,824
gentd26,image_conditioned,test,no_budget_horizon,120,1700000943,4,1700400955,302,-4.12,-2.899889845536784,1.0,0.0,1.0,0.0,0.0,0.0,0.596514,0.8499291999999994,9.100826972010177,824
gentd26,txt2img,test,no_budget_horizon,120,1700000943,0,1701000946,552,25.47992202760064,19.092474887068924,1.0,0.0,12.0,0.0,0.0,0.0,0.54750659375,0.6282263499999999,5.885345598073498,824
gentd26,txt2img,test,no_budget_horizon,120,1700000943,1,1701100949,495,20.52993177415056,13.222731900707432,1.0,0.0,5.0,0.0,0.0,0.0,0.52765225,0.55143245,5.885345598073498,824
gentd26,txt2img,test,no_budget_horizon,120,1700000943,2,1701200952,61,-49.05781602821796,-26.196186052516808,0.8246580894316818,0.125,120.0,0.0,988.4048398582172,206.90212076969908,0.495219359375,0.5460814,5.885345598073498,824
gentd26,txt2img,test,no_budget_horizon,120,1700000943,3,1701300955,248,-537.8369896195338,-367.8585350707463,0.9289003912017813,0.875,120.0,0.0,7285.837970735163,87.42785679997576,0.3788365625,0.5884020999999999,5.885345598073498,824
gentd26,txt2img,test,no_budget_horizon,120,1700000943,4,1701400958,405,44.72997076035024,35.07795130697562,1.0,0.0,33.0,0.0,0.0,0.0,0.5371820625,0.5629233499999999,5.885345598073498,824
gentd26,image_conditioned,test,no_budget_horizon,120,1700000944,0,1700000944,364,9.415454008830118,6.582632705647081,1.0,0.0,64.0,0.0,142.33072519083973,0.0,0.9305515625,1.71162935,9.100826972010177,825
gentd26,image_conditioned,test,no_budget_horizon,120,1700000944,1,1700100947,217,-218.7434867093352,-119.82081186318317,0.8255439920198624,0.265625,120.0,0.0,3221.464185750636,311.24230279898217,0.799890640625,1.7904463,9.100826972010177,825
gentd26,image_conditioned,test,no_budget_horizon,120,1700000944,2,1700200950,21,-3.12,-2.3868015338414192,1.0,0.0,8.0,0.0,0.0,0.0,0.761017890625,0.8796688499999998,9.100826972010177,825
gentd26,image_conditioned,test,no_budget_horizon,120,1700000944,3,1700300953,115,25.455215996643343,19.451761741136647,1.0,0.0,113.0,0.0,162.18625954198475,0.0,0.725710421875,0.7731634,9.100826972010177,825
gentd26,image_conditioned,test,no_budget_horizon,120,1700000944,4,1700400956,189,10.250869930252064,5.812483728645336,0.9721951219512196,0.0,46.0,0.0,27.487022900763364,15.31603053435115,0.7333349375,0.77019465,9.100826972010177,825
gentd26,txt2img,test,no_budget_horizon,120,1700000944,0,1701000947,139,24.17460688086902,21.147689497408656,1.0,0.0,53.0,0.0,24.43690302381735,0.0,0.74944684375,0.8506848499999999,5.885345598073498,825
gentd26,txt2img,test,no_budget_horizon,120,1700000944,1,1701100950,105,-715.1537302858728,-443.4425314019397,0.7829167471264953,0.734375,120.0,0.0,9323.438426170884,313.3041440738988,0.4954072968749999,0.7975388999999999,5.885345598073498,825
gentd26,txt2img,test,no_budget_horizon,120,1700000944,2,1701200953,310,0.7299707603502401,1.328943762589411,1.0,0.0,0.0,0.0,0.0,0.0,0.748451765625,0.77774995,5.885345598073498,825
gentd26,txt2img,test,no_budget_horizon,120,1700000944,3,1701300956,125,12.207459814543784,6.072786073049633,1.0,0.078125,100.0,0.0,292.1679062023867,0.0,0.745037390625,0.8117319499999999,5.885345598073498,825
gentd26,txt2img,test,no_budget_horizon,120,1700000944,4,1701400959,459,7.456757459892851,5.940673691645675,1.0,0.0,0.0,0.0,0.6999415207004782,0.0,0.752045390625,0.8374593999999999,5.885345598073498,825
gentd26,image_conditioned,test,no_budget_horizon,120,1700000945,0,1700000945,503,-3.12,-2.573572864063435,1.0,0.0,2.0,0.0,0.0,0.0,1.7201248125,1.78155095,9.100826972010177,826
gentd26,image_conditioned,test,no_budget_horizon,120,1700000945,1,1700100948,369,9.858887253812966,7.442190819251017,1.0,0.0,65.0,0.0,136.72048346055982,0.0,1.718176375,1.766092,9.100826972010177,826
gentd26,image_conditioned,test,no_budget_horizon,120,1700000945,2,1700200951,532,-1.1199999999999997,-1.0930157039862056,1.0,0.0,10.0,0.0,0.0,0.0,0.7351453124999999,0.8052546499999997,9.100826972010177,826
gentd26,image_conditioned,test,no_budget_horizon,120,1700000945,3,1700300954,499,-3.12,-2.6217109547556694,1.0,0.0,2.0,0.0,0.0,0.0,1.70328675,1.7746878499999998,9.100826972010177,826
gentd26,image_conditioned,test,no_budget_horizon,120,1700000945,4,1700400957,406,3.1531603053435124,2.644823440660642,1.0,0.0,19.0,0.0,12.170992366412214,0.0,0.957009453125,1.6938039,9.100826972010177,826
gentd26,txt2img,test,no_budget_horizon,120,1700000945,0,1701000948,537,34.355305830168774,25.00368535332981,1.0,0.0,12.0,0.0,4.899590644903347,0.0,0.7346183749999999,0.7793613499999998,5.885345598073498,826
gentd26,txt2img,test,no_budget_horizon,120,1700000945,1,1701100951,280,18.88939024685077,16.632947299908015,1.0,0.0,13.0,0.0,3.9164554914183896,0.0,1.392787859375,1.82476005,5.885345598073498,826
gentd26,txt2img,test,no_budget_horizon,120,1700000945,2,1701200954,216,-397.1585292349103,-220.6438098546147,0.6778953450441455,0.375,120.0,0.0,5623.719223279539,498.7999610138003,0.7149191875,1.3296687999999968,5.885345598073498,826
gentd26,txt2img,test,no_budget_horizon,120,1700000945,3,1701300957,257,-128.73599539120494,-113.33055478278564,1.0,0.359375,117.0,0.0,2367.800952907592,0.0,0.7052357499999999,0.7722702,5.885345598073498,826
gentd26,txt2img,test,no_budget_horizon,120,1700000945,4,1701400960,479,10.45675745989285,5.669091760230703,1.0,0.0,1.0,0.0,0.6999415207004782,0.0,1.693923421875,1.7619045,5.885345598073498,826
gentd26,image_conditioned,test,no_budget_horizon,120,1700000946,0,1700000946,118,-524.3356836502468,-310.3004890123766,0.786920280044869,0.484375,120.0,0.0,6743.554198473281,269.12977099236633,0.45996121875,0.7586583,9.100826972010177,827
gentd26,image_conditioned,test,no_budget_horizon,120,1700000946,1,1700100949,195,8.547497440240697,5.519886538534905,0.9468531468531468,0.0,96.0,0.0,165.33129770992366,45.94809160305344,0.961026640625,1.91160745,9.100826972010177,827
gentd26,image_conditioned,test,no_budget_horizon,120,1700000946,2,1700200952,470,-5.12,-3.795228099795501,0.0,0.0,0.0,0.0,0.0,0.0,0.78677209375,1.08056815,9.100826972010177,827
gentd26,image_conditioned,test,no_budget_horizon,120,1700000946,3,1700300955,235,-758.1419559549188,-458.67895299713655,0.7722017064553812,0.546875,120.0,0.0,10112.992111959287,375.9110050890585,0.5309223437499999,0.8135752999999999,9.100826972010177,827
gentd26,image_conditioned,test,no_budget_horizon,120,1700000946,4,1700400958,490,-4.12,-3.208191317858016,1.0,0.0,4.0,0.0,0.0,0.0,0.75833140625,0.7984591,9.100826972010177,827
gentd26,txt2img,test,no_budget_horizon,120,1700000946,0,1701000949,67,-286.87935535556045,-158.96602830127557,0.6547254542947768,0.265625,120.0,0.0,3995.066523186844,488.80326688440607,0.6507158906249999,0.8440431499999999,5.885345598073498,827
gentd26,txt2img,test,no_budget_horizon,120,1700000946,1,1701100952,442,12.33357339908522,11.151642929220891,1.0,0.0,8.0,0.0,1.3998830414009564,0.0,0.737150015625,0.7670579000000001,5.885345598073498,827
gentd26,txt2img,test,no_budget_horizon,120,1700000946,2,1701200955,39,-5.878109275508846,-4.041375402292532,1.0,0.046875,73.0,0.0,283.79703704882365,0.0,0.7469483749999999,0.7983438499999999,5.885345598073498,827
gentd26,txt2img,test,no_budget_horizon,120,1700000946,3,1701300958,70,-400.8505557901352,-224.8370230688946,0.6322292804437861,0.3125,120.0,0.0,5495.066523186844,500.0,0.6418804062500001,0.8570751499999999,5.885345598073498,827
gentd26,txt2img,test,no_budget_horizon,120,1700000946,4,1701400961,356,34.387861116553175,22.723986222253416,1.0,0.0,41.0,0.0,20.198869400209244,0.0,0.786411140625,0.8911318499999998,5.885345598073498,827
gentd26,image_conditioned,test,no_budget_horizon,120,1700000947,0,1700000947,352,9.068890303961718,5.3337301990667925,1.0,0.0,65.0,0.0,134.29007633587787,0.0,1.144907328125,1.19879215,9.100826972010177,828
gentd26,image_conditioned,test,no_budget_horizon,120,1700000947,1,1700100950,37,-93.19633478626788,-53.10255361281559,0.8497960326602304,0.203125,68.0,0.0,1595.603053435114,144.1343511450381,1.077972015625,1.10024275,9.100826972010177,828
gentd26,image_conditioned,test,no_budget_horizon,120,1700000947,2,1700200953,483,-4.12,-3.24807145740474,1.0,0.0,1.0,0.0,0.0,0.0,1.110808125,1.12678745,9.100826972010177,828
gentd26,image_conditioned,test,no_budget_horizon,120,1700000947,3,1700300956,408,3.1531603053435124,2.775582573050273,1.0,0.0,19.0,0.0,12.170992366412214,0.0,1.0989877031250002,1.1311014499999998,9.100826972010177,828
gentd26,image_conditioned,test,no_budget_horizon,120,1700000947,4,1700400959,43,-107.77720601187802,-64.27545617690595,0.9999999999999998,0.234375,88.0,0.0,1904.3786259541976,0.0,1.1044036875,1.1416377,9.100826972010177,828
gentd26,txt2img,test,no_budget_horizon,120,1700000947,0,1701000950,97,-657.8351498290413,-391.547017136618,0.7238336358336377,0.625,120.0,0.0,8784.917517832211,412.217979765632,0.8116386875,1.1351025,5.885345598073498,828
gentd26,txt2img,test,no_budget_horizon,120,1700000947,1,1701100953,316,1.7299707603502397,0.7010139478332233,1.0,0.0,1.0,0.0,0.0,0.0,0.55827278125,0.6177867,5.885345598073498,828
gentd26,txt2img,test,no_budget_horizon,120,1700000947,2,1701200956,590,7.679961013800318,7.522363618571832,1.0,0.0,1.0,0.0,0.0,0.0,0.5379122187500001,0.59820125,5.885345598073498,828
gentd26,txt2img,test,no_budget_horizon,120,1700000947,3,1701300959,509,25.3799025345008,18.550968195462204,1.0,0.0,5.0,0.0,0.0,0.0,0.5515651874999999,0.6157725000000001,5.885345598073498,828
gentd26,txt2img,test,no_budget_horizon,120,1700000947,4,1701400962,178,8.343234741657819,4.541381049472212,1.0,0.0,61.0,0.0,98.95573475062758,0.0,0.5536123749999999,0.6420665499999999,5.885345598073498,828
gentd26,image_conditioned,test,no_budget_horizon,120,1700000948,0,1700000948,468,-5.12,-3.795228099795501,0.0,0.0,0.0,0.0,0.0,0.0,1.5741601875,2.00753305,9.100826972010177,829
gentd26,image_conditioned,test,no_budget_horizon,120,1700000948,1,1700100951,104,-636.6827275112331,-381.6693118356597,0.7329511569218475,0.5,120.0,0.0,8461.865966921117,462.59382951653936,1.18326321875,1.7730234,9.100826972010177,829
gentd26,image_conditioned,test,no_budget_horizon,120,1700000948,2,1700200954,239,-180.9581258394097,-115.7224537296292,0.9735630714777306,0.53125,120.0,0.0,2366.810559796437,41.05190839694654,0.935331828125,1.81003845,9.100826972010177,829
gentd26,image_conditioned,test,no_budget_horizon,120,1700000948,3,1700300957,463,-5.12,-3.795228099795501,0.0,0.0,0.0,0.0,0.0,0.0,1.1263225,1.85296875,9.100826972010177,829
gentd26,image_conditioned,test,no_budget_horizon,120,1700000948,4,1700400960,440,-2.12,-1.23920746025111,1.0,0.0,6.0,0.0,0.0,0.0,0.7590493593750001,0.8178036999999999,9.100826972010177,829
gentd26,txt2img,test,no_budget_horizon,120,1700000948,0,1701000951,95,-634.5199488094449,-374.6433835985056,0.7173979225777006,0.59375,120.0,0.0,8515.90165863737,433.9053213841958,1.25031821875,1.7603014,5.885345598073498,829
gentd26,txt2img,test,no_budget_horizon,120,1700000948,1,1701100954,117,-303.30580404093143,-211.1741967547847,0.978147250423614,0.75,120.0,0.0,3590.715527712692,24.812646612642943,1.089816546875,1.82563385,5.885345598073498,829
gentd26,txt2img,test,no_budget_horizon,120,1700000948,2,1701200957,577,15.860003709895793,13.82061289276778,1.0,0.0,5.0,0.0,10.372453299439195,0.0,0.766921359375,0.8631665999999999,5.885345598073498,829
gentd26,txt2img,test,no_budget_horizon,120,1700000948,3,1701300960,291,9.5669487031684,9.160327127380995,1.0000000000000002,0.0,2.0,0.0,5.46433276577913,0.0,0.776280296875,0.8966464,5.885345598073498,829
gentd26,txt2img,test,no_budget_horizon,120,1700000948,4,1701400963,254,-362.2032574012076,-277.59133967811994,1.0,0.875,120.0,0.0,4929.842817986175,0.0,0.5265068125,0.8080049999999999,5.885345598073498,829
gentd26,image_conditioned,test,no_budget_horizon,144,1700000939,0,1700000939,66,-159.46984573845134,-109.77436982690011,0.949221801066452,0.390625,144.0,0.0,2721.76641221374,91.70992366412212,1.261007171875,1.8652772,9.100826972010177,820
gentd26,image_conditioned,test,no_budget_horizon,144,1700000939,1,1700100942,73,-291.637888050872,-189.30825154980653,0.8217580573444828,0.5,144.0,0.0,4365.482442748091,379.4458015267175,0.6779280625,0.8650302999999999,9.100826972010177,820
gentd26,image_conditioned,test,no_budget_horizon,144,1700000939,2,1700200945,182,8.153160305343512,4.075854434575395,1.0,0.0,37.0,0.0,12.170992366412214,0.0,0.76579559375,0.8471146499999999,9.100826972010177,820
gentd26,image_conditioned,test,no_budget_horizon,144,1700000939,3,1700300948,574,-1.1199999999999997,-0.6655502062416275,1.0,0.0,10.0,0.0,0.0,0.0,0.77499621875,0.85577585,9.100826972010177,820
gentd26,image_conditioned,test,no_budget_horizon,144,1700000939,4,1700400951,217,-76.65446100050067,-41.8133448335138,0.972457136997305,0.25,144.0,0.0,1517.78937659033,49.13848600508898,0.7336918593749999,0.7859117,9.100826972010177,820
gentd26,txt2img,test,no_budget_horizon,144,1700000939,0,1701000942,528,32.94919699158882,23.898038626905063,1.0,0.0,12.0,0.0,6.799571151803506,0.0,0.77036984375,0.87151925,5.885345598073498,820
gentd26,txt2img,test,no_budget_horizon,144,1700000939,1,1701100945,43,-2.407402174896427,-2.1879884057428924,0.9999999999999998,0.046875,68.0,0.0,286.39695907642425,0.0,0.7783504375,0.8748355499999999,5.885345598073498,820
gentd26,txt2img,test,no_budget_horizon,144,1700000939,2,1701200948,172,7.97469078594913,4.778430645794693,0.997005988023952,0.0,37.0,0.0,39.66824683436029,0.9499902534500748,0.765449875,0.8751486499999999,5.885345598073498,820
gentd26,txt2img,test,no_budget_horizon,144,1700000939,3,1701300951,160,6.200677860962657,6.265226571341297,0.9999999999999998,0.0,0.0,0.0,2.5999220276006376,0.0,0.7784774999999999,0.87254265,5.885345598073498,820
gentd26,txt2img,test,no_budget_horizon,144,1700000939,4,1701400954,164,7.507824379674713,6.1779516495496045,1.0,0.0,7.0,0.0,1.6686366963571686,0.0,1.72270246875,1.76272785,5.885345598073498,820
gentd26,image_conditioned,test,no_budget_horizon,144,1700000940,0,1700000940,545,-0.1199999999999996,-0.6138769201016279,1.0,0.0,11.0,0.0,0.0,0.0,0.7533385625,0.8109554,9.100826972010177,821
gentd26,image_conditioned,test,no_budget_horizon,144,1700000940,1,1700100943,2,0.9777096249085536,1.7687670280809364,1.0,0.0,22.0,0.0,15.31603053435115,0.0,0.765799,0.8607127,9.100826972010177,821
gentd26,image_conditioned,test,no_budget_horizon,144,1700000940,2,1700200946,388,8.858887253812966,7.7745292226058575,1.0,0.0,60.0,0.0,136.72048346055982,0.0,0.7838276562500001,0.8733910500000001,9.100826972010177,821
gentd26,image_conditioned,test,no_budget_horizon,144,1700000940,3,1700300949,157,3.780890879979809,4.6508382419146495,1.0,0.0,26.0,0.0,18.461068702290085,0.0,0.8269060156250001,0.98677075,9.100826972010177,821
gentd26,image_conditioned,test,no_budget_horizon,144,1700000940,4,1700400952,155,4.780890879979808,5.4727615217146175,1.0,0.0,28.0,0.0,18.461068702290085,0.0,0.7898250156250001,0.9268441499999998,9.100826972010177,821
gentd26,txt2img,test,no_budget_horizon,144,1700000940,0,1701000943,125,12.736752713931368,6.434057373632996,1.0,0.078125,101.0,0.0,289.56798417478603,0.0,0.7675277968750001,0.8057696,5.885345598073498,821
gentd26,txt2img,test,no_budget_horizon,144,1700000940,1,1701100946,518,29.501654458684182,21.756021471107005,1.0,0.0,6.0,0.0,3.49970760350239,0.0,0.77016809375,0.84390775,5.885345598073498,821
gentd26,txt2img,test,no_budget_horizon,144,1700000940,2,1701200949,118,-51.55517940085387,-52.20551781151248,0.9999999999999998,0.234375,135.0,0.0,1264.2737767748354,0.0,0.741280046875,0.77878445,5.885345598073498,821
gentd26,txt2img,test,no_budget_horizon,144,1700000940,3,1701300952,500,21.701693444883865,14.649113892498493,1.0,0.0,2.0,0.0,3.49970760350239,0.0,0.77497890625,0.8826894999999999,5.885345598073498,821
gentd26,txt2img,test,no_budget_horizon,144,1700000940,4,1701400955,582,14.383583145635145,13.099134611104269,1.0,0.0,6.0,0.0,1.3998830414009564,0.0,0.773990109375,0.9065057,5.885345598073498,821
gentd26,image_conditioned,test,no_budget_horizon,144,1700000941,0,1700000941,459,-4.12,-2.795228099795501,1.0,0.0,1.0,0.0,0.0,0.0,0.915579859375,1.38586335,9.100826972010177,822
gentd26,image_conditioned,test,no_budget_horizon,144,1700000941,1,1700100944,13,-3.12,-2.0534348836672525,1.0,0.0,5.0,0.0,0.0,0.0,0.756687828125,0.8345099999999999,9.100826972010177,822
gentd26,image_conditioned,test,no_budget_horizon,144,1700000941,2,1700200947,76,-363.435637808837,-232.9798564010982,0.8340990559723078,0.53125,144.0,0.0,5316.781361323154,353.1739821882951,0.780831390625,1.1899816,9.100826972010177,822
gentd26,image_conditioned,test,no_budget_horizon,144,1700000941,3,1700300950,41,-108.777206011878,-63.59749612569701,0.9782838826430736,0.234375,84.0,0.0,1904.3786259541976,22.42442748091596,0.91059196875,1.4015243,9.100826972010177,822
gentd26,image_conditioned,test,no_budget_horizon,144,1700000941,4,1700400953,170,1.1531603053435115,0.1503190458735416,1.0000000000000002,0.0,23.0,0.0,12.170992366412214,0.0,1.029879359375,1.4315528,9.100826972010177,822
gentd26,txt2img,test,no_budget_horizon,144,1700000941,0,1701000944,489,18.94929827517368,11.380348852044204,1.0,0.0,2.0,0.0,3.564352258878971,0.0,1.300910328125,1.84246255,5.885345598073498,822
gentd26,txt2img,test,no_budget_horizon,144,1700000941,1,1701100947,192,19.27058780123194,11.451367159208582,0.9696116806911174,0.0,75.0,0.0,123.48269672449624,19.949795322451664,1.1282251875,1.8841324,5.885345598073498,822
gentd26,txt2img,test,no_budget_horizon,144,1700000941,2,1701200950,105,-398.5454878231485,-247.54823010591787,0.8820285814489893,0.625,144.0,0.0,5223.750294219834,170.2615647456018,0.551726140625,0.770689,5.885345598073498,822
gentd26,txt2img,test,no_budget_horizon,144,1700000941,3,1701300953,584,11.910013456445714,11.001486558816062,0.9999999999999998,0.0,4.0,0.0,10.372453299439195,0.0,0.856224140625,1.67047895,5.885345598073498,822
gentd26,txt2img,test,no_budget_horizon,144,1700000941,4,1701400956,34,-15.473150357486944,-8.34845017927009,0.9790247292096635,0.0625,55.0,0.0,361.5242990771933,10.301898554990984,1.057024953125,1.8656927,5.885345598073498,822
gentd26,image_conditioned,test,no_budget_horizon,144,1700000942,0,1700000942,156,4.780890879979808,5.566377578497548,0.9999999999999998,0.0,28.0,0.0,18.461068702290085,0.0,0.570420578125,0.8144254499999994,9.100826972010177,823
gentd26,image_conditioned,test,no_budget_horizon,144,1700000942,1,1700100945,579,-1.1199999999999997,-0.5042600251211441,1.0,0.0,10.0,0.0,0.0,0.0,0.539841234375,0.61567595,9.100826972010177,823
gentd26,image_conditioned,test,no_budget_horizon,144,1700000942,2,1700200948,517,-3.12,-2.388999467926474,1.0,0.0,2.0,0.0,0.0,0.0,0.53586034375,0.58593465,9.100826972010177,823
gentd26,image_conditioned,test,no_budget_horizon,144,1700000942,3,1700300951,290,-0.1199999999999992,0.8638244381068716,1.0,0.0,6.0,0.0,0.0,0.0,0.5414491875,0.591402,9.100826972010177,823
gentd26,image_conditioned,test,no_budget_horizon,144,1700000942,4,1700400954,476,-5.12,-3.795228099795501,0.0,0.0,0.0,0.0,0.0,0.0,0.529470234375,0.5567275,9.100826972010177,823
gentd26,txt2img,test,no_budget_horizon,144,1700000942,0,1701000945,525,32.42991228105072,23.52916757204035,1.0,0.0,15.0,0.0,0.0,0.0,0.54308659375,0.6168839999999999,5.885345598073498,823
gentd26,txt2img,test,no_budget_horizon,144,1700000942,1,1701100948,503,23.47992202760064,16.279153965020047,1.0,0.0,5.0,0.0,0.0,0.0,0.537176859375,0.5936311499999999,5.885345598073498,823
gentd26,txt2img,test,no_budget_horizon,144,1700000942,2,1701200951,490,19.57994152070048,11.90904585682679,1.0,0.0,5.0,0.0,0.0,0.0,0.5821169687500001,0.7729586499999995,5.885345598073498,823
gentd26,txt2img,test,no_budget_horizon,144,1700000942,3,1701300954,13,14.679961013800316,14.053452993075236,1.0,0.0,3.0,0.0,0.0,0.0,0.5447148125,0.6404875999999999,5.885345598073498,823
gentd26,txt2img,test,no_budget_horizon,144,1700000942,4,1701400957,469,6.57994152070048,4.546898212906409,1.0,0.0,0.0,0.0,0.0,0.0,0.5208615624999999,0.54500065,5.885345598073498,823
gentd26,image_conditioned,test,no_budget_horizon,144,1700000943,0,1700000943,531,-2.12,-1.6456343154698605,1.0,0.0,6.0,0.0,0.0,0.0,0.52300084375,0.54099265,9.100826972010177,824
gentd26,image_conditioned,test,no_budget_horizon,144,1700000943,1,1700100946,420,-0.1199999999999998,0.1074126950244427,1.0,0.0,8.0,0.0,0.0,0.0,0.516543390625,0.5454169,9.100826972010177,824
gentd26,image_conditioned,test,no_budget_horizon,144,1700000943,2,1700200949,396,6.698020373709653,5.40356625358245,1.0,0.0,49.0,0.0,106.80305343511452,0.0,0.5726130312500001,0.7130112,9.100826972010177,824
gentd26,image_conditioned,test,no_budget_horizon,144,1700000943,3,1700300952,172,2.153160305343511,0.277299352347047,1.0,0.0,27.0,0.0,12.170992366412214,0.0,1.121145859375,1.16008965,9.100826972010177,824
gentd26,image_conditioned,test,no_budget_horizon,144,1700000943,4,1700400955,302,-4.12,-2.899889845536784,1.0,0.0,1.0,0.0,0.0,0.0,1.119333359375,1.15294825,9.100826972010177,824
gentd26,txt2img,test,no_budget_horizon,144,1700000943,0,1701000946,552,25.47992202760064,19.092474887068924,1.0,0.0,12.0,0.0,0.0,0.0,1.1151078125,1.13691095,5.885345598073498,824
gentd26,txt2img,test,no_budget_horizon,144,1700000943,1,1701100949,495,20.52993177415056,13.222731900707432,1.0,0.0,5.0,0.0,0.0,0.0,1.106321515625,1.12527695,5.885345598073498,824
gentd26,txt2img,test,no_budget_horizon,144,1700000943,2,1701200952,61,-7.676719901983223,-3.878808857149025,0.944360805403708,0.109375,140.0,0.0,564.6599567969253,65.65382641593509,1.0779313124999998,1.0961937,5.885345598073498,824
gentd26,txt2img,test,no_budget_horizon,144,1700000943,3,1701300955,248,-199.11242562701176,-157.7778443935262,1.0000000000000004,0.484375,144.0,0.0,3593.8888137454246,0.0,0.848618078125,1.1213682,5.885345598073498,824
gentd26,txt2img,test,no_budget_horizon,144,1700000943,4,1701400958,405,44.72997076035024,35.07795130697562,1.0,0.0,33.0,0.0,0.0,0.0,1.10209065625,1.1248758,5.885345598073498,824
gentd26,image_conditioned,test,no_budget_horizon,144,1700000944,0,1700000944,364,9.415454008830118,6.582632705647081,1.0,0.0,64.0,0.0,142.33072519083973,0.0,1.62918978125,1.9490255,9.100826972010177,825
gentd26,image_conditioned,test,no_budget_horizon,144,1700000944,1,1700100947,217,-76.65446100050067,-41.8133448335138,0.972457136997305,0.25,144.0,0.0,1517.78937659033,49.13848600508898,0.7636818125,0.9249079999999998,9.100826972010177,825
gentd26,image_conditioned,test,no_budget_horizon,144,1700000944,2,1700200950,21,-3.12,-2.3868015338414192,1.0,0.0,8.0,0.0,0.0,0.0,1.2492412656249998,1.8583355,9.100826972010177,825
gentd26,image_conditioned,test,no_budget_horizon,144,1700000944,3,1700300953,115,25.455215996643343,19.451761741136647,1.0,0.0,113.0,0.0,162.18625954198475,0.0,1.714087390625,1.7521735,9.100826972010177,825
gentd26,image_conditioned,test,no_budget_horizon,144,1700000944,4,1700400956,189,10.250869930252064,5.812483728645336,0.9721951219512196,0.0,46.0,0.0,27.487022900763364,15.31603053435115,1.70247671875,1.79121865,9.100826972010177,825
gentd26,txt2img,test,no_budget_horizon,144,1700000944,0,1701000947,139,24.17460688086902,21.147689497408656,1.0,0.0,53.0,0.0,24.43690302381735,0.0,1.7132818125,1.74789065,5.885345598073498,825
gentd26,txt2img,test,no_budget_horizon,144,1700000944,1,1701100950,105,-398.5454878231485,-247.54823010591787,0.8820285814489893,0.625,144.0,0.0,5223.750294219834,170.2615647456018,1.26972384375,1.7655825,5.885345598073498,825
gentd26,txt2img,test,no_budget_horizon,144,1700000944,2,1701200953,310,0.7299707603502401,1.328943762589411,1.0,0.0,0.0,0.0,0.0,0.0,1.712094625,1.7511657,5.885345598073498,825
gentd26,txt2img,test,no_budget_horizon,144,1700000944,3,1701300956,125,12.207459814543784,6.072786073049633,1.0,0.078125,100.0,0.0,292.1679062023867,0.0,1.723388703125,1.7556623999999998,5.885345598073498,825
gentd26,txt2img,test,no_budget_horizon,144,1700000944,4,1701400959,459,7.456757459892851,5.940673691645675,1.0,0.0,0.0,0.0,0.6999415207004782,0.0,1.722473015625,1.8055501,5.885345598073498,825
gentd26,image_conditioned,test,no_budget_horizon,144,1700000945,0,1700000945,503,-3.12,-2.573572864063435,1.0,0.0,2.0,0.0,0.0,0.0,1.72654378125,1.93652525,9.100826972010177,826
gentd26,image_conditioned,test,no_budget_horizon,144,1700000945,1,1700100948,369,9.858887253812966,7.442190819251017,1.0,0.0,65.0,0.0,136.72048346055982,0.0,0.762650359375,0.8455729,9.100826972010177,826
gentd26,image_conditioned,test,no_budget_horizon,144,1700000945,2,1700200951,532,-1.1199999999999997,-1.0930157039862056,1.0,0.0,10.0,0.0,0.0,0.0,0.7595378125000001,0.86026645,9.100826972010177,826
gentd26,image_conditioned,test,no_budget_horizon,144,1700000945,3,1700300954,499,-3.12,-2.6217109547556694,1.0,0.0,2.0,0.0,0.0,0.0,0.801246265625,0.9815012499999995,9.100826972010177,826
gentd26,image_conditioned,test,no_budget_horizon,144,1700000945,4,1700400957,406,3.1531603053435124,2.644823440660642,1.0,0.0,19.0,0.0,12.170992366412214,0.0,0.7654449531249999,0.81448,9.100826972010177,826
gentd26,txt2img,test,no_budget_horizon,144,1700000945,0,1701000948,537,34.355305830168774,25.00368535332981,1.0,0.0,12.0,0.0,4.899590644903347,0.0,0.7542253125,0.8001567,5.885345598073498,826
gentd26,txt2img,test,no_budget_horizon,144,1700000945,1,1701100951,280,18.88939024685077,16.632947299908015,1.0,0.0,13.0,0.0,3.9164554914183896,0.0,0.763671703125,0.85455945,5.885345598073498,826
gentd26,txt2img,test,no_budget_horizon,144,1700000945,2,1701200954,216,-247.15321537400004,-136.43074907309028,0.7849623433418434,0.375,144.0,0.0,3905.326368196812,340.42649228298694,0.69617078125,0.78857515,5.885345598073498,826
gentd26,txt2img,test,no_budget_horizon,144,1700000945,3,1701300957,257,-128.73599539120494,-113.33055478278564,1.0,0.359375,117.0,0.0,2367.800952907592,0.0,0.769561328125,0.90685645,5.885345598073498,826
gentd26,txt2img,test,no_budget_horizon,144,1700000945,4,1701400960,479,10.45675745989285,5.669091760230703,1.0,0.0,1.0,0.0,0.6999415207004782,0.0,0.7696119218749999,0.97665045,5.885345598073498,826
gentd26,image_conditioned,test,no_budget_horizon,144,1700000946,0,1700000946,118,20.935144620612707,15.999831409852291,1.0,0.0,103.0,0.0,258.9763358778626,0.0,0.83942928125,1.0607341999999995,9.100826972010177,827
gentd26,image_conditioned,test,no_budget_horizon,144,1700000946,1,1700100949,195,1.8677885931363507,1.7384773107054523,0.9299238745261472,0.015625,66.0,0.0,261.49459287531806,60.584287531806616,0.752296625,0.8001551499999999,9.100826972010177,827
gentd26,image_conditioned,test,no_budget_horizon,144,1700000946,2,1700200952,470,-5.12,-3.795228099795501,0.0,0.0,0.0,0.0,0.0,0.0,1.046247203125,1.84920265,9.100826972010177,827
gentd26,image_conditioned,test,no_budget_horizon,144,1700000946,3,1700300955,235,-66.29640141877388,-46.99739524329498,1.0,0.21875,136.0,0.0,1508.2777353689562,0.0,0.802521375,1.1177561999999996,9.100826972010177,827
gentd26,image_conditioned,test,no_budget_horizon,144,1700000946,4,1700400958,490,-4.12,-3.208191317858016,1.0,0.0,1.0,0.0,0.0,0.0,1.7489789375,1.83313155,9.100826972010177,827
gentd26,txt2img,test,no_budget_horizon,144,1700000946,0,1701000949,67,-71.55696504991829,-40.88469212741914,0.8773328749407422,0.21875,144.0,0.0,1408.029083174537,173.65917127141438,0.844589625,1.1258440499999995,5.885345598073498,827
gentd26,txt2img,test,no_budget_horizon,144,1700000946,1,1701100952,442,11.920861100312178,10.747216800549324,1.0,0.0,1.0,0.0,6.349678363852632,0.0,0.821226578125,0.9333405,5.885345598073498,827
gentd26,txt2img,test,no_budget_horizon,144,1700000946,2,1701200955,39,-13.728685919333024,-8.654566494646108,1.0,0.0625,62.0,0.0,374.59019901526574,0.0,0.79299953125,0.9201021,5.885345598073498,827
gentd26,txt2img,test,no_budget_horizon,144,1700000946,3,1701300958,70,-125.56360995541183,-70.97510202306843,0.8437646711383511,0.265625,144.0,0.0,2075.704784130495,232.75841104052063,0.729316609375,0.8367215499999999,5.885345598073498,827
gentd26,txt2img,test,no_budget_horizon,144,1700000946,4,1701400961,356,29.217673735595785,19.14722889087625,1.0,0.0,10.0,0.0,50.33211949004986,0.0,1.810923078125,1.92652565,5.885345598073498,827
gentd26,image_conditioned,test,no_budget_horizon,144,1700000947,0,1700000947,352,9.068890303961718,5.3337301990667925,1.0,0.0,65.0,0.0,134.29007633587787,0.0,0.551800515625,0.5716937,9.100826972010177,828
gentd26,image_conditioned,test,no_budget_horizon,144,1700000947,1,1700100950,37,-93.19633478626788,-53.10255361281559,0.8497960326602304,0.203125,68.0,0.0,1595.603053435114,144.1343511450381,0.52038309375,0.5387259,9.100826972010177,828
gentd26,image_conditioned,test,no_budget_horizon,144,1700000947,2,1700200953,483,-4.12,-3.24807145740474,1.0,0.0,1.0,0.0,0.0,0.0,0.6476805625,1.18081725,9.100826972010177,828
gentd26,image_conditioned,test,no_budget_horizon,144,1700000947,3,1700300956,408,3.1531603053435124,2.775582573050273,1.0,0.0,19.0,0.0,12.170992366412214,0.0,0.926299,1.1959177,9.100826972010177,828
gentd26,image_conditioned,test,no_budget_horizon,144,1700000947,4,1700400959,43,-107.77720601187802,-64.27545617690595,0.9999999999999998,0.234375,88.0,0.0,1904.3786259541976,0.0,0.70557709375,1.15382755,9.100826972010177,828
gentd26,txt2img,test,no_budget_horizon,144,1700000947,0,1701000950,97,-369.9874692226434,-218.10962423820789,0.8278149476489269,0.546875,144.0,0.0,5033.905461780929,257.01093121985696,0.47510821875,0.81277975,5.885345598073498,828
gentd26,txt2img,test,no_budget_horizon,144,1700000947,1,1701100953,316,1.7299707603502397,0.7010139478332233,1.0,0.0,1.0,0.0,0.0,0.0,0.557057453125,0.6069524000000001,5.885345598073498,828
gentd26,txt2img,test,no_budget_horizon,144,1700000947,2,1701200956,590,7.679961013800318,7.522363618571832,1.0,0.0,1.0,0.0,0.0,0.0,0.643106296875,1.12168265,5.885345598073498,828
gentd26,txt2img,test,no_budget_horizon,144,1700000947,3,1701300959,509,25.3799025345008,18.550968195462204,1.0,0.0,5.0,0.0,0.0,0.0,0.5730492656249999,0.67043795,5.885345598073498,828
gentd26,txt2img,test,no_budget_horizon,144,1700000947,4,1701400962,178,8.343234741657819,4.541381049472212,1.0,0.0,61.0,0.0,98.95573475062758,0.0,0.56747071875,0.7236119499999993,5.885345598073498,828
gentd26,image_conditioned,test,no_budget_horizon,144,1700000948,0,1700000948,468,-5.12,-3.795228099795501,0.0,0.0,0.0,0.0,0.0,0.0,0.82614453125,1.11545915,9.100826972010177,829
gentd26,image_conditioned,test,no_budget_horizon,144,1700000948,1,1700100951,104,-263.4551501437246,-155.68517445719806,0.8449895486300846,0.421875,144.0,0.0,3510.0296437659026,268.5159669211196,0.7888805937500001,1.4074413499999998,9.100826972010177,829
gentd26,image_conditioned,test,no_budget_horizon,144,1700000948,2,1700200954,239,-143.42443627047896,-93.29663999697036,0.985595320027529,0.484375,144.0,0.0,1971.1571246819333,22.367938931297708,0.68796996875,1.1012728499999995,9.100826972010177,829
gentd26,image_conditioned,test,no_budget_horizon,144,1700000948,3,1700300957,463,-5.12,-3.795228099795501,0.0,0.0,0.0,0.0,0.0,0.0,0.882821046875,1.41745325,9.100826972010177,829
gentd26,image_conditioned,test,no_budget_horizon,144,1700000948,4,1700400960,440,-2.12,-1.23920746025111,1.0,0.0,6.0,0.0,0.0,0.0,0.894872390625,1.22865455,9.100826972010177,829
gentd26,txt2img,test,no_budget_horizon,144,1700000948,0,1701000951,95,-345.5949995116614,-201.7680523655868,0.8241734116444239,0.515625,144.0,0.0,4768.580850946743,269.96295647999705,0.60496978125,0.7756339,5.885345598073498,829
gentd26,txt2img,test,no_budget_horizon,144,1700000948,1,1701100954,117,-51.08447230024146,-51.05477609025768,0.9999999999999998,0.234375,138.0,0.0,1266.873698802436,0.0,0.886988203125,1.7897790999999998,5.885345598073498,829
gentd26,txt2img,test,no_budget_horizon,144,1700000948,2,1701200957,577,15.860003709895793,13.82061289276778,1.0,0.0,5.0,0.0,10.372453299439195,0.0,0.7335961875,0.7660103500000001,5.885345598073498,829
gentd26,txt2img,test,no_budget_horizon,144,1700000948,3,1701300960,291,9.5669487031684,9.160327127380995,1.0000000000000002,0.0,2.0,0.0,5.46433276577913,0.0,1.4440304375,1.8233299,5.885345598073498,829
gentd26,txt2img,test,no_budget_horizon,144,1700000948,4,1701400963,254,-196.14319871470263,-167.94400841327734,1.0,0.453125,138.0,0.0,3574.5539652213965,0.0,1.739188796875,1.83063365,5.885345598073498,829
gentd26,image_conditioned,test,no_budget_horizon,48,1700000939,0,1700000939,66,-1223.2235965263408,-767.5857880968139,0.4108528573409029,0.65625,48.0,0.0,16171.436641221377,495.0,0.72135765625,1.1175327,9.100826972010177,820
gentd26,image_conditioned,test,no_budget_horizon,48,1700000939,1,1700100942,73,-1488.4391451697124,-968.3873081120024,0.365007386795565,0.765625,48.0,0.0,19661.43664122137,500.0,0.305435390625,0.5425457499999999,9.100826972010177,820
gentd26,image_conditioned,test,no_budget_horizon,48,1700000939,2,1700200945,182,8.153160305343512,4.075854434575395,1.0,0.0,37.0,0.0,12.170992366412214,0.0,0.518874125,0.54135375,9.100826972010177,820
gentd26,image_conditioned,test,no_budget_horizon,48,1700000939,3,1700300948,574,-1.1199999999999997,-0.6655502062416275,1.0,0.0,10.0,0.0,0.0,0.0,0.517268796875,0.5428446499999999,9.100826972010177,820
gentd26,image_conditioned,test,no_budget_horizon,48,1700000939,4,1700400951,217,-869.7531354798787,-515.821725382796,0.3898637406352618,0.4375,48.0,0.0,11496.904580152672,495.0,0.381770671875,0.54642315,9.100826972010177,820
gentd26,txt2img,test,no_budget_horizon,48,1700000939,0,1701000942,528,34.47992202760064,25.005151420867666,1.0,0.0,17.0,0.0,0.0,0.0,0.523272046875,0.5647924499999999,5.885345598073498,820
gentd26,txt2img,test,no_budget_horizon,48,1700000939,1,1701100945,43,-110.31048417555016,-62.200231472912776,0.7880791800485439,0.21875,48.0,0.0,1339.4075390558164,121.80024164150456,0.4821705,0.5723831999999999,5.885345598073498,820
gentd26,txt2img,test,no_budget_horizon,48,1700000939,2,1701200948,172,8.196837166624656,4.907597157305129,0.997005988023952,0.0,40.0,0.0,37.99961013800312,0.9499902534500748,0.5256288437500001,0.5507244,5.885345598073498,820
gentd26,txt2img,test,no_budget_horizon,48,1700000939,3,1701300951,160,6.729970760350239,6.778798942324167,1.0,0.0,1.0,0.0,0.0,0.0,0.517223703125,0.54697995,5.885345598073498,820
gentd26,txt2img,test,no_budget_horizon,48,1700000939,4,1701400954,164,7.729970760350239,6.297139362743622,1.0,0.0,10.0,0.0,0.0,0.0,0.51162821875,0.5310107000000001,5.885345598073498,820
gentd26,image_conditioned,test,no_budget_horizon,48,1700000940,0,1700000940,545,-0.1199999999999996,-0.6138769201016279,1.0,0.0,11.0,0.0,0.0,0.0,1.06750684375,1.1022831,9.100826972010177,821
gentd26,image_conditioned,test,no_budget_horizon,48,1700000940,1,1700100943,2,0.9777096249085536,1.7687670280809364,1.0,0.0,22.0,0.0,15.31603053435115,0.0,1.108693734375,1.1417269,9.100826972010177,821
gentd26,image_conditioned,test,no_budget_horizon,48,1700000940,2,1700200946,388,-146.82342714092553,-103.26443475659345,0.989622458087722,0.453125,48.0,0.0,1487.715712468193,7.170992366412213,0.6253893593750001,1.10954155,9.100826972010177,821
gentd26,image_conditioned,test,no_budget_horizon,48,1700000940,3,1700300949,157,3.780890879979809,4.6508382419146495,1.0,0.0,26.0,0.0,18.461068702290085,0.0,0.52995771875,0.5556635999999999,9.100826972010177,821
gentd26,image_conditioned,test,no_budget_horizon,48,1700000940,4,1700400952,155,4.780890879979808,5.4727615217146175,1.0,0.0,28.0,0.0,18.461068702290085,0.0,0.5376119374999999,0.5908367999999999,9.100826972010177,821
gentd26,txt2img,test,no_budget_horizon,48,1700000940,0,1701000943,125,-924.9890141459152,-628.2584917443567,0.7780909997891616,0.84375,48.0,0.0,11545.679591453803,181.11017098896323,0.2564379062499999,0.54665685,5.885345598073498,821
gentd26,txt2img,test,no_budget_horizon,48,1700000940,1,1701100946,518,30.32989278795088,22.402496641131897,1.0,0.0,9.0,0.0,0.0,0.0,0.528919546875,0.5576135,5.885345598073498,821
gentd26,txt2img,test,no_budget_horizon,48,1700000940,2,1701200949,118,-1657.193532081101,-1126.6635923111944,0.5902198034775175,0.953125,48.0,0.0,21612.597638550196,419.39949317940415,0.246475390625,0.5437944999999998,5.885345598073498,821
gentd26,txt2img,test,no_budget_horizon,48,1700000940,3,1701300952,500,22.529931774150555,15.188606318320048,1.0,0.0,5.0,0.0,0.0,0.0,0.551205328125,0.6113930499999999,5.885345598073498,821
gentd26,txt2img,test,no_budget_horizon,48,1700000940,4,1701400955,582,14.67996101380032,13.373550169237314,1.0,0.0,8.0,0.0,0.0,0.0,0.88525928125,1.13327955,5.885345598073498,821
gentd26,image_conditioned,test,no_budget_horizon,48,1700000941,0,1700000941,459,-5.684556489699983,-4.385094010652727,1.0,0.015625,0.0,0.0,9.341984732824423,0.0,0.942829140625,1.3258789999999998,9.100826972010177,822
gentd26,image_conditioned,test,no_budget_horizon,48,1700000941,1,1700100944,13,-3.12,-2.0534348836672525,1.0,0.0,5.0,0.0,0.0,0.0,0.989534078125,1.3038201499999995,9.100826972010177,822
gentd26,image_conditioned,test,no_budget_horizon,48,1700000941,2,1700200947,76,-1600.248840077979,-1057.8795056589918,0.372053529167085,0.8125,48.0,0.0,21131.43664122137,485.0,0.992229546875,1.9265321,9.100826972010177,822
gentd26,image_conditioned,test,no_budget_horizon,48,1700000941,3,1700300950,41,-287.7731441160974,-161.57116266412277,0.5975465873405442,0.265625,48.0,0.0,3870.157251908396,415.5801526717556,1.1305807812500002,1.7835258499999995,9.100826972010177,822
gentd26,image_conditioned,test,no_budget_horizon,48,1700000941,4,1700400953,170,1.1531603053435115,0.1503190458735416,1.0000000000000002,0.0,23.0,0.0,12.170992366412214,0.0,1.74053159375,1.84779645,9.100826972010177,822
gentd26,txt2img,test,no_budget_horizon,48,1700000941,0,1701000944,489,17.545768926814883,10.575678360357095,0.9999999999999998,0.0,1.0,0.0,11.621722308195173,0.0,0.793985296875,1.13743135,5.885345598073498,822
gentd26,txt2img,test,no_budget_horizon,48,1700000941,1,1701100947,192,-105.34050847806472,-59.67057227324207,0.7417099065561403,0.28125,48.0,0.0,1154.3768099077995,169.56628781097797,1.4300636562499998,1.77738525,5.885345598073498,822
gentd26,txt2img,test,no_budget_horizon,48,1700000941,2,1701200950,105,-1655.7943655596496,-1102.1401285455077,0.439561061502394,0.796875,48.0,0.0,21716.7870098712,474.8995906449033,0.83403296875,1.787129,5.885345598073498,822
gentd26,txt2img,test,no_budget_horizon,48,1700000941,3,1701300953,584,11.910013456445714,11.001486558816062,0.9999999999999998,0.0,4.0,0.0,10.372453299439195,0.0,1.351152734375,1.8540586,5.885345598073498,822
gentd26,txt2img,test,no_budget_horizon,48,1700000941,4,1701400956,34,-25.97266370140976,-13.943548078970386,0.8759717078839288,0.09375,48.0,0.0,434.5025844933047,60.91587069842308,1.6167809375,1.80756495,5.885345598073498,822
gentd26,image_conditioned,test,no_budget_horizon,48,1700000942,0,1700000942,156,4.780890879979808,5.566377578497548,0.9999999999999998,0.0,28.0,0.0,18.461068702290085,0.0,0.7577726250000001,0.8949130999999998,9.100826972010177,823
gentd26,image_conditioned,test,no_budget_horizon,48,1700000942,1,1700100945,579,-3.0255448256887925,-2.1532607649271998,1.0,0.015625,8.0,0.0,30.964631043256983,0.0,0.970323921875,1.15878305,9.100826972010177,823
gentd26,image_conditioned,test,no_budget_horizon,48,1700000942,2,1700200948,517,-3.12,-2.388999467926474,1.0,0.0,2.0,0.0,0.0,0.0,0.7790351718749999,0.8968278999999998,9.100826972010177,823
gentd26,image_conditioned,test,no_budget_horizon,48,1700000942,3,1700300951,290,-0.1199999999999992,0.8638244381068716,1.0,0.0,6.0,0.0,0.0,0.0,0.8203656562499999,0.91067585,9.100826972010177,823
gentd26,image_conditioned,test,no_budget_horizon,48,1700000942,4,1700400954,476,-5.12,-3.795228099795501,0.0,0.0,0.0,0.0,0.0,0.0,0.7794525468750001,0.9467397999999996,9.100826972010177,823
gentd26,txt2img,test,no_budget_horizon,48,1700000942,0,1701000945,525,28.683842329467204,20.862060311523795,1.0,0.0,8.0,0.0,25.029550445357632,0.0,0.78913146875,0.9173226999999998,5.885345598073498,823
gentd26,txt2img,test,no_budget_horizon,48,1700000942,1,1701100948,503,21.445749433715044,14.925104553082004,1.0,0.0,1.0,0.0,11.621722308195173,0.0,0.728461328125,0.76518525,5.885345598073498,823
gentd26,txt2img,test,no_budget_horizon,48,1700000942,2,1701200951,490,17.54576892681488,10.720839031671767,0.9999999999999998,0.0,1.0,0.0,11.621722308195174,0.0,0.74658525,0.8348236499999998,5.885345598073498,823
gentd26,txt2img,test,no_budget_horizon,48,1700000942,3,1701300954,13,13.721031803559525,13.164232250471786,1.0,0.0,1.0,0.0,4.699746589702073,0.0,0.743983375,0.8009812499999999,5.885345598073498,823
gentd26,txt2img,test,no_budget_horizon,48,1700000942,4,1701400957,469,6.57994152070048,4.546898212906409,1.0,0.0,0.0,0.0,0.0,0.0,0.77447871875,0.9230948999999996,5.885345598073498,823
gentd26,image_conditioned,test,no_budget_horizon,48,1700000943,0,1700000943,531,-2.12,-1.6456343154698605,1.0,0.0,6.0,0.0,0.0,0.0,0.74254,0.7994507000000001,9.100826972010177,824
gentd26,image_conditioned,test,no_budget_horizon,48,1700000943,1,1700100946,420,-0.1199999999999998,0.1074126950244427,1.0,0.0,8.0,0.0,0.0,0.0,0.7941073125,0.9224276,9.100826972010177,824
gentd26,image_conditioned,test,no_budget_horizon,48,1700000943,2,1700200949,396,3.5925217682853243,3.7548398303233,0.9870556137353248,0.015625,48.0,0.0,113.97404580152671,7.170992366412213,1.279035171875,2.0618098,9.100826972010177,824
gentd26,image_conditioned,test,no_budget_horizon,48,1700000943,3,1700300952,172,1.3053203685736072,-0.2305194703031771,1.0,0.0,26.0,0.0,23.66215012722646,0.0,0.933050359375,1.4096513,9.100826972010177,824
gentd26,image_conditioned,test,no_budget_horizon,48,1700000943,4,1700400955,302,-4.12,-2.899889845536784,1.0,0.0,1.0,0.0,0.0,0.0,1.033739203125,1.4558485499999998,9.100826972010177,824
gentd26,txt2img,test,no_budget_horizon,48,1700000943,0,1701000946,552,22.84098547529168,17.169983215032318,1.0,0.0,6.0,0.0,18.7658414587734,0.0,0.95820828125,1.32989875,5.885345598073498,824
gentd26,txt2img,test,no_budget_horizon,48,1700000943,1,1701100949,495,18.49575918026496,11.973289989848356,1.0,0.0,1.0,0.0,11.621722308195173,0.0,0.89297471875,1.42084745,5.885345598073498,824
gentd26,txt2img,test,no_budget_horizon,48,1700000943,2,1701200952,61,-566.8980015828029,-332.9613726087169,0.4733752196516562,0.515625,48.0,0.0,7180.819131217733,500.0,0.53870971875,0.8661406499999998,5.885345598073498,824
gentd26,txt2img,test,no_budget_horizon,48,1700000943,3,1701300955,248,-1657.5764214682647,-1117.2133740565848,0.5211175530949987,0.875,48.0,0.0,21751.715327477454,426.7493664742553,0.82619375,1.7724634,5.885345598073498,824
gentd26,txt2img,test,no_budget_horizon,48,1700000943,4,1701400958,405,34.32915429778135,26.5253011841564,1.0,0.0,18.0,0.0,60.01054135786013,0.0,0.77071740625,0.9142357999999996,5.885345598073498,824
gentd26,image_conditioned,test,no_budget_horizon,48,1700000944,0,1700000944,364,-146.89646388182578,-85.17867055758671,0.9159863261093912,0.359375,48.0,0.0,1634.2758269720102,62.14446564885495,0.596908890625,0.8630867999999999,9.100826972010177,825
gentd26,image_conditioned,test,no_budget_horizon,48,1700000944,1,1700100947,217,-908.8163393251482,-541.8908387615259,0.3653782164723547,0.453125,48.0,0.0,11994.948218829515,495.0,0.5087751249999999,0.77286265,9.100826972010177,825
gentd26,image_conditioned,test,no_budget_horizon,48,1700000944,2,1700200950,21,-3.12,-2.3868015338414192,1.0,0.0,8.0,0.0,0.0,0.0,0.7525219375,0.8448616499999999,9.100826972010177,825
gentd26,image_conditioned,test,no_budget_horizon,48,1700000944,3,1700300953,115,-1105.8216826401024,-690.7594049531422,0.5866945748936642,0.671875,48.0,0.0,14370.393956743002,460.0,0.412223203125,0.8007422,9.100826972010177,825
gentd26,image_conditioned,test,no_budget_horizon,48,1700000944,4,1700400956,189,6.735756182349941,3.9462903557663753,0.9292386132668145,0.015625,48.0,0.0,51.14917302798983,38.97818066157761,0.737701703125,0.8217006999999997,9.100826972010177,825
gentd26,txt2img,test,no_budget_horizon,48,1700000944,0,1701000947,139,7.369325832483637,6.389986356049256,1.0,0.078125,48.0,0.0,77.94483635078555,0.0,0.3426511875,0.7568857,5.885345598073498,825
gentd26,txt2img,test,no_budget_horizon,48,1700000944,1,1701100950,105,-1669.5761382391977,-1113.1847889866417,0.4305897728043772,0.796875,48.0,0.0,21896.290187113867,474.8995906449033,0.34220175,0.76070575,5.885345598073498,825
gentd26,txt2img,test,no_budget_horizon,48,1700000944,2,1701200953,310,0.7299707603502401,1.328943762589411,1.0,0.0,0.0,0.0,0.0,0.0,0.7779124531249999,0.8812850999999999,5.885345598073498,825
gentd26,txt2img,test,no_budget_horizon,48,1700000944,3,1701300956,125,-865.3719286277433,-587.2481901399931,0.7980779457378798,0.828125,48.0,0.0,10752.239613128271,164.7979024695238,0.374458453125,0.7958654,5.885345598073498,825
gentd26,txt2img,test,no_budget_horizon,48,1700000944,4,1701400959,459,7.456757459892851,5.940673691645675,1.0,0.0,0.0,0.0,0.6999415207004782,0.0,1.0780573125,1.1308802,5.885345598073498,825
gentd26,image_conditioned,test,no_budget_horizon,48,1700000945,0,1700000945,503,-3.12,-2.573572864063435,1.0,0.0,2.0,0.0,0.0,0.0,0.730721078125,0.7793186499999999,9.100826972010177,826
gentd26,image_conditioned,test,no_budget_horizon,48,1700000945,1,1700100948,369,-173.37993231081953,-103.74008936681469,0.9497840557275542,0.4375,48.0,0.0,1869.9981552162849,37.14446564885495,1.21686234375,1.78315275,9.100826972010177,826
gentd26,image_conditioned,test,no_budget_horizon,48,1700000945,2,1700200951,532,-1.1199999999999997,-1.0930157039862056,1.0,0.0,10.0,0.0,0.0,0.0,0.72708128125,0.7891218,9.100826972010177,826
gentd26,image_conditioned,test,no_budget_horizon,48,1700000945,3,1700300954,499,-3.12,-2.6217109547556694,1.0,0.0,2.0,0.0,0.0,0.0,0.804526015625,1.091046949999999,9.100826972010177,826
gentd26,image_conditioned,test,no_budget_horizon,48,1700000945,4,1700400957,406,3.1531603053435124,2.644823440660642,1.0,0.0,19.0,0.0,12.170992366412214,0.0,1.75676290625,1.8557096,9.100826972010177,826
gentd26,txt2img,test,no_budget_horizon,48,1700000945,0,1701000948,537,30.80681288140609,22.40168037611079,1.0,0.0,7.0,0.0,30.387563766968576,0.0,1.74397990625,1.8100748,5.885345598073498,826
gentd26,txt2img,test,no_budget_horizon,48,1700000945,1,1701100951,280,18.32492278936052,16.160832261792066,1.0,0.0,10.0,0.0,13.509882636952272,0.0,1.0113512187499998,1.7128811,5.885345598073498,826
gentd26,txt2img,test,no_budget_horizon,48,1700000945,2,1701200954,216,-925.877439690054,-560.1403449889652,0.3833797945934382,0.65625,48.0,0.0,11887.80752387242,498.7999610138003,0.875647203125,1.82427085,5.885345598073498,826
gentd26,txt2img,test,no_budget_horizon,48,1700000945,3,1701300957,257,-1636.8967322512744,-1135.8362463120698,0.6505369054846628,0.9375,48.0,0.0,21274.242295252843,354.0072005123903,0.822873109375,1.945788,5.885345598073498,826
gentd26,txt2img,test,no_budget_horizon,48,1700000945,4,1701400960,479,10.45675745989285,5.669091760230703,1.0,0.0,1.0,0.0,0.6999415207004782,0.0,1.849412671875,1.98287135,5.885345598073498,826
gentd26,image_conditioned,test,no_budget_horizon,48,1700000946,0,1700000946,118,-1161.1325886274524,-732.1444495623086,0.6093393920273599,0.703125,48.0,0.0,15070.871246819335,445.0,0.28626921875,0.54819725,9.100826972010177,827
gentd26,image_conditioned,test,no_budget_horizon,48,1700000946,1,1700100949,195,-64.24904249388943,-33.792301546070306,0.6772838377952013,0.09375,48.0,0.0,917.4339694656488,279.0041348600509,0.493772921875,0.535006,9.100826972010177,827
gentd26,image_conditioned,test,no_budget_horizon,48,1700000946,2,1700200952,470,-5.12,-3.795228099795501,0.0,0.0,0.0,0.0,0.0,0.0,0.548215125,0.6306599999999999,9.100826972010177,827
gentd26,image_conditioned,test,no_budget_horizon,48,1700000946,3,1700300955,235,-1332.3328686714033,-846.2513618524194,0.4605163234882323,0.625,48.0,0.0,17614.022264631043,470.0,0.4836486875,0.85613485,9.100826972010177,827
gentd26,image_conditioned,test,no_budget_horizon,48,1700000946,4,1700400958,490,-4.12,-3.208191317858016,1.0,0.0,1.0,0.0,0.0,0.0,0.628271078125,1.17169165,9.100826972010177,827
gentd26,txt2img,test,no_budget_horizon,48,1700000946,0,1701000949,67,-818.7997411958095,-492.7678079520174,0.4047086935865205,0.59375,48.0,0.0,10517.780161925331,500.0,0.496611078125,0.5506375499999999,5.885345598073498,827
gentd26,txt2img,test,no_budget_horizon,48,1700000946,1,1701100952,442,12.679961013800318,11.440839562631636,1.0,0.0,4.0,0.0,0.0,0.0,0.525104671875,0.54510625,5.885345598073498,827
gentd26,txt2img,test,no_budget_horizon,48,1700000946,2,1701200955,39,-71.19966118169764,-39.661187829511206,0.8023504513348237,0.15625,48.0,0.0,904.8557245399552,106.6506022638516,0.483676078125,0.5427716,5.885345598073498,827
gentd26,txt2img,test,no_budget_horizon,48,1700000946,3,1701300958,70,-932.771134996532,-568.8566307190208,0.3946478332344293,0.640625,48.0,0.0,12017.780161925331,500.0,0.313115796875,0.5278190500000001,5.885345598073498,827
gentd26,txt2img,test,no_budget_horizon,48,1700000946,4,1701400961,356,38.67996101380032,25.52823054429851,1.0,0.0,25.0,0.0,0.0,0.0,0.532062078125,0.56436175,5.885345598073498,827
gentd26,image_conditioned,test,no_budget_horizon,48,1700000947,0,1700000947,352,-79.7311079580177,-43.99271071425736,0.8088638897749275,0.1875,48.0,0.0,976.7183206106868,139.05604325699744,0.996052875,1.14330415,9.100826972010177,828
gentd26,image_conditioned,test,no_budget_horizon,48,1700000947,1,1700100950,37,-163.23274507122676,-90.87577485234306,0.6221783457325958,0.203125,48.0,0.0,2250.862595419847,362.5541984732824,0.496443578125,0.55078865,9.100826972010177,828
gentd26,image_conditioned,test,no_budget_horizon,48,1700000947,2,1700200953,483,-4.12,-3.24807145740474,1.0,0.0,1.0,0.0,0.0,0.0,0.55793615625,0.6933174999999999,9.100826972010177,828
gentd26,image_conditioned,test,no_budget_horizon,48,1700000947,3,1700300956,408,3.1531603053435124,2.775582573050273,1.0,0.0,19.0,0.0,12.170992366412214,0.0,0.539364359375,0.59574985,9.100826972010177,828
gentd26,image_conditioned,test,no_budget_horizon,48,1700000947,4,1700400959,43,-354.01906994407364,-200.1235760028746,0.5932460696684134,0.296875,48.0,0.0,4735.001526717556,429.92213740458,0.480953296875,0.5708125,9.100826972010177,828
gentd26,txt2img,test,no_budget_horizon,48,1700000947,0,1701000950,97,-1443.5921376592737,-928.678353060962,0.3888950620313386,0.703125,48.0,0.0,19012.11612749018,494.9497953224516,0.301130578125,0.5790135499999999,5.885345598073498,828
gentd26,txt2img,test,no_budget_horizon,48,1700000947,1,1701100953,316,1.7299707603502397,0.7010139478332233,1.0,0.0,1.0,0.0,0.0,0.0,0.5371415625,0.5755659,5.885345598073498,828
gentd26,txt2img,test,no_budget_horizon,48,1700000947,2,1701200956,590,7.679961013800318,7.522363618571832,1.0,0.0,1.0,0.0,0.0,0.0,0.5204485625,0.5501806499999999,5.885345598073498,828
gentd26,txt2img,test,no_budget_horizon,48,1700000947,3,1701300959,509,25.3799025345008,18.550968195462204,1.0,0.0,5.0,0.0,0.0,0.0,0.54501534375,0.60334145,5.885345598073498,828
gentd26,txt2img,test,no_budget_horizon,48,1700000947,4,1701400962,178,-19.841338138403597,-10.623949663981204,0.8484973337733974,0.0625,48.0,0.0,324.5574071790303,71.25131379514745,0.50956303125,0.5648502,5.885345598073498,828
gentd26,image_conditioned,test,no_budget_horizon,48,1700000948,0,1700000948,468,-5.12,-3.795228099795501,0.0,0.0,0.0,0.0,0.0,0.0,0.733092578125,0.77446345,9.100826972010177,829
gentd26,image_conditioned,test,no_budget_horizon,48,1700000948,1,1700100951,104,-1525.2056323249883,-1002.8382589274936,0.4493319349209427,0.875,48.0,0.0,19875.41679389313,480.0,0.579192328125,0.7994751999999998,9.100826972010177,829
gentd26,image_conditioned,test,no_budget_horizon,48,1700000948,2,1700200954,239,-1400.0279392717823,-900.7501853723834,0.4950273244191,0.6875,48.0,0.0,18464.03982188295,462.1709923664122,0.6219210625,0.8624904499999998,9.100826972010177,829
gentd26,image_conditioned,test,no_budget_horizon,48,1700000948,3,1700300957,463,-5.12,-3.795228099795501,0.0,0.0,0.0,0.0,0.0,0.0,1.589213859375,1.7588788,9.100826972010177,829
gentd26,image_conditioned,test,no_budget_horizon,48,1700000948,4,1700400960,440,-2.12,-1.23920746025111,1.0,0.0,6.0,0.0,0.0,0.0,0.770917859375,0.8356706499999998,9.100826972010177,829
gentd26,txt2img,test,no_budget_horizon,48,1700000948,0,1701000951,95,-1399.5455840876102,-894.6389665503422,0.3871852145574751,0.6875,48.0,0.0,18436.82901965621,495.4498927879508,0.435857234375,0.8138519999999999,5.885345598073498,829
gentd26,txt2img,test,no_budget_horizon,48,1700000948,1,1701100954,117,-1669.258784413013,-1134.1387967423984,0.5695077211103066,0.9375,48.0,0.0,21780.38825083244,424.39949317940415,0.59036928125,1.6970963,5.885345598073498,829
gentd26,txt2img,test,no_budget_horizon,48,1700000948,2,1701200957,577,15.860003709895793,13.82061289276778,1.0,0.0,5.0,0.0,10.372453299439195,0.0,1.524595078125,1.8303001,5.885345598073498,829
gentd26,txt2img,test,no_budget_horizon,48,1700000948,3,1701300960,291,9.5669487031684,9.160327127380995,1.0000000000000002,0.0,2.0,0.0,5.46433276577913,0.0,1.63509075,1.86367755,5.885345598073498,829
gentd26,txt2img,test,no_budget_horizon,48,1700000948,4,1701400963,254,-1794.8755583287573,-1244.9098704573332,0.5716957259447418,0.96875,48.0,0.0,23485.201443285023,403.3992982484058,0.679277921875,1.0218336999999995,5.885345598073498,829
gentd26,image_conditioned,test,no_budget_horizon,72,1700000939,0,1700000939,66,-971.143470396466,-594.2074877088011,0.5559752085397316,0.65625,72.0,0.0,13050.52671755725,495.0,0.612459609375,1.0985062,9.100826972010177,820
gentd26,image_conditioned,test,no_budget_horizon,72,1700000939,1,1700100942,73,-1236.3590190398377,-782.3721314107718,0.488128774078802,0.765625,72.0,0.0,16540.52671755725,500.0,0.67945834375,1.1345382999999998,9.100826972010177,820
gentd26,image_conditioned,test,no_budget_horizon,72,1700000939,2,1700200945,182,8.153160305343512,4.075854434575395,1.0,0.0,37.0,0.0,12.170992366412214,0.0,0.6839206718749999,1.17393745,9.100826972010177,820
gentd26,image_conditioned,test,no_budget_horizon,72,1700000939,3,1700300948,574,-1.1199999999999997,-0.6655502062416275,1.0,0.0,10.0,0.0,0.0,0.0,0.531099671875,0.5587033,9.100826972010177,820
gentd26,image_conditioned,test,no_budget_horizon,72,1700000939,4,1700400951,217,-646.00115674315,-371.3158295711255,0.5317177020649775,0.34375,72.0,0.0,8682.64134860051,495.0,0.959670265625,1.2881566999999998,9.100826972010177,820
gentd26,txt2img,test,no_budget_horizon,72,1700000939,0,1701000942,528,34.47992202760064,25.005151420867666,1.0,0.0,17.0,0.0,0.0,0.0,0.6631311093750001,1.07287635,5.885345598073498,820
gentd26,txt2img,test,no_budget_horizon,72,1700000939,1,1701100945,43,-1.398826122671187,-1.5687381289793163,0.9999999999999998,0.046875,70.0,0.0,281.197115021223,0.0,1.063382515625,1.09169505,5.885345598073498,820
gentd26,txt2img,test,no_budget_horizon,72,1700000939,2,1701200948,172,8.196837166624656,4.907597157305129,0.997005988023952,0.0,40.0,0.0,37.99961013800312,0.9499902534500748,1.1018983593749998,1.12726235,5.885345598073498,820
gentd26,txt2img,test,no_budget_horizon,72,1700000939,3,1701300951,160,6.729970760350239,6.778798942324167,1.0,0.0,1.0,0.0,0.0,0.0,1.058017671875,1.0875962499999998,5.885345598073498,820
gentd26,txt2img,test,no_budget_horizon,72,1700000939,4,1701400954,164,7.729970760350239,6.297139362743622,1.0,0.0,10.0,0.0,0.0,0.0,0.83294128125,1.2560007,5.885345598073498,820
gentd26,image_conditioned,test,no_budget_horizon,72,1700000940,0,1700000940,545,-0.1199999999999996,-0.6138769201016279,1.0,0.0,11.0,0.0,0.0,0.0,0.5428073906249999,0.7835016499999992,9.100826972010177,821
gentd26,image_conditioned,test,no_budget_horizon,72,1700000940,1,1700100943,2,0.9777096249085536,1.7687670280809364,1.0,0.0,22.0,0.0,15.31603053435115,0.0,0.539579203125,0.58199895,9.100826972010177,821
gentd26,image_conditioned,test,no_budget_horizon,72,1700000940,2,1700200946,388,9.068890303961718,7.977632604989332,1.0,0.0,61.0,0.0,134.29007633587787,0.0,0.517813875,0.5588814499999999,9.100826972010177,821
gentd26,image_conditioned,test,no_budget_horizon,72,1700000940,3,1700300949,157,3.780890879979809,4.6508382419146495,1.0,0.0,26.0,0.0,18.461068702290085,0.0,0.536636703125,0.5881436,9.100826972010177,821
gentd26,image_conditioned,test,no_budget_horizon,72,1700000940,4,1700400952,155,4.780890879979808,5.4727615217146175,1.0,0.0,28.0,0.0,18.461068702290085,0.0,0.53075246875,0.5594794499999999,9.100826972010177,821
gentd26,txt2img,test,no_budget_horizon,72,1700000940,0,1701000943,125,-442.6345319318575,-300.0806114368631,0.9469286222810628,0.75,72.0,0.0,5116.800712393236,43.31399936083848,0.29311028125,0.53753425,5.885345598073498,821
gentd26,txt2img,test,no_budget_horizon,72,1700000940,1,1701100946,518,30.32989278795088,22.402496641131897,1.0,0.0,9.0,0.0,0.0,0.0,0.550567734375,0.6004669499999999,5.885345598073498,821
gentd26,txt2img,test,no_budget_horizon,72,1700000940,2,1701200949,118,-1115.7110369748634,-747.8775410092294,0.7426874836087886,0.953125,72.0,0.0,14302.319810161083,286.0537054791525,0.4659415,1.0925444,5.885345598073498,821
gentd26,txt2img,test,no_budget_horizon,72,1700000940,3,1701300952,500,22.529931774150555,15.188606318320048,1.0,0.0,5.0,0.0,0.0,0.0,0.553109171875,0.59828695,5.885345598073498,821
gentd26,txt2img,test,no_budget_horizon,72,1700000940,4,1701400955,582,14.67996101380032,13.373550169237314,1.0,0.0,8.0,0.0,0.0,0.0,0.6456078749999999,1.1643104,5.885345598073498,821
gentd26,image_conditioned,test,no_budget_horizon,72,1700000941,0,1700000941,459,-4.12,-2.795228099795501,1.0,0.0,1.0,0.0,0.0,0.0,0.54837321875,0.6001059999999998,9.100826972010177,822
gentd26,image_conditioned,test,no_budget_horizon,72,1700000941,1,1700100944,13,-3.12,-2.0534348836672525,1.0,0.0,5.0,0.0,0.0,0.0,0.5300325,0.5608333499999999,9.100826972010177,822
gentd26,image_conditioned,test,no_budget_horizon,72,1700000941,2,1700200947,76,-1348.168713948104,-866.1703761007517,0.495174916450322,0.8125,72.0,0.0,18010.52671755725,485.0,0.629879078125,1.0778496,9.100826972010177,822
gentd26,image_conditioned,test,no_budget_horizon,72,1700000941,3,1700300950,41,-137.80638650307668,-79.13016681770463,0.8513714508755639,0.265625,72.0,0.0,2166.4824427480908,153.4763358778625,0.79712746875,1.11600095,9.100826972010177,822
gentd26,image_conditioned,test,no_budget_horizon,72,1700000941,4,1700400953,170,1.1531603053435115,0.1503190458735416,1.0000000000000002,0.0,23.0,0.0,12.170992366412214,0.0,0.52928678125,0.5536091,9.100826972010177,822
gentd26,txt2img,test,no_budget_horizon,72,1700000941,0,1701000944,489,19.57994152070048,11.752003117260566,1.0,0.0,5.0,0.0,0.0,0.0,0.5265652187500001,0.54830275,5.885345598073498,822
gentd26,txt2img,test,no_budget_horizon,72,1700000941,1,1701100947,192,7.504339621944615,5.243243391343755,0.8807825152602814,0.03125,72.0,0.0,215.9397353248121,78.26574399327421,1.0173768281250002,1.3236797999999996,5.885345598073498,822
gentd26,txt2img,test,no_budget_horizon,72,1700000941,2,1701200950,105,-1445.4795749358798,-937.108339451286,0.5374296654807602,0.75,72.0,0.0,19013.68986809669,474.8995906449033,0.638356421875,1.1622471,5.885345598073498,822
gentd26,txt2img,test,no_budget_horizon,72,1700000941,3,1701300953,584,13.679961013800318,12.712044901972495,1.0,0.0,8.0,0.0,0.0,0.0,1.105990578125,1.14448725,5.885345598073498,822
gentd26,txt2img,test,no_budget_horizon,72,1700000941,4,1701400956,34,-8.348816376121265,-4.291797482338124,0.9903288201160544,0.046875,58.0,0.0,281.197115021223,4.749951267250296,1.117263578125,1.2476859,5.885345598073498,822
gentd26,image_conditioned,test,no_budget_horizon,72,1700000942,0,1700000942,156,4.780890879979808,5.566377578497548,0.9999999999999998,0.0,40.0,0.0,18.461068702290085,0.0,1.7484952968749998,1.836427,9.100826972010177,823
gentd26,image_conditioned,test,no_budget_horizon,72,1700000942,1,1700100945,579,-1.1199999999999997,-0.5042600251211441,1.0,0.0,10.0,0.0,0.0,0.0,1.3854406250000002,1.82218585,9.100826972010177,823
gentd26,image_conditioned,test,no_budget_horizon,72,1700000942,2,1700200948,517,-3.12,-2.388999467926474,1.0,0.0,2.0,0.0,0.0,0.0,0.74586334375,0.8141065999999999,9.100826972010177,823
gentd26,image_conditioned,test,no_budget_horizon,72,1700000942,3,1700300951,290,-0.1199999999999992,0.8638244381068716,1.0,0.0,6.0,0.0,0.0,0.0,0.7245405625,0.76083505,9.100826972010177,823
gentd26,image_conditioned,test,no_budget_horizon,72,1700000942,4,1700400954,476,-5.12,-3.795228099795501,0.0,0.0,0.0,0.0,0.0,0.0,1.0986125,1.85515225,9.100826972010177,823
gentd26,txt2img,test,no_budget_horizon,72,1700000942,0,1701000945,525,28.683842329467204,20.862060311523795,1.0,0.0,8.0,0.0,25.029550445357632,0.0,0.77513721875,0.8340619499999999,5.885345598073498,823
gentd26,txt2img,test,no_budget_horizon,72,1700000942,1,1701100948,503,21.445749433715044,14.925104553082004,1.0,0.0,1.0,0.0,11.621722308195173,0.0,0.7519723281249999,0.79566565,5.885345598073498,823
gentd26,txt2img,test,no_budget_horizon,72,1700000942,2,1701200951,490,17.54576892681488,10.720839031671767,0.9999999999999998,0.0,1.0,0.0,11.621722308195174,0.0,0.8036692968750001,1.1048038999999998,5.885345598073498,823
gentd26,txt2img,test,no_budget_horizon,72,1700000942,3,1701300954,13,13.721031803559525,13.164232250471786,1.0,0.0,1.0,0.0,4.699746589702073,0.0,1.052960109375,1.19921455,5.885345598073498,823
gentd26,txt2img,test,no_budget_horizon,72,1700000942,4,1701400957,469,6.57994152070048,4.546898212906409,1.0,0.0,0.0,0.0,0.0,0.0,0.74127553125,0.767068,5.885345598073498,823
gentd26,image_conditioned,test,no_budget_horizon,72,1700000943,0,1700000943,531,-2.12,-1.6456343154698605,1.0,0.0,6.0,0.0,0.0,0.0,1.711169359375,1.77476745,9.100826972010177,824
gentd26,image_conditioned,test,no_budget_horizon,72,1700000943,1,1700100946,420,-0.1199999999999998,0.1074126950244427,1.0,0.0,8.0,0.0,0.0,0.0,1.445138390625,1.7909938,9.100826972010177,824
gentd26,image_conditioned,test,no_budget_horizon,72,1700000943,2,1700200949,396,6.698020373709653,5.40356625358245,1.0,0.0,49.0,0.0,106.80305343511452,0.0,0.7736809375,0.88339485,9.100826972010177,824
gentd26,image_conditioned,test,no_budget_horizon,72,1700000943,3,1700300952,172,2.153160305343511,0.277299352347047,1.0,0.0,27.0,0.0,12.170992366412214,0.0,0.745125609375,0.79806285,9.100826972010177,824
gentd26,image_conditioned,test,no_budget_horizon,72,1700000943,4,1700400955,302,-4.12,-2.899889845536784,1.0,0.0,1.0,0.0,0.0,0.0,0.7620035000000001,0.8597187499999998,9.100826972010177,824
gentd26,txt2img,test,no_budget_horizon,72,1700000943,0,1701000946,552,25.183544159435463,18.88948959625436,1.0,0.0,10.0,0.0,1.3998830414009564,0.0,1.689273046875,1.75724325,5.885345598073498,824
gentd26,txt2img,test,no_budget_horizon,72,1700000943,1,1701100949,495,19.701693444883865,12.70967997175472,1.0,0.0,2.0,0.0,3.49970760350239,0.0,1.8709580312500005,1.9736807,5.885345598073498,824
gentd26,txt2img,test,no_budget_horizon,72,1700000943,2,1701200952,61,-306.3341336314702,-171.94582093395348,0.5902792028813508,0.3125,72.0,0.0,4079.0743250679934,483.4674241459836,0.69178578125,0.9177088,5.885345598073498,824
gentd26,txt2img,test,no_budget_horizon,72,1700000943,3,1701300955,248,-1508.5585507084006,-998.3033893680068,0.6532162189605762,0.875,72.0,0.0,19927.56031539704,426.42376324900937,0.427591703125,0.8164922,5.885345598073498,824
gentd26,txt2img,test,no_budget_horizon,72,1700000943,4,1701400958,405,41.97341850312854,32.786285011009,1.0,0.0,24.0,0.0,13.659522014605225,0.0,1.72163921875,2.0158008,5.885345598073498,824
gentd26,image_conditioned,test,no_budget_horizon,72,1700000944,0,1700000944,364,-111.12208089372196,-63.34426472236203,0.9365264017887858,0.28125,72.0,0.0,1280.3321246819337,46.951081424936376,1.124716296875,1.9290721,9.100826972010177,825
gentd26,image_conditioned,test,no_budget_horizon,72,1700000944,1,1700100947,217,-966.7016205459244,-582.2615343911466,0.3379427142166024,0.546875,72.0,0.0,12600.35165394402,495.0,1.202755328125,1.99629005,9.100826972010177,825
gentd26,image_conditioned,test,no_budget_horizon,72,1700000944,2,1700200950,21,-3.12,-2.3868015338414192,1.0,0.0,8.0,0.0,0.0,0.0,0.7454304375,0.8686370999999998,9.100826972010177,825
gentd26,image_conditioned,test,no_budget_horizon,72,1700000944,3,1700300953,115,-1011.9002240302492,-624.0480710474409,0.6172169746058852,0.59375,72.0,0.0,13228.27506361323,460.0,0.4270804375,0.82745825,9.100826972010177,825
gentd26,image_conditioned,test,no_budget_horizon,72,1700000944,4,1700400956,189,-21.7763197812996,-11.638342947688482,0.8403798272357723,0.109375,72.0,0.0,249.34910941475823,87.9251272264631,0.7298591249999999,0.8968703499999998,9.100826972010177,825
gentd26,txt2img,test,no_budget_horizon,72,1700000944,0,1701000947,139,20.411294859518136,17.38885950946255,1.0,0.015625,51.0,0.0,40.0866398669695,0.0,0.769593328125,0.9976502499999994,5.885345598073498,825
gentd26,txt2img,test,no_budget_horizon,72,1700000944,1,1701100950,105,-1427.1186243305715,-924.2191928196236,0.5480320975784165,0.765625,72.0,0.0,18722.56070360145,474.8995906449033,0.3782275312499999,0.75200545,5.885345598073498,825
gentd26,txt2img,test,no_budget_horizon,72,1700000944,2,1701200953,310,0.7299707603502401,1.328943762589411,1.0,0.0,0.0,0.0,0.0,0.0,0.7469681875,0.79606625,5.885345598073498,825
gentd26,txt2img,test,no_budget_horizon,72,1700000944,3,1701300956,125,-434.9461982083428,-299.168618715598,0.9552016337596876,0.796875,72.0,0.0,4963.106178384407,36.56201308689812,0.42339371875,0.8591505499999997,5.885345598073498,825
gentd26,txt2img,test,no_budget_horizon,72,1700000944,4,1701400959,459,7.456757459892851,5.940673691645675,1.0,0.0,0.0,0.0,0.6999415207004782,0.0,1.056418953125,1.3399013,5.885345598073498,825
gentd26,image_conditioned,test,no_budget_horizon,72,1700000945,0,1700000945,503,-3.12,-2.573572864063435,1.0,0.0,2.0,0.0,0.0,0.0,1.99539665625,2.0392339,9.100826972010177,826
gentd26,image_conditioned,test,no_budget_horizon,72,1700000945,1,1700100948,369,8.41832430504182,6.403125269852145,1.0,0.0,63.0,0.0,157.0523536895675,0.0,1.88619003125,2.01072555,9.100826972010177,826
gentd26,image_conditioned,test,no_budget_horizon,72,1700000945,2,1700200951,532,-1.1199999999999997,-1.0930157039862056,1.0,0.0,10.0,0.0,0.0,0.0,1.30663571875,1.45037465,9.100826972010177,826
gentd26,image_conditioned,test,no_budget_horizon,72,1700000945,3,1700300954,499,-3.12,-2.6217109547556694,1.0,0.0,2.0,0.0,0.0,0.0,0.8638820781250001,1.04833805,9.100826972010177,826
gentd26,image_conditioned,test,no_budget_horizon,72,1700000945,4,1700400957,406,3.1531603053435124,2.644823440660642,1.0,0.0,19.0,0.0,12.170992366412214,0.0,0.806557234375,0.9889043499999997,9.100826972010177,826
gentd26,txt2img,test,no_budget_horizon,72,1700000945,0,1701000948,537,33.78300875437137,24.67885753845569,1.0,0.0,10.0,0.0,10.822346087390072,0.0,0.7447212812499999,0.8086365999999998,5.885345598073498,826
gentd26,txt2img,test,no_budget_horizon,72,1700000945,1,1701100951,280,18.804205942198177,16.530286065160134,1.0,0.0,11.0,0.0,10.909960609351636,0.0,0.748920265625,0.8067533,5.885345598073498,826
gentd26,txt2img,test,no_budget_horizon,72,1700000945,2,1701200954,216,-706.8499618896561,-409.60911470462463,0.463761348448749,0.390625,72.0,0.0,9515.957144022184,498.7999610138003,0.547089953125,0.8226319499999998,5.885345598073498,826
gentd26,txt2img,test,no_budget_horizon,72,1700000945,3,1701300957,257,-1009.3771626773828,-702.0917994489323,0.8178591496709992,0.9375,72.0,0.0,12884.093610639267,184.50924728787356,0.7111597187500001,1.84871585,5.885345598073498,826
gentd26,txt2img,test,no_budget_horizon,72,1700000945,4,1701400960,479,10.45675745989285,5.669091760230703,1.0,0.0,1.0,0.0,0.6999415207004782,0.0,1.7723343593749998,1.8476113,5.885345598073498,826
gentd26,image_conditioned,test,no_budget_horizon,72,1700000946,0,1700000946,118,-1142.4577020003396,-719.0777588280214,0.6145104049820137,0.671875,72.0,0.0,14852.250381679389,445.0,0.544235578125,0.7882579999999999,9.100826972010177,827
gentd26,image_conditioned,test,no_budget_horizon,72,1700000946,1,1700100949,195,-661.3262468914968,-393.1992023176433,0.2464010736738009,0.4375,72.0,0.0,8386.077862595419,500.0,0.9426735625,1.98349095,9.100826972010177,827
gentd26,image_conditioned,test,no_budget_horizon,72,1700000946,2,1700200952,470,-5.12,-3.795228099795501,0.0,0.0,72.0,0.0,0.0,0.0,1.080409640625,1.8626000499999995,9.100826972010177,827
gentd26,image_conditioned,test,no_budget_horizon,72,1700000946,3,1700300955,235,-1297.169081093876,-819.8666774706904,0.4869883702355003,0.625,72.0,0.0,17160.37951653944,470.0,0.977719984375,1.86059495,9.100826972010177,827
gentd26,image_conditioned,test,no_budget_horizon,72,1700000946,4,1700400958,490,-5.684556489699983,-4.141501085879749,1.0,0.015625,72.0,0.0,9.341984732824423,0.0,0.8389883124999999,1.7498628,9.100826972010177,827
gentd26,txt2img,test,no_budget_horizon,72,1700000946,0,1701000949,67,-1217.6064646982818,-769.7115246636531,0.2650262864584329,0.671875,72.0,0.0,15782.807645372775,500.0,0.968114046875,1.84595695,5.885345598073498,827
gentd26,txt2img,test,no_budget_horizon,72,1700000946,1,1701100952,442,12.33357339908522,11.151642929220891,1.0,0.0,72.0,0.0,1.3998830414009564,0.0,0.5553086406250001,0.9620717499999998,5.885345598073498,827
gentd26,txt2img,test,no_budget_horizon,72,1700000946,2,1701200955,39,-424.60730216853,-242.29925644211323,0.2104356509660981,0.328125,72.0,0.0,5290.68386965879,426.0445516785946,0.386553890625,0.8177507999999999,5.885345598073498,827
gentd26,txt2img,test,no_budget_horizon,72,1700000946,3,1701300958,70,-1159.4279687666333,-728.5377964825293,0.318799321910246,0.671875,72.0,0.0,15023.76543286616,500.0,0.405137765625,0.7910524499999999,5.885345598073498,827
gentd26,txt2img,test,no_budget_horizon,72,1700000946,4,1701400961,356,-64.46888136677406,-41.97609392168515,0.8580190195161855,0.40625,72.0,0.0,410.4226024481741,34.7991812898067,0.380355484375,0.75553305,5.885345598073498,827
gentd26,image_conditioned,test,no_budget_horizon,72,1700000947,0,1700000947,352,9.068890303961718,5.3337301990667925,1.0,0.0,65.0,0.0,134.29007633587787,0.0,0.5426837656250001,0.5727482,9.100826972010177,828
gentd26,image_conditioned,test,no_budget_horizon,72,1700000947,1,1700100950,37,-93.19633478626788,-53.10255361281559,0.8497960326602304,0.203125,68.0,0.0,1595.603053435114,144.1343511450381,1.099986578125,1.1330546,9.100826972010177,828
gentd26,image_conditioned,test,no_budget_horizon,72,1700000947,2,1700200953,483,-4.12,-3.24807145740474,1.0,0.0,1.0,0.0,0.0,0.0,0.6850084218750001,1.1267687,9.100826972010177,828
gentd26,image_conditioned,test,no_budget_horizon,72,1700000947,3,1700300956,408,3.1531603053435124,2.775582573050273,1.0,0.0,19.0,0.0,12.170992366412214,0.0,0.55223540625,0.7979261,9.100826972010177,828
gentd26,image_conditioned,test,no_budget_horizon,72,1700000947,4,1700400959,43,-166.2751739658134,-95.85131028588214,0.8412252927887587,0.296875,72.0,0.0,2507.119083969465,167.81832061068692,1.05206053125,1.1721632999999998,9.100826972010177,828
gentd26,txt2img,test,no_budget_horizon,72,1700000947,0,1701000950,97,-1237.0597103945852,-774.2558372062483,0.4967225646364582,0.625,72.0,0.0,16388.75422400224,494.9497953224516,0.699288234375,1.1698216,5.885345598073498,828
gentd26,txt2img,test,no_budget_horizon,72,1700000947,1,1701100953,316,1.7299707603502397,0.7010139478332233,1.0,0.0,1.0,0.0,0.0,0.0,1.0911106875,1.12085935,5.885345598073498,828
gentd26,txt2img,test,no_budget_horizon,72,1700000947,2,1701200956,590,7.679961013800318,7.522363618571832,1.0,0.0,1.0,0.0,0.0,0.0,0.732531375,1.02115615,5.885345598073498,828
gentd26,txt2img,test,no_budget_horizon,72,1700000947,3,1701300959,509,25.3799025345008,18.550968195462204,1.0,0.0,5.0,0.0,0.0,0.0,1.139089828125,1.1864085999999998,5.885345598073498,828
gentd26,txt2img,test,no_budget_horizon,72,1700000947,4,1701400962,178,8.343234741657819,4.541381049472212,1.0,0.0,61.0,0.0,98.95573475062758,0.0,0.9311618125,0.9773358,5.885345598073498,828
gentd26,image_conditioned,test,no_budget_horizon,72,1700000948,0,1700000948,468,-5.12,-3.795228099795501,0.0,0.0,0.0,0.0,0.0,0.0,1.75768353125,1.87805805,9.100826972010177,829
gentd26,image_conditioned,test,no_budget_horizon,72,1700000948,1,1700100951,104,-1144.5986483369982,-715.113226175707,0.5841764937453361,0.65625,72.0,0.0,15147.592493638676,480.0,1.07122153125,1.80183515,9.100826972010177,829
gentd26,image_conditioned,test,no_budget_horizon,72,1700000948,2,1700200954,239,-1196.6091076851512,-749.2285566654493,0.6638189869891521,0.609375,72.0,0.0,15898.4179389313,462.1709923664122,1.1258816406249998,1.85955715,9.100826972010177,829
gentd26,image_conditioned,test,no_budget_horizon,72,1700000948,3,1700300957,463,-5.12,-3.795228099795501,0.0,0.0,0.0,0.0,0.0,0.0,1.434367625,1.787743,9.100826972010177,829
gentd26,image_conditioned,test,no_budget_horizon,72,1700000948,4,1700400960,440,-2.12,-1.23920746025111,1.0,0.0,6.0,0.0,0.0,0.0,0.752949796875,0.8113696499999999,9.100826972010177,829
gentd26,txt2img,test,no_budget_horizon,72,1700000948,0,1701000951,95,-1192.070116377381,-740.6754161493429,0.4966102468365069,0.59375,72.0,0.0,15817.646415225572,495.4498927879508,0.6132500625,0.9150186499999998,5.885345598073498,829
gentd26,txt2img,test,no_budget_horizon,72,1700000948,1,1701100954,117,-1187.2562168016862,-791.6933157001513,0.718786287937515,0.9375,72.0,0.0,15315.75041273656,319.3033643499053,0.388800515625,0.7705555999999999,5.885345598073498,829
gentd26,txt2img,test,no_budget_horizon,72,1700000948,2,1701200957,577,15.860003709895793,13.82061289276778,1.0,0.0,5.0,0.0,10.372453299439195,0.0,0.745832390625,0.8093089,5.885345598073498,829
gentd26,txt2img,test,no_budget_horizon,72,1700000948,3,1701300960,291,9.5669487031684,9.160327127380995,1.0000000000000002,0.0,2.0,0.0,5.46433276577913,0.0,0.79056015625,1.0534688499999998,5.885345598073498,829
gentd26,txt2img,test,no_budget_horizon,72,1700000948,4,1701400963,254,-1422.320057684635,-976.4298883482963,0.7187395155442639,0.96875,72.0,0.0,18627.183688651447,324.21006400897505,0.415129375,0.8753226999999999,5.885345598073498,829
gentd26,image_conditioned,test,no_budget_horizon,96,1700000939,0,1700000939,66,-720.1625346629226,-434.01569967918056,0.6905285598839549,0.5625,96.0,0.0,9861.767938931296,495.0,1.35445178125,1.8139691,9.100826972010177,820
gentd26,image_conditioned,test,no_budget_horizon,96,1700000939,1,1700100942,73,-985.3780833062945,-610.5045811479698,0.602283452143605,0.671875,96.0,0.0,13351.767938931298,500.0,1.2236370625,1.8224007,9.100826972010177,820
gentd26,image_conditioned,test,no_budget_horizon,96,1700000939,2,1700200945,182,8.153160305343512,4.075854434575395,1.0,0.0,37.0,0.0,12.170992366412214,0.0,0.804321828125,1.12475575,9.100826972010177,820
gentd26,image_conditioned,test,no_budget_horizon,96,1700000939,3,1700300948,574,-1.1199999999999997,-0.6655502062416275,1.0,0.0,10.0,0.0,0.0,0.0,0.791622859375,0.9834091499999992,9.100826972010177,820
gentd26,image_conditioned,test,no_budget_horizon,96,1700000939,4,1700400951,217,-443.86811423724,-247.84574424005604,0.67863084704242,0.296875,96.0,0.0,6106.566094147582,495.0,1.46612334375,1.8226601,9.100826972010177,820
gentd26,txt2img,test,no_budget_horizon,96,1700000939,0,1701000942,528,31.746238589345552,23.259999739235184,1.0000000000000002,0.0,10.0,0.0,16.68045687450022,0.0,1.7928992031250002,1.8827782,5.885345598073498,820
gentd26,txt2img,test,no_budget_horizon,96,1700000939,1,1701100945,43,-10.279212398495815,-7.002149686251452,0.9999999999999998,0.0625,65.0,0.0,377.32532044269095,0.0,1.77505996875,1.9125732,5.885345598073498,820
gentd26,txt2img,test,no_budget_horizon,96,1700000939,2,1701200948,172,7.97469078594913,4.778430645794693,0.997005988023952,0.0,37.0,0.0,39.66824683436029,0.9499902534500748,1.857944234375,1.9971418,5.885345598073498,820
gentd26,txt2img,test,no_budget_horizon,96,1700000939,3,1701300951,160,6.200677860962657,6.265226571341297,0.9999999999999998,0.0,0.0,0.0,2.5999220276006376,0.0,1.809402484375,1.93455785,5.885345598073498,820
gentd26,txt2img,test,no_budget_horizon,96,1700000939,4,1701400954,164,7.507824379674713,6.1779516495496045,1.0,0.0,7.0,0.0,1.6686366963571686,0.0,0.74824884375,0.8159518499999999,5.885345598073498,820
gentd26,image_conditioned,test,no_budget_horizon,96,1700000940,0,1700000940,545,-0.1199999999999996,-0.6138769201016279,1.0,0.0,17.0,0.0,0.0,0.0,0.778466515625,0.8778585499999999,9.100826972010177,821
gentd26,image_conditioned,test,no_budget_horizon,96,1700000940,1,1700100943,2,0.9777096249085536,1.7687670280809364,1.0,0.0,31.0,0.0,15.31603053435115,0.0,0.7865239374999999,0.9481766,9.100826972010177,821
gentd26,image_conditioned,test,no_budget_horizon,96,1700000940,2,1700200946,388,8.415454008830118,7.381476702637068,1.0,0.0,75.0,0.0,142.33072519083973,0.0,1.15934396875,1.7861458,9.100826972010177,821
gentd26,image_conditioned,test,no_budget_horizon,96,1700000940,3,1700300949,157,3.780890879979809,4.6508382419146495,1.0,0.0,37.0,0.0,18.461068702290085,0.0,1.07695084375,1.78138575,9.100826972010177,821
gentd26,image_conditioned,test,no_budget_horizon,96,1700000940,4,1700400952,155,4.780890879979808,5.4727615217146175,1.0,0.0,39.0,0.0,18.461068702290085,0.0,1.7096002812500002,1.8600833,9.100826972010177,821
gentd26,txt2img,test,no_budget_horizon,96,1700000940,0,1701000943,125,10.97944529251306,5.060088939425493,1.0,0.078125,96.0,0.0,306.53043807758326,0.0,1.074550890625,1.77313,5.885345598073498,821
gentd26,txt2img,test,no_budget_horizon,96,1700000940,1,1701100946,518,29.24297284624277,21.645998944262782,1.0,0.0,33.0,0.0,7.007945095761501,0.0,1.705601796875,1.78533935,5.885345598073498,821
gentd26,txt2img,test,no_budget_horizon,96,1700000940,2,1701200949,118,-628.7387684076548,-422.9075901436813,0.8781942096427134,0.84375,96.0,0.0,7843.048230172402,135.4112041232547,1.000835015625,1.7641927,5.885345598073498,821
gentd26,txt2img,test,no_budget_horizon,96,1700000940,3,1701300952,500,21.89928852862376,14.77350703774249,1.0,0.0,37.0,0.0,3.564352258878971,0.0,1.668492,1.72068185,5.885345598073498,821
gentd26,txt2img,test,no_budget_horizon,96,1700000940,4,1701400955,582,14.069967682279156,12.797876848330205,1.0,0.0,48.0,0.0,3.814400991628572,0.0,1.71116615625,1.7887669,5.885345598073498,821
gentd26,image_conditioned,test,no_budget_horizon,96,1700000941,0,1700000941,459,-5.684556489699983,-4.385094010652727,1.0,0.015625,0.0,0.0,9.341984732824423,0.0,1.421659203125,1.7425384499999998,9.100826972010177,822
gentd26,image_conditioned,test,no_budget_horizon,96,1700000941,1,1700100944,13,-3.12,-2.0534348836672525,1.0,0.0,5.0,0.0,0.0,0.0,1.7802603125,1.86881995,9.100826972010177,822
gentd26,image_conditioned,test,no_budget_horizon,96,1700000941,2,1700200947,76,-1097.1877782145607,-689.0419339784762,0.6093295945151249,0.71875,96.0,0.0,14821.767938931296,485.0,0.5079130624999999,0.7855812999999999,9.100826972010177,822
gentd26,image_conditioned,test,no_budget_horizon,96,1700000941,3,1700300950,41,-108.777206011878,-63.59749612569701,0.9782838826430736,0.234375,84.0,0.0,1904.3786259541976,22.42442748091596,0.7351375468750001,0.7843415999999999,9.100826972010177,822
gentd26,image_conditioned,test,no_budget_horizon,96,1700000941,4,1700400953,170,1.1531603053435115,0.1503190458735416,1.0000000000000002,0.0,23.0,0.0,12.170992366412214,0.0,1.7290414531249998,1.86963675,9.100826972010177,822
gentd26,txt2img,test,no_budget_horizon,96,1700000941,0,1701000944,489,19.40674771334293,11.65033198193789,1.0,0.0,5.0,0.0,0.6999415207004782,0.0,1.716155921875,1.8342063,5.885345598073498,822
gentd26,txt2img,test,no_budget_horizon,96,1700000941,1,1701100947,192,19.482088163489585,11.60164942418001,0.9696116806911174,0.0,76.0,0.0,121.9161145279289,19.949795322451664,1.769495484375,1.86846295,5.885345598073498,822
gentd26,txt2img,test,no_budget_horizon,96,1700000941,2,1701200950,105,-1179.5448496399133,-742.1487766877631,0.6548719902547996,0.75,96.0,0.0,15557.753445604309,474.8995906449033,0.438086140625,0.7829265999999999,5.885345598073498,822
gentd26,txt2img,test,no_budget_horizon,96,1700000941,3,1701300953,584,13.383583145635145,12.432057596459746,0.9999999999999998,0.0,6.0,0.0,1.3998830414009564,0.0,1.249550390625,1.8930212,5.885345598073498,822
gentd26,txt2img,test,no_budget_horizon,96,1700000941,4,1701400956,34,-8.348816376121265,-4.291797482338124,0.9903288201160544,0.046875,60.0,0.0,281.197115021223,4.749951267250296,0.7669748437499999,0.8289863999999998,5.885345598073498,822
gentd26,image_conditioned,test,no_budget_horizon,96,1700000942,0,1700000942,156,4.780890879979808,5.566377578497548,0.9999999999999998,0.0,28.0,0.0,18.461068702290085,0.0,0.584548671875,0.69420675,9.100826972010177,823
gentd26,image_conditioned,test,no_budget_horizon,96,1700000942,1,1700100945,579,-1.1199999999999997,-0.5042600251211441,1.0,0.0,10.0,0.0,0.0,0.0,0.5375491718750001,0.5717989,9.100826972010177,823
gentd26,image_conditioned,test,no_budget_horizon,96,1700000942,2,1700200948,517,-3.12,-2.388999467926474,1.0,0.0,2.0,0.0,0.0,0.0,1.1826853437500002,1.9797937999999975,9.100826972010177,823
gentd26,image_conditioned,test,no_budget_horizon,96,1700000942,3,1700300951,290,-0.1199999999999992,0.8638244381068716,1.0,0.0,6.0,0.0,0.0,0.0,0.56044515625,0.6344233499999999,9.100826972010177,823
gentd26,image_conditioned,test,no_budget_horizon,96,1700000942,4,1700400954,476,-5.12,-3.795228099795501,0.0,0.0,0.0,0.0,0.0,0.0,1.0701208437499998,1.1480801,9.100826972010177,823
gentd26,txt2img,test,no_budget_horizon,96,1700000942,0,1701000945,525,32.42991228105072,23.52916757204035,1.0,0.0,15.0,0.0,0.0,0.0,0.541086609375,0.5752270999999999,5.885345598073498,823
gentd26,txt2img,test,no_budget_horizon,96,1700000942,1,1701100948,503,23.47992202760064,16.279153965020047,1.0,0.0,5.0,0.0,0.0,0.0,0.5339972343749999,0.5865385999999999,5.885345598073498,823
gentd26,txt2img,test,no_budget_horizon,96,1700000942,2,1701200951,490,19.57994152070048,11.90904585682679,1.0,0.0,5.0,0.0,0.0,0.0,0.530830671875,0.5826958999999999,5.885345598073498,823
gentd26,txt2img,test,no_budget_horizon,96,1700000942,3,1701300954,13,14.679961013800316,14.053452993075236,1.0,0.0,3.0,0.0,0.0,0.0,0.5314786406249999,0.5621816,5.885345598073498,823
gentd26,txt2img,test,no_budget_horizon,96,1700000942,4,1701400957,469,6.57994152070048,4.546898212906409,1.0,0.0,0.0,0.0,0.0,0.0,0.53333825,0.5831287499999999,5.885345598073498,823
gentd26,image_conditioned,test,no_budget_horizon,96,1700000943,0,1700000943,531,-2.12,-1.6456343154698605,1.0,0.0,6.0,0.0,0.0,0.0,1.7162115624999998,1.946396,9.100826972010177,824
gentd26,image_conditioned,test,no_budget_horizon,96,1700000943,1,1700100946,420,-0.1199999999999998,0.1074126950244427,1.0,0.0,8.0,0.0,0.0,0.0,0.7386104375,0.8132679999999999,9.100826972010177,824
gentd26,image_conditioned,test,no_budget_horizon,96,1700000943,2,1700200949,396,6.698020373709653,5.40356625358245,1.0,0.0,49.0,0.0,106.80305343511452,0.0,1.634268171875,1.82674195,9.100826972010177,824
gentd26,image_conditioned,test,no_budget_horizon,96,1700000943,3,1700300952,172,2.153160305343511,0.277299352347047,1.0,0.0,27.0,0.0,12.170992366412214,0.0,0.858717859375,1.726051249999997,9.100826972010177,824
gentd26,image_conditioned,test,no_budget_horizon,96,1700000943,4,1700400955,302,-4.12,-2.899889845536784,1.0,0.0,1.0,0.0,0.0,0.0,1.1073776875,1.87814025,9.100826972010177,824
gentd26,txt2img,test,no_budget_horizon,96,1700000943,0,1701000946,552,24.65425126004788,18.509599921676426,1.0,0.0,9.0,0.0,3.999805069001594,0.0,1.744021890625,1.7827615499999998,5.885345598073498,824
gentd26,txt2img,test,no_budget_horizon,96,1700000943,1,1701100949,495,19.701693444883865,12.70967997175472,1.0,0.0,2.0,0.0,3.49970760350239,0.0,1.720757078125,1.8336956,5.885345598073498,824
gentd26,txt2img,test,no_budget_horizon,96,1700000943,2,1701200952,61,-137.46103144557708,-75.3991382478856,0.7171887217049807,0.203125,96.0,0.0,2009.0963758083997,333.71515724433874,0.710088390625,0.8778532499999999,5.885345598073498,824
gentd26,txt2img,test,no_budget_horizon,96,1700000943,3,1701300955,248,-985.8727293859922,-653.7344194948382,0.7910583050811788,0.875,96.0,0.0,13098.20528339255,256.9258100244926,0.464231546875,0.8006733999999999,5.885345598073498,824
gentd26,txt2img,test,no_budget_horizon,96,1700000943,4,1701400958,405,41.49413535029088,32.30650176070584,1.0,0.0,23.0,0.0,16.25944404220586,0.0,0.8112236875000001,1.1180114,5.885345598073498,824
gentd26,image_conditioned,test,no_budget_horizon,96,1700000944,0,1700000944,364,-952.0228941476504,-587.262619202176,0.4346260749914001,0.59375,96.0,0.0,12196.065712468191,418.20407124681935,0.473779234375,1.1180448,9.100826972010177,825
gentd26,image_conditioned,test,no_budget_horizon,96,1700000944,1,1700100947,217,-966.7016205459244,-582.2615343911466,0.3379427142166024,0.546875,96.0,0.0,12600.35165394402,495.0,0.66664,1.70774715,9.100826972010177,825
gentd26,image_conditioned,test,no_budget_horizon,96,1700000944,2,1700200950,21,-8.251996736159255,-5.111407047495916,0.5684688074928917,0.015625,96.0,0.0,31.51297709923664,31.51297709923664,0.97479278125,1.8344658,9.100826972010177,825
gentd26,image_conditioned,test,no_budget_horizon,96,1700000944,3,1700300953,115,-568.2711867238786,-337.06859851151296,0.7495900732096834,0.53125,96.0,0.0,7264.874491094147,322.37506361323153,0.6819534843749999,1.1035727,9.100826972010177,825
gentd26,image_conditioned,test,no_budget_horizon,96,1700000944,4,1700400956,189,-535.2890923123351,-316.56055328639485,0.2723115299334812,0.46875,96.0,0.0,6550.7984732824425,400.8396946564886,0.45930440625,0.9327454999999992,9.100826972010177,825
gentd26,txt2img,test,no_budget_horizon,96,1700000944,0,1701000947,139,20.411294859518136,17.38885950946255,1.0,0.015625,95.0,0.0,40.0866398669695,0.0,0.6603904375,0.79985215,5.885345598073498,825
gentd26,txt2img,test,no_budget_horizon,96,1700000944,1,1701100950,105,-1158.6485007745976,-728.6177754291623,0.6654744223524559,0.765625,96.0,0.0,15232.977951414448,474.8995906449033,0.455160203125,0.8337581999999999,5.885345598073498,825
gentd26,txt2img,test,no_budget_horizon,96,1700000944,2,1701200953,310,0.7299707603502401,1.328943762589411,1.0,0.0,96.0,0.0,0.0,0.0,0.4721423437499999,0.775173,5.885345598073498,825
gentd26,txt2img,test,no_budget_horizon,96,1700000944,3,1701300956,125,-2.4067257471262447,-7.897687656194071,1.0,0.125,96.0,0.0,444.2475250725031,0.0,0.762148390625,1.7666167,5.885345598073498,825
gentd26,txt2img,test,no_budget_horizon,96,1700000944,4,1701400959,459,7.456757459892851,5.940673691645675,1.0,0.0,96.0,0.0,0.6999415207004782,0.0,0.53268884375,0.8264515499999999,5.885345598073498,825
gentd26,image_conditioned,test,no_budget_horizon,96,1700000945,0,1700000945,503,-3.12,-2.573572864063435,1.0,0.0,2.0,0.0,0.0,0.0,0.8112645,0.9772662,9.100826972010177,826
gentd26,image_conditioned,test,no_budget_horizon,96,1700000945,1,1700100948,369,8.41832430504182,6.403125269852145,1.0,0.0,67.0,0.0,157.0523536895675,0.0,0.72392765625,0.7771264999999999,9.100826972010177,826
gentd26,image_conditioned,test,no_budget_horizon,96,1700000945,2,1700200951,532,-1.1199999999999997,-1.0930157039862056,1.0,0.0,10.0,0.0,0.0,0.0,0.747466390625,0.8251831499999999,9.100826972010177,826
gentd26,image_conditioned,test,no_budget_horizon,96,1700000945,3,1700300954,499,-3.12,-2.6217109547556694,1.0,0.0,2.0,0.0,0.0,0.0,0.7457109375,0.8122309499999998,9.100826972010177,826
gentd26,image_conditioned,test,no_budget_horizon,96,1700000945,4,1700400957,406,3.1531603053435124,2.644823440660642,1.0,0.0,19.0,0.0,12.170992366412214,0.0,0.7556823749999999,0.79891685,9.100826972010177,826
gentd26,txt2img,test,no_budget_horizon,96,1700000945,0,1701000948,537,33.78300875437137,24.67885753845569,1.0,0.0,31.0,0.0,10.822346087390072,0.0,0.775035171875,0.8839941499999998,5.885345598073498,826
gentd26,txt2img,test,no_budget_horizon,96,1700000945,1,1701100951,280,18.804205942198177,16.530286065160134,1.0,0.0,48.0,0.0,10.909960609351636,0.0,0.755213359375,0.8565166,5.885345598073498,826
gentd26,txt2img,test,no_budget_horizon,96,1700000945,2,1701200954,216,-587.042896926728,-334.189833841575,0.5396004722429519,0.375,96.0,0.0,8000.820526068377,498.7999610138003,0.6368484062499999,1.0009513,5.885345598073498,826
gentd26,txt2img,test,no_budget_horizon,96,1700000945,3,1701300957,257,-452.1136836584986,-329.1078222372114,0.9851813938573356,0.9375,96.0,0.0,5510.932645372788,15.011294063356807,0.436064125,0.80701625,5.885345598073498,826
gentd26,txt2img,test,no_budget_horizon,96,1700000945,4,1701400960,479,10.45675745989285,5.669091760230703,1.0,0.0,49.0,0.0,0.6999415207004782,0.0,0.763005609375,0.8364150499999999,5.885345598073498,826
gentd26,image_conditioned,test,no_budget_horizon,96,1700000946,0,1700000946,118,-527.4411822556712,-313.40598761780086,0.786920280044869,0.5,96.0,0.0,6750.725190839693,269.12977099236633,1.10067375,1.78943855,9.100826972010177,827
gentd26,image_conditioned,test,no_budget_horizon,96,1700000946,1,1700100949,195,-204.757755737541,-114.97197754386416,0.5319401032469214,0.328125,96.0,0.0,2354.965012722646,404.6610050890585,1.3953376562500002,1.86328585,9.100826972010177,827
gentd26,image_conditioned,test,no_budget_horizon,96,1700000946,2,1700200952,470,-5.12,-3.795228099795501,0.0,0.0,96.0,0.0,0.0,0.0,1.4953198125,1.8555042,9.100826972010177,827
gentd26,image_conditioned,test,no_budget_horizon,96,1700000946,3,1700300955,235,-1114.6733883403049,-686.9307707344567,0.6314816253976712,0.578125,96.0,0.0,14846.829643765905,470.0,1.192738265625,1.90260425,9.100826972010177,827
gentd26,image_conditioned,test,no_budget_horizon,96,1700000946,4,1700400958,490,-5.684556489699983,-4.141501085879749,1.0,0.015625,96.0,0.0,9.341984732824423,0.0,1.536635671875,1.89822895,9.100826972010177,827
gentd26,txt2img,test,no_budget_horizon,96,1700000946,0,1701000949,67,-873.4957963931231,-529.5853762593736,0.3847540639967937,0.59375,96.0,0.0,11255.277725287851,500.0,0.5322818125,1.1078029499999995,5.885345598073498,827
gentd26,txt2img,test,no_budget_horizon,96,1700000946,1,1701100952,442,12.33357339908522,11.151642929220891,1.0,0.0,96.0,0.0,1.3998830414009564,0.0,0.534718953125,0.8201968999999998,5.885345598073498,827
gentd26,txt2img,test,no_budget_horizon,96,1700000946,2,1701200955,39,-424.60730216853,-242.29925644211323,0.2104356509660981,0.328125,96.0,0.0,5290.68386965879,426.0445516785946,0.4935263125,0.91535905,5.885345598073498,827
gentd26,txt2img,test,no_budget_horizon,96,1700000946,3,1701300958,70,-824.4608386173404,-494.4929936707675,0.4325720888965209,0.625,96.0,0.0,10578.741273025393,500.0,0.457953859375,0.8240661499999999,5.885345598073498,827
gentd26,txt2img,test,no_budget_horizon,96,1700000946,4,1701400961,356,7.901203168345668,8.516144191922862,0.8580190195161856,0.09375,96.0,0.0,158.4600442838142,34.7991812898067,0.548787015625,0.7850709,5.885345598073498,827
gentd26,image_conditioned,test,no_budget_horizon,96,1700000947,0,1700000947,352,9.068890303961718,5.3337301990667925,1.0,0.0,65.0,0.0,134.29007633587787,0.0,0.631870015625,0.8247523,9.100826972010177,828
gentd26,image_conditioned,test,no_budget_horizon,96,1700000947,1,1700100950,37,-93.19633478626788,-53.10255361281559,0.8497960326602304,0.203125,68.0,0.0,1595.603053435114,144.1343511450381,0.53337015625,0.5739517,9.100826972010177,828
gentd26,image_conditioned,test,no_budget_horizon,96,1700000947,2,1700200953,483,-4.12,-3.24807145740474,1.0,0.0,1.0,0.0,0.0,0.0,0.614156828125,0.8337971,9.100826972010177,828
gentd26,image_conditioned,test,no_budget_horizon,96,1700000947,3,1700300956,408,3.1531603053435124,2.775582573050273,1.0,0.0,19.0,0.0,12.170992366412214,0.0,0.5719281406250001,0.6746079999999999,9.100826972010177,828
gentd26,image_conditioned,test,no_budget_horizon,96,1700000947,4,1700400959,43,-107.77720601187802,-64.27545617690595,0.9999999999999998,0.234375,88.0,0.0,1904.3786259541976,0.0,0.560796765625,0.61791525,9.100826972010177,828
gentd26,txt2img,test,no_budget_horizon,96,1700000947,0,1701000950,97,-978.06783439346,-594.8805066393477,0.6102781002350478,0.625,96.0,0.0,12999.0296606742,494.9497953224516,0.741055921875,1.12226875,5.885345598073498,828
gentd26,txt2img,test,no_budget_horizon,96,1700000947,1,1701100953,316,1.7299707603502397,0.7010139478332233,1.0,0.0,1.0,0.0,0.0,0.0,1.079641609375,1.10694245,5.885345598073498,828
gentd26,txt2img,test,no_budget_horizon,96,1700000947,2,1701200956,590,7.679961013800318,7.522363618571832,1.0,0.0,1.0,0.0,0.0,0.0,1.119063984375,1.13634185,5.885345598073498,828
gentd26,txt2img,test,no_budget_horizon,96,1700000947,3,1701300959,509,25.3799025345008,18.550968195462204,1.0,0.0,5.0,0.0,0.0,0.0,0.7818196562499999,1.29015855,5.885345598073498,828
gentd26,txt2img,test,no_budget_horizon,96,1700000947,4,1701400962,178,8.343234741657819,4.541381049472212,1.0,0.0,61.0,0.0,98.95573475062758,0.0,0.541026828125,0.5608658999999999,5.885345598073498,828
gentd26,image_conditioned,test,no_budget_horizon,96,1700000948,0,1700000948,468,-5.12,-3.795228099795501,0.0,0.0,0.0,0.0,0.0,0.0,0.8104395625,1.01497465,9.100826972010177,829
gentd26,image_conditioned,test,no_budget_horizon,96,1700000948,1,1700100951,104,-988.18642828623,-609.325442782967,0.6346127631571215,0.625,96.0,0.0,13068.104452926207,480.0,0.45935475,0.7593704499999999,9.100826972010177,829
gentd26,image_conditioned,test,no_budget_horizon,96,1700000948,2,1700200954,239,-631.518776256008,-390.9623990885828,0.8326106495592043,0.609375,96.0,0.0,8281.16736641221,259.926272264631,0.586528515625,1.12117345,9.100826972010177,829
gentd26,image_conditioned,test,no_budget_horizon,96,1700000948,3,1700300957,463,-5.12,-3.795228099795501,0.0,0.0,0.0,0.0,0.0,0.0,0.8375436562499999,1.0148420499999995,9.100826972010177,829
gentd26,image_conditioned,test,no_budget_horizon,96,1700000948,4,1700400960,440,-2.12,-1.23920746025111,1.0,0.0,6.0,0.0,0.0,0.0,0.753587578125,0.8312685999999999,9.100826972010177,829
gentd26,txt2img,test,no_budget_horizon,96,1700000948,0,1701000951,95,-925.9164362186024,-558.9911028750395,0.6108372040776107,0.59375,96.0,0.0,12348.118405663346,495.4498927879508,0.508219828125,0.8427515,5.885345598073498,829
gentd26,txt2img,test,no_budget_horizon,96,1700000948,1,1701100954,117,-687.3169853962539,-457.98979274110434,0.8548053312428641,0.84375,96.0,0.0,8655.289896872222,164.86090198020716,0.454295625,0.7985619999999999,5.885345598073498,829
gentd26,txt2img,test,no_budget_horizon,96,1700000948,2,1701200957,577,15.860003709895793,13.82061289276778,1.0,0.0,5.0,0.0,10.372453299439195,0.0,0.740017796875,0.7896110499999999,5.885345598073498,829
gentd26,txt2img,test,no_budget_horizon,96,1700000948,3,1701300960,291,9.5669487031684,9.160327127380995,1.0000000000000002,0.0,2.0,0.0,5.46433276577913,0.0,0.7793545625,0.9042077499999998,5.885345598073498,829
gentd26,txt2img,test,no_budget_horizon,96,1700000948,4,1701400963,254,-857.3776647328731,-596.916992071875,0.8657833051437859,0.96875,96.0,0.0,11254.022723384966,154.71211078445816,0.4345650937499999,0.8508046499999996,5.885345598073498,829
