dataset,domain,split,method,budget,seed,episode,window_seed,window_start,return,discounted_return,completion_ratio,slo_violation_rate,total_cost,budget_overspend,queue_area,final_queue,decision_ms_mean,decision_ms_p95,capacity_multiplier,training_seed
azure2019,async,test,dap,120,1700000939,0,1700000939,470,58.73723288062486,43.52381399279035,1.0,0.0,70.0,0.0,0.6747914958084138,0.0,0.7808509375,0.95363005,1.0,820
azure2019,async,test,no_budget_horizon,120,1700000939,0,1700000939,470,58.48235941475357,43.312499125749525,1.0,0.0,63.0,0.0,1.8953724134316907,0.0,1.04963371875,1.80401485,1.0,820
azure2019,async,test,blackbox_matched_weight,120,1700000939,0,1700000939,470,58.83177634399226,43.60202248936581,1.0,0.0,78.0,0.0,0.2103277972597128,0.0,0.376091859375,0.4455046,1.0,820
azure2019,async,test,dap,120,1700000939,1,1700100942,521,58.69588414641289,43.50165928515546,1.0,0.0,74.0,0.0,0.8051965179522353,0.0,0.7500093124999999,0.80906265,1.0,820
azure2019,async,test,no_budget_horizon,120,1700000939,1,1700100942,521,58.51109348329247,43.35633020930928,1.0,0.0,70.0,0.0,1.7431224590922216,0.0,0.749031515625,0.8471654999999999,1.0,820
azure2019,async,test,blackbox_matched_weight,120,1700000939,1,1700100942,521,58.72754438760072,43.52606052261053,1.0,0.0,83.0,0.0,0.6715444683345027,0.0,0.35495734375,0.37150425,1.0,820
azure2019,async,test,dap,120,1700000939,2,1700200945,1293,43.23979758527748,35.10469788049701,0.9721206207095368,0.0625,120.0,0.0,50.50858707492453,12.339189749652686,0.71042334375,0.86247255,1.0,820
azure2019,async,test,no_budget_horizon,120,1700000939,2,1700200945,1293,46.45705212084224,36.65420224360207,0.9771408632436798,0.046875,120.0,0.0,38.79103026487267,10.117270654084624,0.72082075,0.8472856499999999,1.0,820
azure2019,async,test,blackbox_matched_weight,120,1700000939,2,1700200945,1293,-47.07440246780143,-18.394822874001253,0.8905039311376303,0.34375,120.0,0.0,595.5394968730322,48.46208218832168,0.280327984375,0.4676782499999999,1.0,820
azure2019,async,test,dap,120,1700000939,3,1700300948,4068,57.87009950956066,42.97412999474563,1.0,0.0,110.0,0.0,4.595093071705937,0.0,0.768896578125,0.8675069,1.0,820
azure2019,async,test,no_budget_horizon,120,1700000939,3,1700300948,4068,55.743873079312095,41.28863053526463,1.0,0.0,96.0,0.0,14.389855616575897,0.0,0.813700734375,1.119102,1.0,820
azure2019,async,test,blackbox_matched_weight,120,1700000939,3,1700300948,4068,52.53499273838788,39.58289341251767,0.9983634748481016,0.0,120.0,0.0,30.566321465712186,0.6723788263426114,0.3695629375,0.4242472499999999,1.0,820
azure2019,async,test,dap,120,1700000939,4,1700400951,1537,58.52994281396076,43.38488469511464,1.0,0.0,78.0,0.0,1.605112711894198,0.0,0.7601864062500001,0.8436274999999999,1.0,820
azure2019,async,test,no_budget_horizon,120,1700000939,4,1700400951,1537,57.90683858431242,42.94285422495536,1.0,0.0,74.0,0.0,4.670962727758648,0.0,0.7580351406249999,0.8327874,1.0,820
azure2019,async,test,blackbox_matched_weight,120,1700000939,4,1700400951,1537,58.20967064987005,43.21535679384312,1.0,0.0,87.0,0.0,3.0043129451903505,0.0,0.371298265625,0.4757056999999998,1.0,820
azure2019,http,test,dap,120,1700000939,0,1701000942,3740,58.63225653591298,43.47923641250794,1.0,0.0,70.0,0.0,1.0752606865982737,0.0,0.830676640625,1.154998,1.0,820
azure2019,http,test,no_budget_horizon,120,1700000939,0,1701000942,3740,58.11790045033399,43.07624165622231,1.0,0.0,66.0,0.0,3.347339745215118,0.0,0.773201359375,0.8954796499999998,1.0,820
azure2019,http,test,blackbox_matched_weight,120,1700000939,0,1701000942,3740,58.68419282286361,43.497834111546034,1.0,0.0,78.0,0.0,0.8517269921152071,0.0,0.36253884375,0.39576005,1.0,820
azure2019,http,test,dap,120,1700000939,1,1701100945,306,58.88,43.64512314764825,1.0,0.0,68.0,0.0,0.0,0.0,0.8181644375,1.11975875,1.0,820
azure2019,http,test,no_budget_horizon,120,1700000939,1,1701100945,306,58.88,43.64512314764825,1.0,0.0,65.0,0.0,0.0,0.0,0.729717703125,0.7633399,1.0,820
azure2019,http,test,blackbox_matched_weight,120,1700000939,1,1701100945,306,58.59301760807064,43.47901971645968,1.0,0.0,65.0,0.0,1.3272961731876585,0.0,0.36875453125,0.4883094999999993,1.0,820
azure2019,http,test,dap,120,1700000939,2,1701200948,1221,58.57666284184903,43.40430185394159,1.0,0.0,69.0,0.0,1.3194577196090185,0.0,0.78546896875,0.9279886,1.0,820
azure2019,http,test,no_budget_horizon,120,1700000939,2,1701200948,1221,57.31239801940899,42.38306053159046,0.9999999999999996,0.0,65.0,0.0,6.9709946046083004,0.0,0.762240984375,0.81585095,1.0,820
azure2019,http,test,blackbox_matched_weight,120,1700000939,2,1701200948,1221,58.68706877301132,43.48501049995924,1.0,0.0,78.0,0.0,0.840689128574307,0.0,0.36468178125,0.4145013999999999,1.0,820
azure2019,http,test,dap,120,1700000939,3,1701300951,1135,58.00282791625814,42.986117166096335,1.0000000000000002,0.0,90.0,0.0,3.8288086079632944,0.0,0.737916546875,0.77015025,1.0,820
azure2019,http,test,no_budget_horizon,120,1700000939,3,1701300951,1135,56.029810798248015,41.494265471627145,1.0,0.0,78.0,0.0,12.712195102742282,0.0,0.755740109375,0.8265023,1.0,820
azure2019,http,test,blackbox_matched_weight,120,1700000939,3,1701300951,1135,56.52732480061493,42.07495414002699,1.0,0.0,96.0,0.0,10.752846996619938,0.0,0.36528803125,0.4016187,1.0,820
azure2019,http,test,dap,120,1700000939,4,1701400954,1168,57.78874140749616,42.83051999517524,1.0,0.0,83.0,0.0,4.777793638648821,0.0,0.758867859375,0.8126572,1.0,820
azure2019,http,test,no_budget_horizon,120,1700000939,4,1701400954,1168,55.46573605750887,41.0987779283567,1.0000000000000002,0.0,75.0,0.0,15.29239274813489,0.0,0.77316053125,0.90553125,1.0,820
azure2019,http,test,blackbox_matched_weight,120,1700000939,4,1701400954,1168,55.25715544125151,41.26507520409604,1.0,0.0,88.0,0.0,16.534757728387113,0.0,0.36599034375,0.4064247999999999,1.0,820
azure2019,async,test,dap,120,1700000940,0,1700000940,3860,47.85909729118217,37.68147155894508,0.978256009672428,0.046875,120.0,0.0,30.990459902377832,9.293143384849271,1.274086046875,1.4339647,1.0,821
azure2019,async,test,no_budget_horizon,120,1700000940,0,1700000940,3860,57.370971715005886,42.47221183627902,1.0000000000000002,0.0,117.0,0.0,7.035538875500419,0.0,1.192313890625,1.4826502,1.0,821
azure2019,async,test,blackbox_matched_weight,120,1700000940,0,1700000940,3860,47.61995461722484,37.487921181684,0.978256009672428,0.046875,120.0,0.0,32.19384178258703,9.293143384849271,0.495721796875,0.72456275,1.0,821
azure2019,async,test,dap,120,1700000940,1,1700100943,14,58.57189154629198,43.43160932689894,1.0000000000000002,0.0,29.0,0.0,1.2141292776027743,0.0,1.09451953125,1.8627653,1.0,821
azure2019,async,test,no_budget_horizon,120,1700000940,1,1700100943,14,58.23852259177878,43.195253573664445,0.9999999999999998,0.0,25.0,0.0,2.483099130853682,0.0,1.7564429218750002,1.867148,1.0,821
azure2019,async,test,blackbox_matched_weight,120,1700000940,1,1700100943,14,58.85634450217516,43.6310962311652,1.0,0.0,70.0,0.0,0.1026131343111691,0.0,1.3470162343749998,1.4272610499999998,1.0,821
azure2019,async,test,dap,120,1700000940,2,1700200946,2751,58.06387053701954,43.07943042040774,1.0,0.0,83.0,0.0,3.590356720779609,0.0,1.77511521875,1.8610556,1.0,821
azure2019,async,test,no_budget_horizon,120,1700000940,2,1700200946,2751,57.15471088832979,42.40072178611267,1.0,0.0,78.0,0.0,7.791042913018096,0.0,1.7003723281249998,1.79983805,1.0,821
azure2019,async,test,blackbox_matched_weight,120,1700000940,2,1700200946,2751,58.2393709763534,43.18429490334916,1.0,0.0,91.0,0.0,2.8665373559174467,0.0,1.312381140625,1.37544955,1.0,821
azure2019,async,test,dap,120,1700000940,3,1700300949,1113,-13.773530037557842,2.036659845602192,0.918873737461676,0.25,120.0,0.0,370.1609231323626,38.12432209818057,1.35893815625,1.7326835,1.0,821
azure2019,async,test,no_budget_horizon,120,1700000940,3,1700300949,1113,12.330022336107326,17.2654708546274,0.9422175479070516,0.171875,120.0,0.0,199.8026757198307,27.154176049631246,1.444242328125,1.7153514,1.0,821
azure2019,async,test,blackbox_matched_weight,120,1700000940,3,1700300949,1113,-111.75133105376396,-59.02964066151005,0.8479055875084742,0.453125,120.0,0.0,1206.437739308927,71.47496001583035,0.885471078125,1.3972190999999998,1.0,821
azure2019,async,test,dap,120,1700000940,4,1700400952,1102,-16.08936392697357,0.8055913118367344,0.9127491117762296,0.25,120.0,0.0,403.8518416741273,41.22460478505374,1.40371134375,1.7726971,1.0,821
azure2019,async,test,no_budget_horizon,120,1700000940,4,1700400952,1102,2.6708695494455297,11.765713043520396,0.9318949784242632,0.203125,120.0,0.0,261.22068682117094,32.178498757934925,1.4320121875,1.7460101,1.0,821
azure2019,async,test,blackbox_matched_weight,120,1700000940,4,1700400952,1102,-70.69952707126082,-32.4597973895425,0.866236756185762,0.359375,120.0,0.0,870.5590797065498,63.20092520853498,0.95182853125,1.3800776499999998,1.0,821
azure2019,http,test,dap,120,1700000940,0,1701000943,886,57.64440337606491,42.95702078280149,0.9926520043529816,0.0,120.0,0.0,5.954112100372716,3.0591563461706777,1.654156,1.796855,1.0,821
azure2019,http,test,no_budget_horizon,120,1700000940,0,1701000943,886,57.34207764918129,42.56367268266885,1.0,0.0,110.0,0.0,6.926156699710005,0.0,1.708238078125,1.7694217,1.0,821
azure2019,http,test,blackbox_matched_weight,120,1700000940,0,1701000943,886,57.73036267695745,42.88502212286784,1.0000000000000002,0.0,117.0,0.0,5.210154076567323,0.0,1.348992203125,1.39728555,1.0,821
azure2019,http,test,dap,120,1700000940,1,1701100946,3676,58.78188987266004,43.57715965214139,1.0,0.0,65.0,0.0,0.4281521657581209,0.0,1.735915953125,1.8079657,1.0,821
azure2019,http,test,no_budget_horizon,120,1700000940,1,1701100946,3676,58.78188987266004,43.57715965214139,1.0,0.0,65.0,0.0,0.4281521657581209,0.0,1.714567890625,1.82401285,1.0,821
azure2019,http,test,blackbox_matched_weight,120,1700000940,1,1701100946,3676,58.83229502032691,43.60648579556869,1.0,0.0,76.0,0.0,0.207567200369632,0.0,1.316547796875,1.38712835,1.0,821
azure2019,http,test,dap,120,1700000940,2,1701200949,840,48.515955964165215,38.07564961679847,0.9785587702990848,0.046875,120.0,0.0,26.978262776578752,9.043058117867933,1.612896234375,1.76336945,1.0,821
azure2019,http,test,no_budget_horizon,120,1700000940,2,1701200949,840,57.55319014976549,42.63625807491709,1.0,0.0,114.0,0.0,6.0169870133589045,0.0,1.792156546875,1.84148305,1.0,821
azure2019,http,test,blackbox_matched_weight,120,1700000940,2,1701200949,840,50.81088033896096,39.23310716482163,0.9809297856593144,0.03125,120.0,0.0,23.799376900897343,8.043058117867933,1.32037790625,1.4532664999999998,1.0,821
azure2019,http,test,dap,120,1700000940,3,1701300952,3544,58.88,43.64512314764825,1.0,0.0,65.0,0.0,0.0,0.0,1.830199625,1.91672225,1.0,821
azure2019,http,test,no_budget_horizon,120,1700000940,3,1701300952,3544,58.22080511271659,43.19248347111117,1.0,0.0,55.0,0.0,2.513505234889592,0.0,1.7668663906250002,1.84259835,1.0,821
azure2019,http,test,blackbox_matched_weight,120,1700000940,3,1701300952,3544,58.78569158315368,43.59140496000887,1.0,0.0,69.0,0.0,0.4241851389340763,0.0,1.3607328125000002,1.3954969,1.0,821
azure2019,http,test,dap,120,1700000940,4,1701400955,4127,58.21430014970704,43.11192149093321,1.0,0.0,76.0,0.0,2.916108227916392,0.0,1.79064803125,1.8563801,1.0,821
azure2019,http,test,no_budget_horizon,120,1700000940,4,1701400955,4127,57.20766474484374,42.34833208263269,1.0,0.0,72.0,0.0,7.432527163612302,0.0,1.80501925,1.87850315,1.0,821
azure2019,http,test,blackbox_matched_weight,120,1700000940,4,1701400955,4127,58.444395266571455,43.30146906110396,1.0,0.0,85.0,0.0,1.9074237902484483,0.0,1.398678375,1.44011715,1.0,821
azure2019,async,test,dap,120,1700000941,0,1700000941,3252,57.917631045420336,42.9863429468088,0.997997755888829,0.0,120.0,0.0,4.552607809090302,0.855760457372468,1.745980078125,1.85715895,1.0,822
azure2019,async,test,no_budget_horizon,120,1700000941,0,1700000941,3252,57.086253690381625,42.63986894248944,0.9904778156073852,0.0,120.0,0.0,9.145655390067372,4.069787907251214,1.67584159375,1.81655605,1.0,822
azure2019,async,test,blackbox_matched_weight,120,1700000941,0,1700000941,3252,56.31216374424128,41.832946774430944,1.0000000000000002,0.0,120.0,0.0,12.286379324951405,0.0,1.3713977812499998,1.4218584,1.0,822
azure2019,async,test,dap,120,1700000941,1,1700100944,98,58.57226289123309,43.42621060670995,1.0000000000000002,0.0,13.0,0.0,1.209411774206547,0.0,1.776757734375,1.85373995,1.0,822
azure2019,async,test,no_budget_horizon,120,1700000941,1,1700100944,98,58.84661270177169,43.621160064308825,1.0000000000000002,0.0,49.0,0.0,0.1455507146078627,0.0,1.73301459375,1.8516471,1.0,822
azure2019,async,test,blackbox_matched_weight,120,1700000941,1,1700100944,98,58.56271848202402,43.426136077816736,1.0,0.0,31.0,0.0,1.223065239162758,0.0,1.373293078125,1.45425355,1.0,822
azure2019,async,test,dap,120,1700000941,2,1700200947,540,58.47363781792065,43.31212216884391,1.0,0.0,71.0,0.0,1.884281308170323,0.0,1.792882859375,1.8697975,1.0,822
azure2019,async,test,no_budget_horizon,120,1700000941,2,1700200947,540,58.607920745727554,43.416618050660695,1.0000000000000002,0.0,73.0,0.0,1.290444998882811,0.0,1.746512578125,1.8172885,1.0,822
azure2019,async,test,blackbox_matched_weight,120,1700000941,2,1700200947,540,57.6674278070124,42.74639170264373,1.0,0.0,74.0,0.0,5.078966228629699,0.0,1.38404703125,1.460444,1.0,822
azure2019,async,test,dap,120,1700000941,3,1700300950,297,58.05789492518151,43.03340701055011,1.0,0.0,41.0,0.0,3.2103774916882197,0.0,1.767831875,1.86308145,1.0,822
azure2019,async,test,no_budget_horizon,120,1700000941,3,1700300950,297,58.8437339685671,43.6141316752651,1.0000000000000002,0.0,66.0,0.0,0.1547231071084711,0.0,1.746281375,1.8095677,1.0,822
azure2019,async,test,blackbox_matched_weight,120,1700000941,3,1700300950,297,56.69262274374676,42.10781714541804,1.0,0.0,47.0,0.0,8.829256402653527,0.0,1.400076609375,1.46909545,1.0,822
azure2019,async,test,dap,120,1700000941,4,1700400953,1207,45.82145961843048,36.34883326364248,0.972282331425778,0.046875,120.0,0.0,44.70421477325739,12.263855687703565,1.706870921875,1.8988099,1.0,822
azure2019,async,test,no_budget_horizon,120,1700000941,4,1700400953,1207,45.82145961843048,36.34883326364248,0.972282331425778,0.046875,120.0,0.0,44.70421477325739,12.263855687703565,1.659555359375,1.8559862,1.0,822
azure2019,async,test,blackbox_matched_weight,120,1700000941,4,1700400953,1207,54.38759579837374,40.73624167074741,0.9924038404430576,0.0,120.0,0.0,23.119000613195585,3.3609682696672465,1.390074078125,1.4702909,1.0,822
azure2019,http,test,dap,120,1700000941,0,1701000944,3466,58.81387806743263,43.58767999559815,1.0,0.0,64.0,0.0,0.2931326009730224,0.0,1.7641015625,1.85132275,1.0,822
azure2019,http,test,no_budget_horizon,120,1700000941,0,1701000944,3466,58.88,43.64512314764825,1.0,0.0,65.0,0.0,0.0,0.0,1.799981296875,1.8634845,1.0,822
azure2019,http,test,blackbox_matched_weight,120,1700000941,0,1701000944,3466,57.096632353298645,42.37128922782141,1.0,0.0,55.0,0.0,7.024987213597498,0.0,1.415407390625,1.5154205,1.0,822
azure2019,http,test,dap,120,1700000941,1,1701100947,1364,58.75552713529213,43.54886048184487,1.0,0.0,63.0,0.0,0.5342069277394321,0.0,1.780733296875,1.8430799,1.0,822
azure2019,http,test,no_budget_horizon,120,1700000941,1,1701100947,1364,58.88,43.64512314764825,1.0,0.0,65.0,0.0,0.0,0.0,1.778841625,1.8408961,1.0,822
azure2019,http,test,blackbox_matched_weight,120,1700000941,1,1701100947,1364,56.9074165947943,42.25266004103798,1.0000000000000002,0.0,49.0,0.0,7.733996817126666,0.0,1.39074059375,1.4828518,1.0,822
azure2019,http,test,dap,120,1700000941,2,1701200950,744,57.44899740007456,42.5139544056246,1.0,0.0,105.0,0.0,6.404149894964219,0.0,1.828585640625,1.91810235,1.0,822
azure2019,http,test,no_budget_horizon,120,1700000941,2,1701200950,744,58.43473380046085,43.28815107999817,1.0,0.0,118.0,0.0,2.0128982573782315,0.0,1.766593875,1.90562805,1.0,822
azure2019,http,test,blackbox_matched_weight,120,1700000941,2,1701200950,744,54.67391183510318,40.62087051380565,1.0,0.0,102.0,0.0,20.12874634853316,0.0,1.475404953125,1.56522555,1.0,822
azure2019,http,test,dap,120,1700000941,3,1701300953,4141,57.45348595574616,42.4125326688348,1.0,0.0,72.0,0.0,6.337383538917958,0.0,1.98874209375,2.26125905,1.0,822
azure2019,http,test,no_budget_horizon,120,1700000941,3,1701300953,4141,58.61679165799638,43.42091342616186,1.0,0.0,77.0,0.0,1.1458373146511065,0.0,1.909832109375,2.1384137,1.0,822
azure2019,http,test,blackbox_matched_weight,120,1700000941,3,1701300953,4141,57.40837321331624,42.5292942142912,1.0,0.0,81.0,0.0,6.4586171749825,0.0,1.51522490625,1.7770077999999991,1.0,822
azure2019,http,test,dap,120,1700000941,4,1701400956,246,58.74936154268107,43.531309498672094,1.0,0.0,61.0,0.0,0.4896330341185582,0.0,1.946868015625,2.0328502,1.0,822
azure2019,http,test,no_budget_horizon,120,1700000941,4,1701400956,246,58.88,43.64512314764825,1.0,0.0,64.0,0.0,0.0,0.0,2.01687490625,2.01706185,1.0,822
azure2019,http,test,blackbox_matched_weight,120,1700000941,4,1701400956,246,56.97984699872878,42.250248958749744,1.0,0.0,48.0,0.0,7.36194387922212,0.0,1.41327146875,1.4887527,1.0,822
azure2019,async,test,dap,120,1700000942,0,1700000942,1105,0.439791924502428,10.36859764905138,0.9304474737573046,0.203125,120.0,0.0,281.7563498410195,32.83040467602574,0.626485640625,0.79823265,1.0,823
azure2019,async,test,no_budget_horizon,120,1700000942,0,1700000942,1105,-0.9907881502394762,9.081381620577178,0.9304474737573046,0.203125,120.0,0.0,289.55698801790504,32.83040467602574,0.63594353125,0.80775375,1.0,823
azure2019,async,test,blackbox_matched_weight,120,1700000942,0,1700000942,1105,-32.28455247726934,-9.060127046987873,0.902896670067438,0.296875,120.0,0.0,512.7165507846643,45.83502266979791,0.373600625,0.4750523499999997,1.0,823
azure2019,async,test,dap,120,1700000942,1,1700100945,4107,57.388597394398815,42.59727996403704,1.0,0.0,106.0,0.0,7.140674960038921,0.0,1.68928765625,1.85958945,1.0,823
azure2019,async,test,no_budget_horizon,120,1700000942,1,1700100945,4107,57.21112289486732,42.4159727684189,1.0,0.0,100.0,0.0,7.461357405978052,0.0,1.709603125,1.76883865,1.0,823
azure2019,async,test,blackbox_matched_weight,120,1700000942,1,1700100945,4107,58.33008691718332,43.25544957228762,1.0,0.0,119.0,0.0,2.507090917939266,0.0,1.3209940000000002,1.36090885,1.0,823
azure2019,async,test,dap,120,1700000942,2,1700200948,3663,40.90275516308303,33.72577857245773,0.9681941545964352,0.078125,120.0,0.0,55.3360364912474,14.222314201036198,1.59424896875,1.73517795,1.0,823
azure2019,async,test,no_budget_horizon,120,1700000942,2,1700200948,3663,44.137485382351166,35.37102937955807,0.9731140894887994,0.0625,120.0,0.0,44.02424551848335,12.022314201036195,0.931779609375,1.72347105,1.0,823
azure2019,async,test,blackbox_matched_weight,120,1700000942,2,1700200948,3663,37.30128285978813,31.79727590232939,0.9632742197040712,0.09375,120.0,0.0,69.8038755100875,16.422314201036194,0.346381109375,0.4263388499999999,1.0,823
azure2019,async,test,dap,120,1700000942,3,1700300951,2057,57.84918695024026,42.956134318479,1.0,0.0,116.0,0.0,5.000888677401083,0.0,0.7900837812499999,0.89091465,1.0,823
azure2019,async,test,no_budget_horizon,120,1700000942,3,1700300951,2057,57.48989582234525,42.64393009055215,1.0,0.0,112.0,0.0,6.602744587133229,0.0,1.21131090625,1.84135215,1.0,823
azure2019,async,test,blackbox_matched_weight,120,1700000942,3,1700300951,2057,57.71097032287365,42.95384109649353,0.9962508302557008,0.0,120.0,0.0,5.634729789686793,1.55809684174422,0.3993143906249999,0.4693973999999997,1.0,823
azure2019,async,test,dap,120,1700000942,4,1700400954,3377,40.34729259345059,33.554507254887795,0.9692453997785966,0.078125,120.0,0.0,58.50024337881007,13.570019194898617,0.7163375781249999,0.9429172999999994,1.0,823
azure2019,async,test,no_budget_horizon,120,1700000942,4,1700400954,3377,44.02244381889892,35.547672636549365,0.973894769522654,0.0625,120.0,0.0,44.58237782085499,11.51855254545956,0.7168129062499999,0.8318429999999999,1.0,823
azure2019,async,test,blackbox_matched_weight,120,1700000942,4,1700400954,3377,40.15199742828884,33.43986180960329,0.9692453997785966,0.078125,120.0,0.0,59.5662688159273,13.570019194898617,0.3765369375,0.55500055,1.0,823
azure2019,http,test,dap,120,1700000942,0,1701000945,3725,58.20555524957305,43.17581191960414,1.0000000000000002,0.0,66.0,0.0,2.964129438756462,0.0,0.7686092656250001,0.8624487999999999,1.0,823
azure2019,http,test,no_budget_horizon,120,1700000942,0,1701000945,3725,58.20555524957305,43.17581191960414,1.0000000000000002,0.0,66.0,0.0,2.964129438756462,0.0,0.767458703125,0.8671674499999998,1.0,823
azure2019,http,test,blackbox_matched_weight,120,1700000942,0,1701000945,3725,58.63143043926713,43.49501479878597,1.0,0.0,78.0,0.0,1.085021231004207,0.0,1.309221625,1.37037095,1.0,823
azure2019,http,test,dap,120,1700000942,1,1701100948,3563,58.6755696935537,43.49640814054821,1.0,0.0,63.0,0.0,0.8784400910931334,0.0,1.7087894218750002,1.794241,1.0,823
azure2019,http,test,no_budget_horizon,120,1700000942,1,1701100948,3563,58.72607172528356,43.53940848792068,1.0,0.0,64.0,0.0,0.6876125571308647,0.0,1.580978578125,1.7824472,1.0,823
azure2019,http,test,blackbox_matched_weight,120,1700000942,1,1701100948,3563,57.51192908661497,42.66647852465539,1.0000000000000002,0.0,53.0,0.0,5.382085286300522,0.0,1.32533690625,1.39095015,1.0,823
azure2019,http,test,dap,120,1700000942,2,1701200951,3471,58.573750577850966,43.44520067871099,1.0,0.0,59.0,0.0,1.2053855298020029,0.0,0.859476015625,1.71990065,1.0,823
azure2019,http,test,no_budget_horizon,120,1700000942,2,1701200951,3471,58.81387806743263,43.58471962181101,1.0,0.0,63.0,0.0,0.2931326009730224,0.0,0.7735130625000001,0.9221939999999998,1.0,823
azure2019,http,test,blackbox_matched_weight,120,1700000942,2,1701200951,3471,56.98037013755721,42.417954784089176,1.0000000000000002,0.0,49.0,0.0,7.508668872440928,0.0,0.386072078125,0.51220055,1.0,823
azure2019,http,test,dap,120,1700000942,3,1701300954,99,58.437934864930384,43.3539787704916,1.0,0.0,57.0,0.0,1.6913805934023758,0.0,0.79010984375,0.9333145999999996,1.0,823
azure2019,http,test,no_budget_horizon,120,1700000942,3,1701300954,99,58.72934775610312,43.53310191365867,1.0,0.0,61.0,0.0,0.582564977088337,0.0,0.771315890625,0.87122825,1.0,823
azure2019,http,test,blackbox_matched_weight,120,1700000942,3,1701300954,99,56.4032688031788,42.04786156680435,1.0,0.0,49.0,0.0,9.78816339012857,0.0,0.382871453125,0.4650750499999999,1.0,823
azure2019,http,test,dap,120,1700000942,4,1701400957,3322,58.73294754736878,43.5451347862484,1.0,0.0,64.0,0.0,0.6558124148365909,0.0,0.78213821875,0.8723797999999999,1.0,823
azure2019,http,test,no_budget_horizon,120,1700000942,4,1701400957,3322,58.73294754736878,43.5451347862484,1.0,0.0,64.0,0.0,0.6558124148365909,0.0,0.758582609375,0.8303813,1.0,823
azure2019,http,test,blackbox_matched_weight,120,1700000942,4,1701400957,3322,58.02608359086625,43.01627838031547,1.0,0.0,59.0,0.0,3.4569224249825004,0.0,0.366857875,0.3964967,1.0,823
azure2019,async,test,dap,120,1700000943,0,1700000943,3767,57.802802505873714,42.916800512625365,0.9958501735357782,0.0,120.0,0.0,5.11831558325798,1.7596792452799868,1.379064078125,1.95719335,1.0,824
azure2019,async,test,no_budget_horizon,120,1700000943,0,1700000943,3767,57.38785425480911,42.7137217167068,0.9923274726537888,0.0,120.0,0.0,7.348173805499167,3.2534341487224694,1.3955215625,2.1121604,1.0,824
azure2019,async,test,blackbox_matched_weight,120,1700000943,0,1700000943,3767,56.65350682789878,42.17632425659815,1.0,0.0,116.0,0.0,10.529145935123667,0.0,1.4351719374999998,1.54836065,1.0,824
azure2019,async,test,dap,120,1700000943,1,1700100946,2977,58.15089237721375,43.14332088395032,1.0,0.0,78.0,0.0,3.2725968524705964,0.0,1.21570709375,1.94078515,1.0,824
azure2019,async,test,no_budget_horizon,120,1700000943,1,1700100946,2977,58.438954469237686,43.333073352534605,1.0,0.0,81.0,0.0,1.994389586994897,0.0,1.50424034375,2.0022486,1.0,824
azure2019,async,test,blackbox_matched_weight,120,1700000943,1,1700100946,2977,58.28052320499616,43.22044194204179,1.0000000000000002,0.0,89.0,0.0,2.695035898147029,0.0,1.3901551250000002,1.4602426,1.0,824
azure2019,async,test,dap,120,1700000943,2,1700200949,2810,57.60528663389351,42.75954526847088,1.0000000000000002,0.0,84.0,0.0,5.596296160257643,0.0,1.86448640625,1.95860985,1.0,824
azure2019,async,test,no_budget_horizon,120,1700000943,2,1700200949,2810,57.95963647983925,43.00372554879366,1.0000000000000002,0.0,89.0,0.0,4.025644282761187,0.0,1.940744953125,2.2275574499999986,1.0,824
azure2019,async,test,blackbox_matched_weight,120,1700000943,2,1700200949,2810,57.276353740010734,42.59205686753258,1.0000000000000002,0.0,91.0,0.0,7.139264729136597,0.0,1.352881203125,1.4470629499999998,1.0,824
azure2019,async,test,dap,120,1700000943,3,1700300952,1223,46.5166699688906,36.83501773370831,0.9756741926618938,0.046875,120.0,0.0,39.809450122777584,10.688692063063773,1.637825453125,1.9030556,1.0,824
azure2019,async,test,no_budget_horizon,120,1700000943,3,1700300952,1223,43.4765594188557,35.247313300643825,0.971154590761052,0.0625,120.0,0.0,49.315546277662136,12.674592563478347,1.5929043125,1.77899805,1.0,824
azure2019,async,test,blackbox_matched_weight,120,1700000943,3,1700300952,1223,38.53946213436368,32.41417117370218,0.966506391112465,0.078125,120.0,0.0,69.8537582572532,14.716998556456929,0.6748206875,1.35896775,1.0,824
azure2019,async,test,dap,120,1700000943,4,1700400955,2144,57.84511919054418,43.0116157241704,0.9944614966103056,0.0,120.0,0.0,4.969773633170667,2.3296702606778226,1.19082265625,1.86661035,1.0,824
azure2019,async,test,no_budget_horizon,120,1700000943,4,1700400955,2144,57.84511919054418,43.0116157241704,0.9944614966103056,0.0,120.0,0.0,4.969773633170667,2.3296702606778226,0.8019852656249999,1.1198476499999983,1.0,824
azure2019,async,test,blackbox_matched_weight,120,1700000943,4,1700400955,2144,57.24099748709615,42.527034033601794,1.0,0.0,117.0,0.0,7.795195107115072,0.0,0.37062478125,0.4172419,1.0,824
azure2019,http,test,dap,120,1700000943,0,1701000946,3911,58.59187385463084,43.438594000506825,1.0,0.0,70.0,0.0,1.262227359472455,0.0,0.7460651249999999,0.8109486499999998,1.0,824
azure2019,http,test,no_budget_horizon,120,1700000943,0,1701000946,3911,58.64621824891224,43.48541293362205,1.0,0.0,70.0,0.0,1.0204949184521972,0.0,0.746357234375,0.7980516499999999,1.0,824
azure2019,http,test,blackbox_matched_weight,120,1700000943,0,1701000946,3911,58.68097750957439,43.49741428463608,1.0,0.0,75.0,0.0,0.8698851624858062,0.0,0.662499828125,1.31234525,1.0,824
azure2019,http,test,dap,120,1700000943,1,1701100949,3508,58.82740033450004,43.60633897484568,1.0,0.0,62.0,0.0,0.2202714718464449,0.0,0.785468921875,0.9670777499999998,1.0,824
azure2019,http,test,no_budget_horizon,120,1700000943,1,1701100949,3508,58.82740033450004,43.60633897484568,1.0,0.0,62.0,0.0,0.2202714718464449,0.0,1.19449425,1.84230445,1.0,824
azure2019,http,test,blackbox_matched_weight,120,1700000943,1,1701100949,3508,58.26266147570317,43.11166870010462,1.0,0.0,58.0,0.0,2.396135801711509,0.0,0.7643547656249999,1.42883075,1.0,824
azure2019,http,test,dap,120,1700000943,2,1701200952,433,58.88,43.64512314764825,1.0,0.0,65.0,0.0,0.0,0.0,1.0178714375,1.7845091999999998,1.0,824
azure2019,http,test,no_budget_horizon,120,1700000943,2,1701200952,433,58.88,43.64512314764825,1.0,0.0,65.0,0.0,0.0,0.0,0.7544995156250001,0.80577375,1.0,824
azure2019,http,test,blackbox_matched_weight,120,1700000943,2,1701200952,433,58.88,43.64512314764825,1.0,0.0,66.0,0.0,0.0,0.0,0.359164828125,0.3818308999999999,1.0,824
azure2019,http,test,dap,120,1700000943,3,1701300955,1756,58.4644741357273,43.34564170685931,0.9999999999999998,0.0,37.0,0.0,1.5458412046030965,0.0,1.3074629999999998,1.8789236,1.0,824
azure2019,http,test,no_budget_horizon,120,1700000943,3,1701300955,1756,58.37422353863511,43.25348506364214,0.9999999999999998,0.0,37.0,0.0,1.886638166528285,0.0,0.98510246875,1.7570702,1.0,824
azure2019,http,test,blackbox_matched_weight,120,1700000943,3,1701300955,1756,58.1592102897073,43.07156233435733,0.9999999999999998,0.0,50.0,0.0,2.789800896023414,0.0,0.376564515625,0.4831216999999999,1.0,824
azure2019,http,test,dap,120,1700000943,4,1701400958,2871,58.606212650920654,43.42521974316504,1.0,0.0,54.0,0.0,1.0238899870214118,0.0,0.7685109375,0.8665939999999998,1.0,824
azure2019,http,test,no_budget_horizon,120,1700000943,4,1701400958,2871,58.77122484565901,43.54630865547061,1.0,0.0,59.0,0.0,0.405429996905867,0.0,0.7830988437499999,0.8447951,1.0,824
azure2019,http,test,blackbox_matched_weight,120,1700000943,4,1701400958,2871,58.31709955682763,43.17374908631629,1.0,0.0,59.0,0.0,2.1580969150892697,0.0,0.406729859375,0.4985751499999998,1.0,824
azure2019,async,test,dap,120,1700000944,0,1700000944,2581,41.51642419046957,34.21612994093477,0.9715131979145486,0.078125,120.0,0.0,49.45387130208304,12.139496749299596,0.709185421875,0.9020475999999996,1.0,825
azure2019,async,test,no_budget_horizon,120,1700000944,0,1700000944,2581,47.922331950132914,37.702467200637486,0.978306511110475,0.046875,120.0,0.0,31.02685279154335,9.244563045911466,0.732163609375,0.8283968,1.0,825
azure2019,async,test,blackbox_matched_weight,120,1700000944,0,1700000944,2581,27.03113052621245,25.68517887034973,0.9575255646055462,0.125,120.0,0.0,113.39693318607767,18.100251086542382,0.32145234375,0.4005635499999999,1.0,825
azure2019,async,test,dap,120,1700000944,1,1700100947,1541,58.79789273127581,43.57860345203097,1.0,0.0,86.0,0.0,0.396830202554562,0.0,0.75882415625,0.83608625,1.0,825
azure2019,async,test,no_budget_horizon,120,1700000944,1,1700100947,1541,58.75553348724658,43.54927482950877,1.0,0.0,112.0,0.0,0.543129709620727,0.0,0.740859421875,0.8066107999999997,1.0,825
azure2019,async,test,blackbox_matched_weight,120,1700000944,1,1700100947,1541,58.57419818087144,43.41241211681067,1.0,0.0,104.0,0.0,1.3844901552469384,0.0,0.3619723125,0.4016231999999998,1.0,825
azure2019,async,test,dap,120,1700000944,2,1700200950,154,58.86758004341983,43.638523915153066,0.999866383396962,0.0,120.0,0.0,0.045923488965494,0.0422134451047542,0.7455568593749999,0.9191725999999996,1.0,825
azure2019,async,test,no_budget_horizon,120,1700000944,2,1700200950,154,50.567891641826265,38.00697331682528,0.999866383396962,0.0,120.0,0.0,39.83459384220606,0.0422134451047542,0.4838823593749999,0.7627612,1.0,825
azure2019,async,test,blackbox_matched_weight,120,1700000944,2,1700200950,154,58.88,43.64512314764825,1.0,0.0,115.0,0.0,0.0,0.0,0.359435375,0.3792599499999999,1.0,825
azure2019,async,test,dap,120,1700000944,3,1700300953,818,58.72141195839771,43.52869764118815,1.0,0.0,98.0,0.0,0.6873168694340395,0.0,0.7546875468750001,0.82857115,1.0,825
azure2019,async,test,no_budget_horizon,120,1700000944,3,1700300953,818,57.7245619746468,42.88701304220826,0.9949356281198068,0.0,120.0,0.0,5.145610478327667,1.9855126599612865,0.7473679375000001,0.8555221,1.0,825
azure2019,async,test,blackbox_matched_weight,120,1700000944,3,1700300953,818,58.196492833811135,43.0757699590787,1.0,0.0,120.0,0.0,3.037947111575069,0.0,0.36532771875,0.3846229,1.0,825
azure2019,async,test,dap,120,1700000944,4,1700400956,1338,43.53972802667061,35.263487231477846,0.9776104077079454,0.0625,120.0,0.0,45.58656714165133,9.814152086833872,0.6875021406249999,0.8066657499999998,1.0,825
azure2019,async,test,no_budget_horizon,120,1700000944,4,1700400956,1338,33.99656215090015,29.951985919037973,0.9699644373774678,0.109375,120.0,0.0,74.15722917535714,13.165651957662536,0.74644671875,0.9954111,1.0,825
azure2019,async,test,blackbox_matched_weight,120,1700000944,4,1700400956,1338,-2.266065131777141,8.75201774530256,0.9344753421986558,0.21875,120.0,0.0,286.03984573719686,28.721780580539946,0.5625901718749999,1.4193827999999995,1.0,825
azure2019,http,test,dap,120,1700000944,0,1701000947,988,54.41663083404707,41.250817753773646,0.9874440167533152,0.015625,120.0,0.0,13.174784888554075,5.318948017335842,0.926159484375,1.81748785,1.0,825
azure2019,http,test,no_budget_horizon,120,1700000944,0,1701000947,988,57.16259305650239,42.71018846718398,0.9903698067035503,0.0,120.0,0.0,8.662049490728569,4.079528981072524,0.8921781718749999,1.7404527,1.0,825
azure2019,http,test,blackbox_matched_weight,120,1700000944,0,1701000947,988,23.09626996311356,23.245177851955795,0.9602261140440912,0.140625,120.0,0.0,123.85458065976955,16.848957798886797,0.322137171875,0.4241437499999999,1.0,825
azure2019,http,test,dap,120,1700000944,1,1701100950,744,58.19361458664295,43.23048472067418,0.9956354997405584,0.0,120.0,0.0,3.143829066839513,1.7863963800995029,0.75659896875,0.8366660999999999,1.0,825
azure2019,http,test,no_budget_horizon,120,1700000944,1,1701100950,744,50.661358644150674,39.13232328894597,0.9821108845964612,0.03125,120.0,0.0,24.053053223685023,7.322041264846405,1.47883284375,2.0013090499999997,1.0,825
azure2019,http,test,blackbox_matched_weight,120,1700000944,1,1701100950,744,46.10617263896074,36.35546649752698,0.9780964710704672,0.046875,120.0,0.0,39.11399270098342,8.965146629669047,0.349151390625,0.4052343499999998,1.0,825
azure2019,http,test,dap,120,1700000944,2,1701200953,2202,58.84973774130611,43.625865772602,1.0,0.0,68.0,0.0,0.1308768923753049,0.0,0.8494583593749999,1.16764265,1.0,825
azure2019,http,test,no_budget_horizon,120,1700000944,2,1701200953,2202,-8.181893817984118,4.705172225984271,0.9524063570202036,0.28125,120.0,0.0,226.94937853164643,17.234246945406973,0.659586796875,1.6225479499999975,1.0,825
azure2019,http,test,blackbox_matched_weight,120,1700000944,2,1701200953,2202,58.81984586972232,43.59951209415691,1.0,0.0,82.0,0.0,0.2607243695883232,0.0,0.4006371093749999,0.5243689499999998,1.0,825
azure2019,http,test,dap,120,1700000944,3,1701300956,888,54.06621803635672,41.06464355425214,0.9865700810912724,0.015625,120.0,0.0,15.299674275803936,5.582035261793953,0.741107515625,0.8628298999999999,1.0,825
azure2019,http,test,no_budget_horizon,120,1700000944,3,1701300956,888,57.70759329540722,42.98809173282912,0.9932482820541952,0.0,120.0,0.0,5.562623672962604,2.806295995330081,0.73737009375,0.8398700499999999,1.0,825
azure2019,http,test,blackbox_matched_weight,120,1700000944,3,1701300956,888,39.41552401416586,32.569851767117555,0.9743776744399144,0.078125,120.0,0.0,57.2335299077739,10.649708738942502,0.32370025,0.365192,1.0,825
azure2019,http,test,dap,120,1700000944,4,1701400959,3256,58.88,43.64512314764825,1.0,0.0,68.0,0.0,0.0,0.0,0.8287661875,1.1158718,1.0,825
azure2019,http,test,no_budget_horizon,120,1700000944,4,1701400959,3256,-3.4993599784341267,7.25385466618799,0.9623105469560445,0.265625,120.0,0.0,186.25171747710465,12.716341681853812,0.495291125,0.8683579,1.0,825
azure2019,http,test,blackbox_matched_weight,120,1700000944,4,1701400959,3256,58.88,43.64512314764825,1.0,0.0,67.0,0.0,0.0,0.0,0.3802778437499999,0.5495978499999998,1.0,825
azure2019,async,test,dap,120,1700000945,0,1700000945,3567,39.42706645213155,32.736279952121514,0.970612759538738,0.078125,120.0,0.0,60.22390436537332,12.454786254629724,0.824746234375,1.2132267499999996,1.0,826
azure2019,async,test,no_budget_horizon,120,1700000945,0,1700000945,3567,47.546621252481565,37.41727178380735,0.9785542950261206,0.046875,120.0,0.0,31.54424495635624,9.08903549081475,1.004096734375,1.8145918,1.0,826
azure2019,async,test,blackbox_matched_weight,120,1700000945,0,1700000945,3567,15.677192737958825,18.862690949091345,0.9520959391856596,0.171875,120.0,0.0,155.70204797298362,20.30251322705412,0.324643,0.39611105,1.0,826
azure2019,async,test,dap,120,1700000945,1,1700100948,2615,58.00916149606279,43.019453939342775,0.9974830421616698,0.0,120.0,0.0,3.806143038606151,1.0362093674237558,0.7885166562500001,0.91617905,1.0,826
azure2019,async,test,no_budget_horizon,120,1700000945,1,1700100948,2615,58.39584127966463,43.2794704709005,1.0,0.0,117.0,0.0,2.1630242997521245,0.0,0.7514992968750001,0.8190155,1.0,826
azure2019,async,test,blackbox_matched_weight,120,1700000945,1,1700100948,2615,50.813176308450124,38.69786450284305,0.9869771192000012,0.015625,120.0,0.0,30.24205568971856,5.361405292650748,0.341158015625,0.3802675,1.0,826
azure2019,async,test,dap,120,1700000945,2,1700200951,3775,43.73328282909125,35.178510094388066,0.97717720505758,0.0625,120.0,0.0,43.03017803100873,9.63882083559166,0.7210854062500001,0.97347465,1.0,826
azure2019,async,test,no_budget_horizon,120,1700000945,2,1700200951,3775,53.9865786891611,40.981887850534335,0.9864536646474588,0.015625,120.0,0.0,15.627606456859375,5.72106526704583,0.741767796875,0.91785595,1.0,826
azure2019,async,test,blackbox_matched_weight,120,1700000945,2,1700200951,3775,26.57983409820354,25.214061058307948,0.9630919588907848,0.125,120.0,0.0,109.40693242205286,15.587485956120055,0.3291053593749999,0.4941151499999996,1.0,826
azure2019,async,test,dap,120,1700000945,3,1700300954,3539,54.173002475263296,40.9017832984018,0.9867606790179628,0.015625,120.0,0.0,14.260113690963491,5.566404845449796,0.72439603125,0.7856932999999999,1.0,826
azure2019,async,test,no_budget_horizon,120,1700000945,3,1700300954,3539,48.10938937759684,37.79372973186992,0.9770474299974468,0.046875,120.0,0.0,29.10336230666525,9.65029075517426,0.6902059687500001,0.77243875,1.0,826
azure2019,async,test,blackbox_matched_weight,120,1700000945,3,1700300954,3539,32.434814746154515,28.27003046755782,0.9647755901725276,0.09375,120.0,0.0,89.6764029094428,14.809923092564985,0.3318037031249999,0.4293269999999997,1.0,826
azure2019,async,test,dap,120,1700000945,4,1700400957,2876,58.10036615961553,43.07609584539939,1.0,0.0,97.0,0.0,3.445426435006274,0.0,0.73531696875,0.7822463,1.0,826
azure2019,async,test,no_budget_horizon,120,1700000945,4,1700400957,2876,58.14879391564359,43.14016463593492,1.0,0.0,100.0,0.0,3.220394517547902,0.0,0.7642371875,0.8394533499999999,1.0,826
azure2019,async,test,blackbox_matched_weight,120,1700000945,4,1700400957,2876,55.129271770483015,40.78277882091108,1.0,0.0,111.0,0.0,17.995811287630012,0.0,0.3636135,0.4338686499999997,1.0,826
azure2019,http,test,dap,120,1700000945,0,1701000948,3810,58.47101515553801,43.34229957140573,1.0,0.0,71.0,0.0,1.79429541301315,0.0,0.76359315625,0.8412050999999998,1.0,826
azure2019,http,test,no_budget_horizon,120,1700000945,0,1701000948,3810,58.45429175099903,43.33314924952885,1.0,0.0,68.0,0.0,1.8665818037056257,0.0,0.756602890625,0.8125484499999999,1.0,826
azure2019,http,test,blackbox_matched_weight,120,1700000945,0,1701000948,3810,58.527721906763496,43.39102461661286,0.999559996455314,0.0,93.0,0.0,1.5477960926782766,0.1660176311022425,0.36020665625,0.3756643,1.0,826
azure2019,http,test,dap,120,1700000945,1,1701100951,1990,58.80934111471673,43.6023740933547,1.0,0.0,64.0,0.0,0.3139760320595783,0.0,0.7460431562500001,0.8218154,1.0,826
azure2019,http,test,no_budget_horizon,120,1700000945,1,1701100951,1990,58.80934111471673,43.6023740933547,1.0,0.0,64.0,0.0,0.3139760320595783,0.0,0.756597203125,0.8113541,1.0,826
azure2019,http,test,blackbox_matched_weight,120,1700000945,1,1701100951,1990,58.80934111471673,43.6023740933547,1.0,0.0,71.0,0.0,0.3139760320595783,0.0,0.361471453125,0.37578085,1.0,826
azure2019,http,test,dap,120,1700000945,2,1701200954,1533,58.83846869596236,43.61346206059783,1.0,0.0,64.0,0.0,0.1818107031164908,0.0,0.772118546875,0.8169853499999999,1.0,826
azure2019,http,test,no_budget_horizon,120,1700000945,2,1701200954,1533,58.83846869596236,43.61346206059783,1.0,0.0,65.0,0.0,0.1818107031164908,0.0,0.77702140625,0.8143132999999999,1.0,826
azure2019,http,test,blackbox_matched_weight,120,1700000945,2,1701200954,1533,58.83846869596236,43.61346206059783,1.0,0.0,67.0,0.0,0.1818107031164908,0.0,0.394890078125,0.4302189999999999,1.0,826
azure2019,http,test,dap,120,1700000945,3,1701300957,1822,58.83281761909892,43.612918596760686,1.0,0.0,64.0,0.0,0.2071480977843371,0.0,0.78401425,0.8310592499999999,1.0,826
azure2019,http,test,no_budget_horizon,120,1700000945,3,1701300957,1822,58.83281761909892,43.612918596760686,1.0,0.0,64.0,0.0,0.2071480977843371,0.0,0.758099984375,0.79907165,1.0,826
azure2019,http,test,blackbox_matched_weight,120,1700000945,3,1701300957,1822,58.83281761909892,43.612918596760686,1.0,0.0,68.0,0.0,0.2071480977843371,0.0,0.387007125,0.4170066,1.0,826
azure2019,http,test,dap,120,1700000945,4,1701400960,3394,58.71029165492045,43.51510815490504,1.0,0.0,64.0,0.0,0.7590813074402645,0.0,0.78313128125,0.8842301499999999,1.0,826
azure2019,http,test,no_budget_horizon,120,1700000945,4,1701400960,3394,58.71029165492045,43.51510815490504,1.0,0.0,64.0,0.0,0.7590813074402645,0.0,0.7727890156249999,0.8302229,1.0,826
azure2019,http,test,blackbox_matched_weight,120,1700000945,4,1701400960,3394,58.71029165492045,43.51510815490504,1.0,0.0,68.0,0.0,0.7590813074402645,0.0,0.39404178125,0.42382465,1.0,826
azure2019,async,test,dap,120,1700000946,0,1700000946,839,57.8236151130543,42.81004112142153,1.0,0.0,75.0,0.0,4.699767756111403,0.0,0.7619034062500001,0.9871655999999992,1.0,827
azure2019,async,test,no_budget_horizon,120,1700000946,0,1700000946,839,57.42174871806494,42.54261236272712,1.0,0.0,72.0,0.0,6.277830577681108,0.0,0.738776125,0.7846686,1.0,827
azure2019,async,test,blackbox_matched_weight,120,1700000946,0,1700000946,839,58.50704602657688,43.34780227769845,1.0,0.0,83.0,0.0,1.734750184218548,0.0,0.367041734375,0.4195868499999999,1.0,827
azure2019,async,test,dap,120,1700000946,1,1700100949,1383,55.95518662959036,41.50917718422357,1.0,0.0,100.0,0.0,13.817380923539384,0.0,0.75261503125,0.8391341,1.0,827
azure2019,async,test,no_budget_horizon,120,1700000946,1,1700100949,1383,55.422071663527966,41.14361563083988,1.0,0.0,99.0,0.0,16.380886454543095,0.0,0.803393109375,1.0115945,1.0,827
azure2019,async,test,blackbox_matched_weight,120,1700000946,1,1700100949,1383,57.61336309380067,42.65413795465731,1.0,0.0,118.0,0.0,5.848449196759387,0.0,0.35721559375,0.3832658,1.0,827
azure2019,async,test,dap,120,1700000946,2,1700200952,3333,53.58739628382117,40.534060594716216,0.9870827635265154,0.015625,120.0,0.0,17.521177646986764,5.654999292009238,0.769272875,0.8930761999999999,1.0,827
azure2019,async,test,no_budget_horizon,120,1700000946,2,1700200952,3333,55.86811015774629,41.52375760430655,0.9976418174820902,0.0,120.0,0.0,15.375500560028366,1.0323818485929,0.749870328125,0.8379110999999999,1.0,827
azure2019,async,test,blackbox_matched_weight,120,1700000946,2,1700200952,3333,43.6732353043636,35.25551103800776,0.9728120068688636,0.0625,120.0,0.0,46.64520969830535,11.902552238888624,0.33324221875,0.3835961499999999,1.0,827
azure2019,async,test,dap,120,1700000946,3,1700300955,1668,57.87687473272967,43.012726597049394,1.0,0.0,69.0,0.0,4.446462853196755,0.0,0.876978765625,1.6629966,1.0,827
azure2019,async,test,no_budget_horizon,120,1700000946,3,1700300955,1668,57.07293820480496,42.48818700706566,1.0,0.0,67.0,0.0,8.074454331746631,0.0,0.947338453125,1.8482691,1.0,827
azure2019,async,test,blackbox_matched_weight,120,1700000946,3,1700300955,1668,58.6232352260664,43.45648650619222,1.0,0.0,78.0,0.0,1.1301808594528566,0.0,0.385319359375,0.4713704999999999,1.0,827
azure2019,async,test,dap,120,1700000946,4,1700400958,3470,57.94501205012872,42.95130263041821,1.0,0.0,120.0,0.0,4.327884491420845,0.0,0.74691121875,0.79391505,1.0,827
azure2019,async,test,no_budget_horizon,120,1700000946,4,1700400958,3470,57.39298165541204,42.610396550212926,1.0,0.0,117.0,0.0,6.847703649669557,0.0,0.7972036875,1.082736499999999,1.0,827
azure2019,async,test,blackbox_matched_weight,120,1700000946,4,1700400958,3470,56.545096173883,42.292790608490094,0.9902328575363212,0.0,120.0,0.0,11.835557750377758,4.1782502325807584,0.35102934375,0.3835799,1.0,827
azure2019,http,test,dap,120,1700000946,0,1701000949,477,58.87681996249528,43.64262466169384,1.0,0.0,66.0,0.0,0.013650865869927,0.0,0.793354640625,1.02455525,1.0,827
azure2019,http,test,no_budget_horizon,120,1700000946,0,1701000949,477,58.62637581181575,43.401051121826185,1.0,0.0,65.0,0.0,1.148812725584448,0.0,0.7542544062500001,0.8575210999999997,1.0,827
azure2019,http,test,blackbox_matched_weight,120,1700000946,0,1701000949,477,58.87681996249528,43.64262466169384,1.0,0.0,69.0,0.0,0.013650865869927,0.0,0.364723234375,0.4367577999999998,1.0,827
azure2019,http,test,dap,120,1700000946,1,1701100952,3137,58.45922675835855,43.35597508125012,1.0,0.0,13.0,0.0,1.5796962869415276,0.0,0.75548221875,0.8571813999999998,1.0,827
azure2019,http,test,no_budget_horizon,120,1700000946,1,1701100952,3137,56.96804087004834,42.35505906794632,1.0,0.0,8.0,0.0,7.505309921570253,0.0,0.75619465625,0.810585,1.0,827
azure2019,http,test,blackbox_matched_weight,120,1700000946,1,1701100952,3137,58.44946386479299,43.31859436428873,1.0000000000000002,0.0,35.0,0.0,1.6358822274868272,0.0,0.3617779687499999,0.38662365,1.0,827
azure2019,http,test,dap,120,1700000946,2,1701200955,279,58.34745578463353,43.261571848479846,1.0,0.0,56.0,0.0,2.0257337073369284,0.0,0.777550515625,0.9742094,1.0,827
azure2019,http,test,no_budget_horizon,120,1700000946,2,1701200955,279,57.00744375587264,42.264992201459066,1.0,0.0,42.0,0.0,7.221043530754961,0.0,0.76225303125,0.8840874,1.0,827
azure2019,http,test,blackbox_matched_weight,120,1700000946,2,1701200955,279,58.25821343529407,43.19655191897311,1.0,0.0,57.0,0.0,2.380542831993079,0.0,0.364690453125,0.4646758499999996,1.0,827
azure2019,http,test,dap,120,1700000946,3,1701300958,502,58.13143251707663,43.18265487512882,1.0,0.0,68.0,0.0,3.340255014170441,0.0,0.803531,1.0589215499999998,1.0,827
azure2019,http,test,no_budget_horizon,120,1700000946,3,1701300958,502,57.882960098451136,43.03186734727649,1.0,0.0,67.0,0.0,4.458164720098756,0.0,0.745388828125,0.7862155499999999,1.0,827
azure2019,http,test,blackbox_matched_weight,120,1700000946,3,1701300958,502,58.78810484283481,43.58901685528308,1.0,0.0,80.0,0.0,0.4011950547300715,0.0,0.3650888124999999,0.4355596499999997,1.0,827
azure2019,http,test,dap,120,1700000946,4,1701400961,2525,58.56883126820089,43.34434208539027,1.0,0.0,65.0,0.0,1.3707833976882924,0.0,0.7464286249999998,0.8218246499999999,1.0,827
azure2019,http,test,no_budget_horizon,120,1700000946,4,1701400961,2525,57.753583818663785,42.81990699804962,1.0000000000000002,0.0,59.0,0.0,4.725611973746544,0.0,0.7413179687499999,0.791488,1.0,827
azure2019,http,test,blackbox_matched_weight,120,1700000946,4,1701400961,2525,58.82811052727614,43.59504615292401,1.0,0.0,68.0,0.0,0.2248176840777205,0.0,0.35317909375,0.3808455999999999,1.0,827
azure2019,async,test,dap,120,1700000947,0,1700000947,2494,40.85579490642117,33.71727039417135,0.9737702611198316,0.078125,120.0,0.0,52.76804532239443,11.598030416023535,1.65552496875,1.84386375,1.0,828
azure2019,async,test,no_budget_horizon,120,1700000947,0,1700000947,2494,40.85579490642117,33.71727039417135,0.9737702611198316,0.078125,120.0,0.0,52.76804532239443,11.598030416023535,1.641301265625,1.82619315,1.0,828
azure2019,async,test,blackbox_matched_weight,120,1700000947,0,1700000947,2494,42.74819397772899,34.708990999286826,0.9760526572407728,0.0625,120.0,0.0,50.51430958937921,10.58882099335164,1.2844844062499998,1.4974095,1.0,828
azure2019,async,test,dap,120,1700000947,1,1700100950,265,58.43944467628043,43.35116103590477,1.0,0.0,35.0,0.0,1.6943872769508204,0.0,1.6257038125,1.8457681,1.0,828
azure2019,async,test,no_budget_horizon,120,1700000947,1,1700100950,265,58.76614553174207,43.56312440524812,1.0,0.0,42.0,0.0,0.4588219524687087,0.0,0.8231671875,1.6653895999999964,1.0,828
azure2019,async,test,blackbox_matched_weight,120,1700000947,1,1700100950,265,58.411737870141216,43.37471641242904,1.0,0.0,69.0,0.0,1.8832748901686476,0.0,1.335208859375,1.43911295,1.0,828
azure2019,async,test,dap,120,1700000947,2,1700200953,3421,44.67843970980136,35.79498383445849,0.9758183792873032,0.0625,120.0,0.0,39.42878871946864,10.77785326296558,1.686183703125,1.84132115,1.0,828
azure2019,async,test,no_budget_horizon,120,1700000947,2,1700200953,3421,39.3695774808604,32.96998139297684,0.9663138610945622,0.078125,120.0,0.0,67.19522297752636,15.014058256568994,1.627082171875,1.81841865,1.0,828
azure2019,async,test,blackbox_matched_weight,120,1700000947,2,1700200953,3421,48.67799715124201,37.440862763551806,0.982014838117572,0.03125,120.0,0.0,34.79831959031148,8.016064679143426,1.3170651875,1.4579821,1.0,828
azure2019,async,test,dap,120,1700000947,3,1700300956,2894,57.63808518418957,42.72047674267408,1.0,0.0,84.0,0.0,5.471412870577713,0.0,1.7908939999999998,1.832294,1.0,828
azure2019,async,test,no_budget_horizon,120,1700000947,3,1700300956,2894,58.34521155346111,43.23249441897672,1.0,0.0,88.0,0.0,2.32775597805733,0.0,1.21154803125,1.8426259,1.0,828
azure2019,async,test,blackbox_matched_weight,120,1700000947,3,1700300956,2894,57.68568079176947,42.73178975157959,1.0,0.0,93.0,0.0,5.32677480327746,0.0,0.36194753125,0.3792245999999999,1.0,828
azure2019,async,test,dap,120,1700000947,4,1700400959,310,58.0898220702766,43.078714606628594,1.0,0.0,44.0,0.0,2.989388215133273,0.0,0.772129,0.90636495,1.0,828
azure2019,async,test,no_budget_horizon,120,1700000947,4,1700400959,310,58.758154979494826,43.55081763815298,1.0,0.0,59.0,0.0,0.4854973588332765,0.0,0.757546828125,0.80593845,1.0,828
azure2019,async,test,blackbox_matched_weight,120,1700000947,4,1700400959,310,58.59650700632763,43.47629519102573,1.0,0.0,74.0,0.0,1.1370275453706906,0.0,0.402884265625,0.6361924499999999,1.0,828
azure2019,http,test,dap,120,1700000947,0,1701000950,692,57.28394411240447,42.48135732645344,1.0,0.0,84.0,0.0,7.047200226031211,0.0,0.79182778125,0.9543734,1.0,828
azure2019,http,test,no_budget_horizon,120,1700000947,0,1701000950,692,58.13851028476053,43.10717812669396,1.0,0.0,92.0,0.0,3.2499916564242435,0.0,0.8149816718749999,0.9767945,1.0,828
azure2019,http,test,blackbox_matched_weight,120,1700000947,0,1701000950,692,55.90740881062027,41.649892359758674,1.0,0.0,99.0,0.0,13.525545816974825,0.0,0.422684734375,0.6656984499999999,1.0,828
azure2019,http,test,dap,120,1700000947,1,1701100953,2239,58.75743746758917,43.55270533072005,1.0,0.0,65.0,0.0,0.5324098973574891,0.0,0.823023546875,1.05291155,1.0,828
azure2019,http,test,no_budget_horizon,120,1700000947,1,1701100953,2239,58.75743746758917,43.55270533072005,1.0,0.0,65.0,0.0,0.5324098973574891,0.0,0.843755234375,1.0607440999999995,1.0,828
azure2019,http,test,blackbox_matched_weight,120,1700000947,1,1701100953,2239,58.7898235803525,43.5701611152143,1.0,0.0,69.0,0.0,0.3917746840628116,0.0,0.3951752968749999,0.43779395,1.0,828
azure2019,http,test,dap,120,1700000947,2,1701200956,4180,58.80454990799751,43.59352182023768,1.0,0.0,65.0,0.0,0.3291632384699623,0.0,0.7999379531249999,0.9504228499999996,1.0,828
azure2019,http,test,no_budget_horizon,120,1700000947,2,1701200956,4180,58.80454990799751,43.59352182023768,1.0,0.0,65.0,0.0,0.3291632384699623,0.0,0.808312125,0.9636954499999996,1.0,828
azure2019,http,test,blackbox_matched_weight,120,1700000947,2,1701200956,4180,58.70148043927493,43.53824893917277,1.0,0.0,67.0,0.0,0.7299658708113714,0.0,0.4062756875,0.53983845,1.0,828
azure2019,http,test,dap,120,1700000947,3,1701300959,3606,58.85198262352186,43.62979325400588,1.0,0.0,65.0,0.0,0.1218055893929781,0.0,0.805082953125,0.94918585,1.0,828
azure2019,http,test,no_budget_horizon,120,1700000947,3,1701300959,3606,58.85198262352186,43.62979325400588,1.0,0.0,65.0,0.0,0.1218055893929781,0.0,0.7987605625,0.91739795,1.0,828
azure2019,http,test,blackbox_matched_weight,120,1700000947,3,1701300959,3606,58.85198262352186,43.62979325400588,1.0,0.0,65.0,0.0,0.1218055893929781,0.0,0.397725375,0.4913393999999999,1.0,828
azure2019,http,test,dap,120,1700000947,4,1701400962,1265,58.74998098810289,43.52975696973402,1.0,0.0,65.0,0.0,0.563081684263782,0.0,0.779417,0.8581690499999999,1.0,828
azure2019,http,test,no_budget_horizon,120,1700000947,4,1701400962,1265,58.74998098810289,43.52975696973402,1.0,0.0,65.0,0.0,0.563081684263782,0.0,0.7755189843750001,0.8682175,1.0,828
azure2019,http,test,blackbox_matched_weight,120,1700000947,4,1701400962,1265,58.791124816358334,43.56999004188384,1.0,0.0,67.0,0.0,0.3852691367832301,0.0,0.411363578125,0.5185656999999998,1.0,828
azure2019,async,test,dap,120,1700000948,0,1700000948,3318,19.46964443311836,21.76758151669957,0.9486227108472876,0.15625,120.0,0.0,156.45212586306036,22.59526811143751,0.775405265625,1.2495985,1.0,829
azure2019,async,test,no_budget_horizon,120,1700000948,0,1700000948,3318,19.46964443311836,21.76758151669957,0.9486227108472876,0.15625,120.0,0.0,156.45212586306036,22.59526811143751,0.49361846875,0.6426733,1.0,829
azure2019,async,test,blackbox_matched_weight,120,1700000948,0,1700000948,3318,24.48532719593502,24.60541505695124,0.9549845970602336,0.140625,120.0,0.0,125.54079384195228,19.797367968269253,0.60691246875,0.98388425,1.0,829
azure2019,async,test,dap,120,1700000948,1,1700100951,742,58.63144368335827,43.51316322140665,0.997419711467217,0.0,120.0,0.0,1.0471370589278362,1.0471370589278362,0.631154328125,1.13487995,1.0,829
azure2019,async,test,no_budget_horizon,120,1700000948,1,1700100951,742,58.63144368335827,43.51316322140665,0.997419711467217,0.0,120.0,0.0,1.0471370589278362,1.0471370589278362,0.551135953125,0.6845285999999998,1.0,829
azure2019,async,test,blackbox_matched_weight,120,1700000948,1,1700100951,742,44.116237471119575,35.64071401539903,0.9782872671684846,0.0625,120.0,0.0,41.11621035453111,8.811497981567205,0.2177221718749999,0.2545055499999999,1.0,829
azure2019,async,test,dap,120,1700000948,2,1700200954,1693,58.88,43.64512314764825,1.0,0.0,111.0,0.0,0.0,0.0,0.56866496875,0.8189440999999998,1.0,829
azure2019,async,test,no_budget_horizon,120,1700000948,2,1700200954,1693,58.88,43.64512314764825,1.0,0.0,111.0,0.0,0.0,0.0,1.093389125,1.1874249,1.0,829
azure2019,async,test,blackbox_matched_weight,120,1700000948,2,1700200954,1693,40.84807327551465,33.78378526562606,0.9726013541439988,0.078125,120.0,0.0,50.14978896679027,10.838402848460706,0.79678084375,0.9289022,1.0,829
azure2019,async,test,dap,120,1700000948,3,1700300957,3281,37.308027607396376,31.88965265485072,0.9649429253164816,0.09375,120.0,0.0,67.46669711381236,15.198861032876655,0.54631975,0.8443559999999996,1.0,829
azure2019,async,test,no_budget_horizon,120,1700000948,3,1700300957,3281,37.308027607396376,31.88965265485072,0.9649429253164816,0.09375,120.0,0.0,67.46669711381236,15.198861032876655,0.495496078125,0.5971661,1.0,829
azure2019,async,test,blackbox_matched_weight,120,1700000948,3,1700300957,3281,47.81840435123009,37.63047419398378,0.9767134043183284,0.046875,120.0,0.0,32.084112462947104,10.095814750364935,0.2822282031249999,0.4083534499999998,1.0,829
azure2019,async,test,dap,120,1700000948,4,1700400960,3117,58.88,43.64512314764825,1.0,0.0,110.0,0.0,0.0,0.0,0.704608328125,1.2004396999999998,1.0,829
azure2019,async,test,no_budget_horizon,120,1700000948,4,1700400960,3117,58.88,43.64512314764825,1.0,0.0,110.0,0.0,0.0,0.0,0.565014171875,0.6458986,1.0,829
azure2019,async,test,blackbox_matched_weight,120,1700000948,4,1700400960,3117,54.500940974739024,41.28758872864906,0.987303959599082,0.015625,120.0,0.0,12.321494936470993,5.032287152255762,0.224692609375,0.2502738,1.0,829
azure2019,http,test,dap,120,1700000948,0,1701000951,677,58.88,43.64512314764825,1.0,0.0,110.0,0.0,0.0,0.0,0.5381225625,0.59106535,1.0,829
azure2019,http,test,no_budget_horizon,120,1700000948,0,1701000951,677,58.88,43.64512314764825,1.0,0.0,110.0,0.0,0.0,0.0,0.533141203125,0.5669687999999999,1.0,829
azure2019,http,test,blackbox_matched_weight,120,1700000948,0,1701000951,677,56.508189975738006,42.35260475775129,0.9876658576727044,0.0,120.0,0.0,12.2431414927024,4.8277791977274,0.2318033125,0.2610069499999999,1.0,829
azure2019,http,test,dap,120,1700000948,1,1701100954,830,50.99082825357094,39.41444619070797,0.9818710310387402,0.03125,120.0,0.0,22.78779153581169,7.589496297412905,0.50688184375,0.6075007499999999,1.0,829
azure2019,http,test,no_budget_horizon,120,1700000948,1,1701100954,830,50.99082825357094,39.41444619070797,0.9818710310387402,0.03125,120.0,0.0,22.78779153581169,7.589496297412905,0.51635840625,0.59098905,1.0,829
azure2019,http,test,blackbox_matched_weight,120,1700000948,1,1701100954,830,54.158213221709545,41.10440732516014,0.9857050165685896,0.015625,120.0,0.0,15.006781242206891,5.984439824245188,0.22502946875,0.2603179499999999,1.0,829
azure2019,http,test,dap,120,1700000948,2,1701200957,4093,58.88,43.64512314764825,1.0,0.0,95.0,0.0,0.0,0.0,0.536973828125,0.5675046999999999,1.0,829
azure2019,http,test,no_budget_horizon,120,1700000948,2,1701200957,4093,58.88,43.64512314764825,1.0,0.0,95.0,0.0,0.0,0.0,0.52335603125,0.5477518,1.0,829
azure2019,http,test,blackbox_matched_weight,120,1700000948,2,1701200957,4093,58.235757795084965,43.28936592934041,0.9956410349363412,0.0,120.0,0.0,2.8075549715219585,1.670909019916964,0.22637275,0.2495478,1.0,829
azure2019,http,test,dap,120,1700000948,3,1701300960,2064,58.88,43.64512314764825,1.0,0.0,65.0,0.0,0.0,0.0,0.531706078125,0.5788268499999999,1.0,829
azure2019,http,test,no_budget_horizon,120,1700000948,3,1701300960,2064,58.88,43.64512314764825,1.0,0.0,65.0,0.0,0.0,0.0,0.5395053593750001,0.56249435,1.0,829
azure2019,http,test,blackbox_matched_weight,120,1700000948,3,1701300960,2064,-13.704246423447636,0.7966832834868516,0.9617588289409756,0.3125,120.0,0.0,221.1050258411107,13.21819985401093,0.16290175,0.25281135,1.0,829
azure2019,http,test,dap,120,1700000948,4,1701400963,1802,58.88,43.64512314764825,1.0,0.0,63.0,0.0,0.0,0.0,0.557654046875,0.6838988999999995,1.0,829
azure2019,http,test,no_budget_horizon,120,1700000948,4,1701400963,1802,58.88,43.64512314764825,1.0,0.0,63.0,0.0,0.0,0.0,0.556136125,0.62183585,1.0,829
azure2019,http,test,blackbox_matched_weight,120,1700000948,4,1701400963,1802,27.78429285643532,25.783570178255367,0.9748191154738822,0.09375,120.0,0.0,105.9926623022,8.427163880170866,0.3169610781249999,1.0903573999999996,1.0,829
azure2019,async,test,dap,144,1700000939,0,1700000939,470,58.88,43.64512314764825,1.0,0.0,68.0,0.0,0.0,0.0,1.1102971406250002,1.1708165999999998,1.0,820
azure2019,async,test,no_budget_horizon,144,1700000939,0,1700000939,470,58.88,43.64512314764825,1.0,0.0,68.0,0.0,0.0,0.0,1.093904890625,1.14025765,1.0,820
azure2019,async,test,blackbox_matched_weight,144,1700000939,0,1700000939,470,58.53588084209031,43.39466688750036,1.0,0.0,124.0,0.0,1.351125576816628,0.0,0.8646950625000001,0.90758515,1.0,820
azure2019,async,test,dap,144,1700000939,1,1700100942,521,58.88,43.64512314764825,1.0,0.0,75.0,0.0,0.0,0.0,1.106770515625,1.1499794,1.0,820
azure2019,async,test,no_budget_horizon,144,1700000939,1,1700100942,521,58.88,43.64512314764825,1.0,0.0,75.0,0.0,0.0,0.0,1.09113440625,1.12465505,1.0,820
azure2019,async,test,blackbox_matched_weight,144,1700000939,1,1700100942,521,58.85544966953057,43.63012001746216,1.0000000000000002,0.0,103.0,0.0,0.1065434950526125,0.0,0.85048853125,0.8798748,1.0,820
azure2019,async,test,dap,144,1700000939,2,1700200945,1293,48.66060565751834,38.155538755029085,0.9794002805843725,0.046875,144.0,0.0,26.333061959034197,9.117270654084624,1.07028246875,1.16633185,1.0,820
azure2019,async,test,no_budget_horizon,144,1700000939,2,1700200945,1293,48.66060565751834,38.155538755029085,0.9794002805843725,0.046875,144.0,0.0,26.333061959034197,9.117270654084624,1.069955171875,1.16212715,1.0,820
azure2019,async,test,blackbox_matched_weight,144,1700000939,2,1700200945,1293,-41.06079941963751,-14.515489272717229,0.8938754524070011,0.328125,144.0,0.0,555.7683561789445,46.969873905837154,0.662135453125,0.9296476,1.0,820
azure2019,async,test,dap,144,1700000939,3,1700300948,4068,58.88,43.64512314764825,1.0,0.0,136.0,0.0,0.0,0.0,1.1344844374999998,1.2058502,1.0,820
azure2019,async,test,no_budget_horizon,144,1700000939,3,1700300948,4068,58.88,43.64512314764825,1.0,0.0,136.0,0.0,0.0,0.0,1.089378390625,1.12584195,1.0,820
azure2019,async,test,blackbox_matched_weight,144,1700000939,3,1700300948,4068,-17.69348493203917,-0.7247845217556357,0.9329312553609056,0.296875,144.0,0.0,322.0728088932581,27.5557046907568,0.626503984375,0.8655855499999999,1.0,820
azure2019,async,test,dap,144,1700000939,4,1700400951,1537,58.88,43.64512314764825,1.0,0.0,88.0,0.0,0.0,0.0,1.092384203125,1.14214815,1.0,820
azure2019,async,test,no_budget_horizon,144,1700000939,4,1700400951,1537,58.88,43.64512314764825,1.0,0.0,88.0,0.0,0.0,0.0,1.09793,1.15320195,1.0,820
azure2019,async,test,blackbox_matched_weight,144,1700000939,4,1700400951,1537,58.87450425948546,43.63962740713372,1.0,0.0,144.0,0.0,0.023619326622474,0.0,0.85187434375,0.9000848,1.0,820
azure2019,http,test,dap,144,1700000939,0,1701000942,3740,58.88,43.64512314764825,1.0,0.0,83.0,0.0,0.0,0.0,1.106267140625,1.14285675,1.0,820
azure2019,http,test,no_budget_horizon,144,1700000939,0,1701000942,3740,58.88,43.64512314764825,1.0,0.0,83.0,0.0,0.0,0.0,1.09555146875,1.1390579,1.0,820
azure2019,http,test,blackbox_matched_weight,144,1700000939,0,1701000942,3740,58.65433876014825,43.49035620910797,1.0,0.0,137.0,0.0,0.9306578914289744,0.0,0.888023796875,0.93172595,1.0,820
azure2019,http,test,dap,144,1700000939,1,1701100945,306,58.88,43.64512314764825,1.0,0.0,65.0,0.0,0.0,0.0,1.096109984375,1.14835205,1.0,820
azure2019,http,test,no_budget_horizon,144,1700000939,1,1701100945,306,58.88,43.64512314764825,1.0,0.0,65.0,0.0,0.0,0.0,1.081665109375,1.1084661999999998,1.0,820
azure2019,http,test,blackbox_matched_weight,144,1700000939,1,1701100945,306,58.83589165263898,43.61896837765694,1.0,0.0,81.0,0.0,0.1660893344385954,0.0,0.871163640625,0.93771465,1.0,820
azure2019,http,test,dap,144,1700000939,2,1701200948,1221,58.88,43.64512314764825,1.0,0.0,80.0,0.0,0.0,0.0,1.13105940625,1.17298195,1.0,820
azure2019,http,test,no_budget_horizon,144,1700000939,2,1701200948,1221,58.88,43.64512314764825,1.0,0.0,80.0,0.0,0.0,0.0,1.1048104375,1.1300598,1.0,820
azure2019,http,test,blackbox_matched_weight,144,1700000939,2,1701200948,1221,58.802848203898,43.58102689976595,1.0,0.0,130.0,0.0,0.3374280185020337,0.0,0.87915596875,0.9160293,1.0,820
azure2019,http,test,dap,144,1700000939,3,1701300951,1135,58.88,43.64512314764825,1.0,0.0,117.0,0.0,0.0,0.0,1.101152046875,1.15551455,1.0,820
azure2019,http,test,no_budget_horizon,144,1700000939,3,1701300951,1135,58.88,43.64512314764825,1.0,0.0,117.0,0.0,0.0,0.0,1.094465703125,1.1244496,1.0,820
azure2019,http,test,blackbox_matched_weight,144,1700000939,3,1701300951,1135,33.85904620471106,29.883471736227374,0.9695232470277724,0.109375,144.0,0.0,72.36426116769096,11.990956487315458,0.744739640625,0.8877236000000001,1.0,820
azure2019,http,test,dap,144,1700000939,4,1701400954,1168,58.88,43.64512314764825,1.0,0.0,109.0,0.0,0.0,0.0,1.09911690625,1.129652,1.0,820
azure2019,http,test,no_budget_horizon,144,1700000939,4,1701400954,1168,58.88,43.64512314764825,1.0,0.0,109.0,0.0,0.0,0.0,1.070686625,1.10240525,1.0,820
azure2019,http,test,blackbox_matched_weight,144,1700000939,4,1701400954,1168,30.49451338478429,27.9831189426504,0.9680452968461032,0.125,144.0,0.0,82.5906863405949,12.51947550815838,0.7339508437500001,0.9048824,1.0,820
azure2019,async,test,dap,144,1700000940,0,1700000940,3860,58.88,43.64512314764825,1.0,0.0,135.0,0.0,0.0,0.0,1.083524515625,1.17058475,1.0,821
azure2019,async,test,no_budget_horizon,144,1700000940,0,1700000940,3860,58.88,43.64512314764825,1.0,0.0,135.0,0.0,0.0,0.0,0.6730699218749999,1.0640134,1.0,821
azure2019,async,test,blackbox_matched_weight,144,1700000940,0,1700000940,3860,-9.503104258421551,4.447131225698472,0.9256922206852376,0.25,144.0,0.0,313.7553261290626,31.758331262048948,0.2167414531249999,0.3586994,1.0,821
azure2019,async,test,dap,144,1700000940,1,1700100943,14,58.88,43.64512314764825,1.0,0.0,42.0,0.0,0.0,0.0,0.62041859375,1.1297555,1.0,821
azure2019,async,test,no_budget_horizon,144,1700000940,1,1700100943,14,58.88,43.64512314764825,1.0,0.0,42.0,0.0,0.0,0.0,0.530654125,0.58247455,1.0,821
azure2019,async,test,blackbox_matched_weight,144,1700000940,1,1700100943,14,58.88,43.64512314764825,1.0,0.0,131.0,0.0,0.0,0.0,0.2309555312499999,0.2343187,1.0,821
azure2019,async,test,dap,144,1700000940,2,1700200946,2751,58.88,43.64512314764825,1.0,0.0,103.0,0.0,0.0,0.0,0.522807109375,0.5496815500000001,1.0,821
azure2019,async,test,no_budget_horizon,144,1700000940,2,1700200946,2751,58.88,43.64512314764825,1.0,0.0,103.0,0.0,0.0,0.0,0.523315390625,0.550637,1.0,821
azure2019,async,test,blackbox_matched_weight,144,1700000940,2,1700200946,2751,54.68815151755956,41.06059905485729,0.9894881025094292,0.0,144.0,0.0,20.146294038500347,4.128766596043242,0.2188531562499999,0.2407329499999999,1.0,821
azure2019,async,test,dap,144,1700000940,3,1700300949,1113,-44.57794639588174,-16.52898486601017,0.8946300616122094,0.328125,144.0,0.0,604.2425301130165,49.51734918965195,0.406595171875,0.56237925,1.0,821
azure2019,async,test,no_budget_horizon,144,1700000940,3,1700300949,1113,-44.57794639588174,-16.52898486601017,0.8946300616122094,0.328125,144.0,0.0,604.2425301130165,49.51734918965195,0.4101662031249999,0.5997845499999999,1.0,821
azure2019,async,test,blackbox_matched_weight,144,1700000940,3,1700300949,1113,-80.68975059464951,-39.25425482866232,0.8701638671125633,0.40625,144.0,0.0,902.835861317674,61.01494627395749,0.165086875,0.23998935,1.0,821
azure2019,async,test,dap,144,1700000940,4,1700400952,1102,-43.92208107198205,-15.791770437992414,0.8868887431738076,0.3125,144.0,0.0,636.5826511224744,53.44320217625175,0.64903684375,1.1615385,1.0,821
azure2019,async,test,no_budget_horizon,144,1700000940,4,1700400952,1102,-43.92208107198205,-15.791770437992414,0.8868887431738076,0.3125,144.0,0.0,636.5826511224744,53.44320217625175,0.71519296875,1.12018095,1.0,821
azure2019,async,test,blackbox_matched_weight,144,1700000940,4,1700400952,1102,-83.98711711129877,-40.73585566954994,0.8570878684878342,0.390625,144.0,0.0,981.7188241888488,67.52362366178878,0.618066875,0.8947095,1.0,821
azure2019,http,test,dap,144,1700000940,0,1701000943,886,58.88,43.64512314764825,1.0,0.0,130.0,0.0,0.0,0.0,1.1368869687499998,1.16985745,1.0,821
azure2019,http,test,no_budget_horizon,144,1700000940,0,1701000943,886,58.88,43.64512314764825,1.0,0.0,130.0,0.0,0.0,0.0,1.0520495,1.15581765,1.0,821
azure2019,http,test,blackbox_matched_weight,144,1700000940,0,1701000943,886,-12.024446629923895,2.777113677301984,0.9334927440251378,0.265625,144.0,0.0,306.5724103070445,27.68865197469843,0.650756890625,0.8966867,1.0,821
azure2019,http,test,dap,144,1700000940,1,1701100946,3676,58.88,43.64512314764825,1.0,0.0,72.0,0.0,0.0,0.0,1.088620578125,1.1342082,1.0,821
azure2019,http,test,no_budget_horizon,144,1700000940,1,1701100946,3676,58.88,43.64512314764825,1.0,0.0,72.0,0.0,0.0,0.0,1.0894591875,1.1583403499999998,1.0,821
azure2019,http,test,blackbox_matched_weight,144,1700000940,1,1701100946,3676,58.82669596174665,43.61475318069365,1.0,0.0,129.0,0.0,0.2330374409700715,0.0,0.3024213125,0.7083761499999981,1.0,821
azure2019,http,test,dap,144,1700000940,2,1701200949,840,58.88,43.64512314764825,1.0,0.0,132.0,0.0,0.0,0.0,0.5494344531249999,0.61346565,1.0,821
azure2019,http,test,no_budget_horizon,144,1700000940,2,1701200949,840,58.88,43.64512314764825,1.0,0.0,132.0,0.0,0.0,0.0,0.5501639687500001,0.7532439499999994,1.0,821
azure2019,http,test,blackbox_matched_weight,144,1700000940,2,1701200949,840,-2.9610620129722225,8.33179193640316,0.932211071185445,0.234375,144.0,0.0,262.7721824164215,28.5906746753369,0.188115875,0.2454161999999999,1.0,821
azure2019,http,test,dap,144,1700000940,3,1701300952,3544,58.88,43.64512314764825,1.0,0.0,65.0,0.0,0.0,0.0,0.535244671875,0.5785930499999999,1.0,821
azure2019,http,test,no_budget_horizon,144,1700000940,3,1701300952,3544,58.88,43.64512314764825,1.0,0.0,65.0,0.0,0.0,0.0,0.5352840781249999,0.5867403,1.0,821
azure2019,http,test,blackbox_matched_weight,144,1700000940,3,1701300952,3544,58.78569158315368,43.59140496000887,1.0,0.0,132.0,0.0,0.4241851389340763,0.0,0.2567114375,0.36115805,1.0,821
azure2019,http,test,dap,144,1700000940,4,1701400955,4127,58.88,43.64512314764825,1.0,0.0,97.0,0.0,0.0,0.0,0.537554171875,0.5925699499999999,1.0,821
azure2019,http,test,no_budget_horizon,144,1700000940,4,1701400955,4127,58.88,43.64512314764825,1.0,0.0,97.0,0.0,0.0,0.0,0.54781175,0.6296128,1.0,821
azure2019,http,test,blackbox_matched_weight,144,1700000940,4,1701400955,4127,58.5673066303011,43.42064551595859,1.0,0.0,118.0,0.0,1.3632573291926775,0.0,0.235185203125,0.2658742999999999,1.0,821
azure2019,async,test,dap,144,1700000941,0,1700000941,3252,58.88,43.64512314764825,1.0,0.0,136.0,0.0,0.0,0.0,1.083030234375,1.1149686,1.0,822
azure2019,async,test,no_budget_horizon,144,1700000941,0,1700000941,3252,58.88,43.64512314764825,1.0,0.0,136.0,0.0,0.0,0.0,1.07193146875,1.11377485,1.0,822
azure2019,async,test,blackbox_matched_weight,144,1700000941,0,1700000941,3252,56.89830262685905,42.517688985024336,0.9904778156073852,0.0,144.0,0.0,10.053119075933822,4.069787907251214,0.704262390625,0.8597361499999999,1.0,822
azure2019,async,test,dap,144,1700000941,1,1700100944,98,58.88,43.64512314764825,1.0,0.0,21.0,0.0,0.0,0.0,0.73439053125,1.1014796999999998,1.0,822
azure2019,async,test,no_budget_horizon,144,1700000941,1,1700100944,98,58.88,43.64512314764825,1.0,0.0,21.0,0.0,0.0,0.0,0.748504828125,0.9058508,1.0,822
azure2019,async,test,blackbox_matched_weight,144,1700000941,1,1700100944,98,58.647832356228726,43.46488503973245,1.0,0.0,67.0,0.0,0.8952023222404399,0.0,0.39487296875,0.4418515,1.0,822
azure2019,async,test,dap,144,1700000941,2,1700200947,540,58.88,43.64512314764825,1.0,0.0,81.0,0.0,0.0,0.0,0.653368875,0.9335208,1.0,822
azure2019,async,test,no_budget_horizon,144,1700000941,2,1700200947,540,58.88,43.64512314764825,1.0,0.0,81.0,0.0,0.0,0.0,0.9061130625,1.1749137,1.0,822
azure2019,async,test,blackbox_matched_weight,144,1700000941,2,1700200947,540,58.44583244660498,43.36449548752432,1.0,0.0,124.0,0.0,1.7938225423002478,0.0,0.8366822968750001,0.85302775,1.0,822
azure2019,async,test,dap,144,1700000941,3,1700300950,297,58.88,43.64512314764825,1.0,0.0,65.0,0.0,0.0,0.0,1.087460078125,1.1270081,1.0,822
azure2019,async,test,no_budget_horizon,144,1700000941,3,1700300950,297,58.88,43.64512314764825,1.0,0.0,65.0,0.0,0.0,0.0,1.049641515625,1.11055095,1.0,822
azure2019,async,test,blackbox_matched_weight,144,1700000941,3,1700300950,297,58.6567426666962,43.4915629036312,1.0000000000000002,0.0,111.0,0.0,0.8664152882064213,0.0,0.854758546875,0.8905723999999999,1.0,822
azure2019,async,test,dap,144,1700000941,4,1700400953,1207,54.48483013291788,41.30266984068128,0.9828618683611168,0.015625,144.0,0.0,14.226042752739414,7.582873451759184,0.6824346875,1.11662695,1.0,822
azure2019,async,test,no_budget_horizon,144,1700000941,4,1700400953,1207,54.48483013291788,41.30266984068128,0.9828618683611168,0.015625,144.0,0.0,14.226042752739414,7.582873451759184,0.51158390625,0.5627611,1.0,822
azure2019,async,test,blackbox_matched_weight,144,1700000941,4,1700400953,1207,54.79383435792642,41.3735488733471,0.9874315974212784,0.015625,144.0,0.0,11.476137598780632,5.560968269667248,0.22423090625,0.23970555,1.0,822
azure2019,http,test,dap,144,1700000941,0,1701000944,3466,58.88,43.64512314764825,1.0,0.0,65.0,0.0,0.0,0.0,0.5312103906250001,0.5774870499999999,1.0,822
azure2019,http,test,no_budget_horizon,144,1700000941,0,1701000944,3466,58.88,43.64512314764825,1.0,0.0,65.0,0.0,0.0,0.0,0.5254457343750001,0.5692856,1.0,822
azure2019,http,test,blackbox_matched_weight,144,1700000941,0,1701000944,3466,58.72731426019862,43.54700551977899,1.0,0.0,141.0,0.0,0.6101357359232225,0.0,0.389326234375,0.86477195,1.0,822
azure2019,http,test,dap,144,1700000941,1,1701100947,1364,58.88,43.64512314764825,1.0,0.0,65.0,0.0,0.0,0.0,0.536993359375,0.5884883999999999,1.0,822
azure2019,http,test,no_budget_horizon,144,1700000941,1,1701100947,1364,58.88,43.64512314764825,1.0,0.0,65.0,0.0,0.0,0.0,0.53046825,0.55940975,1.0,822
azure2019,http,test,blackbox_matched_weight,144,1700000941,1,1701100947,1364,58.74337868253984,43.559075813385725,1.0,0.0,136.0,0.0,0.541142695037129,0.0,0.2302804375,0.2508661499999999,1.0,822
azure2019,http,test,dap,144,1700000941,2,1701200950,744,58.88,43.64512314764825,1.0,0.0,130.0,0.0,0.0,0.0,0.5397805312499999,0.6042333999999999,1.0,822
azure2019,http,test,no_budget_horizon,144,1700000941,2,1701200950,744,58.88,43.64512314764825,1.0,0.0,130.0,0.0,0.0,0.0,0.53849409375,0.5810798500000001,1.0,822
azure2019,http,test,blackbox_matched_weight,144,1700000941,2,1701200950,744,54.21322639422557,40.59106399362975,0.9895723281084696,0.0,144.0,0.0,22.90521154427737,4.2680614532209376,0.55775553125,0.8893991,1.0,822
azure2019,http,test,dap,144,1700000941,3,1701300953,4141,58.88,43.64512314764825,1.0,0.0,90.0,0.0,0.0,0.0,1.10513871875,1.13370605,1.0,822
azure2019,http,test,no_budget_horizon,144,1700000941,3,1701300953,4141,58.88,43.64512314764825,1.0,0.0,90.0,0.0,0.0,0.0,1.089618609375,1.138899,1.0,822
azure2019,http,test,blackbox_matched_weight,144,1700000941,3,1701300953,4141,58.61965215657166,43.48553159080663,0.998336818002874,0.0,144.0,0.0,1.081522221827731,0.631792360419726,0.583389234375,0.90494815,1.0,822
azure2019,http,test,dap,144,1700000941,4,1701400956,246,58.88,43.64512314764825,1.0,0.0,64.0,0.0,0.0,0.0,0.792952265625,1.2471426,1.0,822
azure2019,http,test,no_budget_horizon,144,1700000941,4,1701400956,246,58.88,43.64512314764825,1.0,0.0,64.0,0.0,0.0,0.0,0.5637440781249999,0.6059776499999999,1.0,822
azure2019,http,test,blackbox_matched_weight,144,1700000941,4,1701400956,246,58.63963547716392,43.49408539971142,1.0,0.0,133.0,0.0,0.9445133065678472,0.0,0.245208953125,0.2649523,1.0,822
azure2019,async,test,dap,144,1700000942,0,1700000942,1105,26.82842132357241,25.81910357814897,0.9552530630559116,0.125,144.0,0.0,123.6686699897246,21.121591511441515,1.111058421875,1.7919144,1.0,823
azure2019,async,test,no_budget_horizon,144,1700000942,0,1700000942,1105,34.738167346698674,30.04425258495518,0.964553390163582,0.09375,144.0,0.0,85.58325171383136,16.731621526759703,0.705994609375,0.9472147,1.0,823
azure2019,async,test,blackbox_matched_weight,144,1700000942,0,1700000942,1105,1.8000494155765256,11.389788051101933,0.93075243742556,0.203125,144.0,0.0,273.506409762642,32.68645475527995,0.300676328125,0.3719776,1.0,823
azure2019,async,test,dap,144,1700000942,1,1700100945,4107,58.596050612122944,43.437769315002384,1.0,0.0,120.0,0.0,1.3251605676294158,0.0,0.7394589843749999,0.7704354,1.0,823
azure2019,async,test,no_budget_horizon,144,1700000942,1,1700100945,4107,58.5008227662676,43.35128448198336,1.0,0.0,117.0,0.0,1.7399414477918382,0.0,0.751087890625,0.8365867999999999,1.0,823
azure2019,async,test,blackbox_matched_weight,144,1700000942,1,1700100945,4107,57.47675747781231,42.689987857624,1.0,0.0,113.0,0.0,6.34523279408373,0.0,0.35679503125,0.36834295,1.0,823
azure2019,async,test,dap,144,1700000942,2,1700200948,3663,58.56667767331125,43.43479092204808,1.0000000000000002,0.0,144.0,0.0,1.5917173715187465,0.0,0.73515296875,0.79857345,1.0,823
azure2019,async,test,no_budget_horizon,144,1700000942,2,1700200948,3663,58.43422863067733,43.32637440113055,1.0000000000000002,0.0,142.0,0.0,2.2846767951596707,0.0,0.7620267656249999,0.8498161,1.0,823
azure2019,async,test,blackbox_matched_weight,144,1700000942,2,1700200948,3663,58.36961977343872,43.257214028951566,1.0000000000000002,0.0,142.0,0.0,2.6167727131363474,0.0,0.366608265625,0.4141740999999999,1.0,823
azure2019,async,test,dap,144,1700000942,3,1700300951,2057,58.73079956634196,43.54708221446824,1.0,0.0,128.0,0.0,0.6816902264782785,0.0,0.7628430937499999,0.8933211999999999,1.0,823
azure2019,async,test,no_budget_horizon,144,1700000942,3,1700300951,2057,58.52793793305389,43.40785546765868,1.0,0.0,124.0,0.0,1.678903279112225,0.0,0.758963109375,0.8402832499999998,1.0,823
azure2019,async,test,blackbox_matched_weight,144,1700000942,3,1700300951,2057,57.9294529991345,43.00987597870865,1.0,0.0,119.0,0.0,4.3022904294728015,0.0,0.3780305625,0.5054916499999998,1.0,823
azure2019,async,test,dap,144,1700000942,4,1700400954,3377,58.75200934147216,43.564089466683086,1.0,0.0,138.0,0.0,0.6498193292089409,0.0,0.7853012500000001,0.9497841,1.0,823
azure2019,async,test,no_budget_horizon,144,1700000942,4,1700400954,3377,58.55902380011582,43.44205563340179,1.0,0.0,136.0,0.0,1.6483748595508594,0.0,0.7741776874999999,0.887517,1.0,823
azure2019,async,test,blackbox_matched_weight,144,1700000942,4,1700400954,3377,58.409136050953606,43.3522794657454,1.0,0.0,142.0,0.0,2.4490042984056606,0.0,0.375538703125,0.42971115,1.0,823
azure2019,http,test,dap,144,1700000942,0,1701000945,3725,58.70158325186435,43.53199831297702,1.0,0.0,69.0,0.0,0.7723719881924405,0.0,0.8565784843750001,1.1893931,1.0,823
azure2019,http,test,no_budget_horizon,144,1700000942,0,1701000945,3725,58.70158325186435,43.53199831297702,1.0,0.0,69.0,0.0,0.7723719881924405,0.0,0.7490621875000001,0.8139535499999999,1.0,823
azure2019,http,test,blackbox_matched_weight,144,1700000942,0,1701000945,3725,58.26193905391597,43.27482091291208,1.0,0.0,86.0,0.0,2.659464278040472,0.0,0.3616116406249999,0.3758869999999999,1.0,823
azure2019,http,test,dap,144,1700000942,1,1701100948,3563,58.88,43.64512314764825,1.0,0.0,65.0,0.0,0.0,0.0,0.7481757812500001,0.7884024999999999,1.0,823
azure2019,http,test,no_budget_horizon,144,1700000942,1,1701100948,3563,58.88,43.64512314764825,1.0,0.0,65.0,0.0,0.0,0.0,0.762697703125,0.8203410999999999,1.0,823
azure2019,http,test,blackbox_matched_weight,144,1700000942,1,1701100948,3563,56.91005585480333,42.18618703484164,1.0,0.0,62.0,0.0,7.726432952643731,0.0,0.359218734375,0.38169095,1.0,823
azure2019,http,test,dap,144,1700000942,2,1701200951,3471,58.88,43.64512314764825,1.0,0.0,64.0,0.0,0.0,0.0,0.931963421875,1.78717255,1.0,823
azure2019,http,test,no_budget_horizon,144,1700000942,2,1701200951,3471,58.88,43.64512314764825,1.0,0.0,64.0,0.0,0.0,0.0,0.747093515625,0.79762725,1.0,823
azure2019,http,test,blackbox_matched_weight,144,1700000942,2,1701200951,3471,57.13363546393583,42.45099843388302,1.0000000000000002,0.0,58.0,0.0,6.823435864686947,0.0,0.3618424062499999,0.3930883,1.0,823
azure2019,http,test,dap,144,1700000942,3,1701300954,99,58.86904500997456,43.63906850566871,1.0,0.0,65.0,0.0,0.0405151520814008,0.0,0.891313171875,1.7736336499999998,1.0,823
azure2019,http,test,no_budget_horizon,144,1700000942,3,1701300954,99,58.83891409724486,43.610700849450375,1.0,0.0,64.0,0.0,0.1716510658622008,0.0,0.7880035625,0.96184325,1.0,823
azure2019,http,test,blackbox_matched_weight,144,1700000942,3,1701300954,99,56.96010108251696,42.3983770150642,1.0,0.0,60.0,0.0,7.486876065139854,0.0,0.364853640625,0.3796951,1.0,823
azure2019,http,test,dap,144,1700000942,4,1701400957,3322,58.88,43.64512314764825,1.0,0.0,65.0,0.0,0.0,0.0,0.827652421875,1.0114196999999998,1.0,823
azure2019,http,test,no_budget_horizon,144,1700000942,4,1701400957,3322,58.88,43.64512314764825,1.0,0.0,65.0,0.0,0.0,0.0,0.7764676875000001,0.8834401999999999,1.0,823
azure2019,http,test,blackbox_matched_weight,144,1700000942,4,1701400957,3322,57.34765018549774,42.56198926065765,1.0,0.0,65.0,0.0,6.129042619414488,0.0,0.483219984375,1.2651074999999985,1.0,823
azure2019,async,test,dap,144,1700000943,0,1700000943,3767,58.88,43.64512314764825,1.0,0.0,137.0,0.0,0.0,0.0,0.6436689218749999,0.9458761,1.0,824
azure2019,async,test,no_budget_horizon,144,1700000943,0,1700000943,3767,58.88,43.64512314764825,1.0,0.0,137.0,0.0,0.0,0.0,0.590398953125,0.8160915999999999,1.0,824
azure2019,async,test,blackbox_matched_weight,144,1700000943,0,1700000943,3767,56.2976814158294,42.06074081440435,0.9923274726537888,0.0,144.0,0.0,12.266387796065477,3.2534341487224694,0.280622546875,0.3700683999999999,1.0,824
azure2019,async,test,dap,144,1700000943,1,1700100946,2977,58.88,43.64512314764825,1.0,0.0,105.0,0.0,0.0,0.0,0.5433481875,0.6256859999999999,1.0,824
azure2019,async,test,no_budget_horizon,144,1700000943,1,1700100946,2977,58.88,43.64512314764825,1.0,0.0,105.0,0.0,0.0,0.0,0.5405685,0.6964139499999998,1.0,824
azure2019,async,test,blackbox_matched_weight,144,1700000943,1,1700100946,2977,49.66045065319655,38.62911830051894,0.9823425475633336,0.03125,144.0,0.0,29.16973846552098,6.8629938971253175,0.2153865312499999,0.2460533499999999,1.0,824
azure2019,async,test,dap,144,1700000943,2,1700200949,2810,58.88,43.64512314764825,1.0,0.0,109.0,0.0,0.0,0.0,0.526497984375,0.54894745,1.0,824
azure2019,async,test,no_budget_horizon,144,1700000943,2,1700200949,2810,58.88,43.64512314764825,1.0,0.0,109.0,0.0,0.0,0.0,0.5456811406250001,0.62935325,1.0,824
azure2019,async,test,blackbox_matched_weight,144,1700000943,2,1700200949,2810,55.562686034706616,41.78219126731682,0.9880651732294274,0.0,144.0,0.0,17.090522814866723,4.714606671099983,0.230102109375,0.2996399,1.0,824
azure2019,async,test,dap,144,1700000943,3,1700300952,1223,58.88,43.64512314764825,1.0,0.0,144.0,0.0,0.0,0.0,0.5550203125,0.62315045,1.0,824
azure2019,async,test,no_budget_horizon,144,1700000943,3,1700300952,1223,58.88,43.64512314764825,1.0,0.0,144.0,0.0,0.0,0.0,0.547266140625,0.58391365,1.0,824
azure2019,async,test,blackbox_matched_weight,144,1700000943,3,1700300952,1223,56.041084763403525,42.02136690485652,0.9908826676973448,0.0,144.0,0.0,14.285694983999052,4.006130446780652,0.250908296875,0.2943335499999999,1.0,824
azure2019,async,test,dap,144,1700000943,4,1700400955,2144,58.88,43.64512314764825,1.0,0.0,135.0,0.0,0.0,0.0,0.566712734375,0.7237303499999997,1.0,824
azure2019,async,test,no_budget_horizon,144,1700000943,4,1700400955,2144,58.88,43.64512314764825,1.0,0.0,135.0,0.0,0.0,0.0,0.548810453125,0.6148834999999998,1.0,824
azure2019,async,test,blackbox_matched_weight,144,1700000943,4,1700400955,2144,55.98437823968504,41.82513358413576,0.9905654411565982,0.0,144.0,0.0,14.311597967686422,3.968474805122579,0.22911053125,0.2483080499999999,1.0,824
azure2019,http,test,dap,144,1700000943,0,1701000946,3911,58.88,43.64512314764825,1.0,0.0,77.0,0.0,0.0,0.0,0.561162078125,0.6477934499999999,1.0,824
azure2019,http,test,no_budget_horizon,144,1700000943,0,1701000946,3911,58.88,43.64512314764825,1.0,0.0,77.0,0.0,0.0,0.0,0.5356297812499999,0.5749112999999999,1.0,824
azure2019,http,test,blackbox_matched_weight,144,1700000943,0,1701000946,3911,53.2399472100284,40.61241648942804,0.9860766898538854,0.015625,144.0,0.0,19.49853702712656,5.298371944908331,0.219504609375,0.2490860999999999,1.0,824
azure2019,http,test,dap,144,1700000943,1,1701100949,3508,58.88,43.64512314764825,1.0,0.0,64.0,0.0,0.0,0.0,0.5546607499999999,0.6391505999999998,1.0,824
azure2019,http,test,no_budget_horizon,144,1700000943,1,1701100949,3508,58.88,43.64512314764825,1.0,0.0,64.0,0.0,0.0,0.0,0.5308803125,0.55716225,1.0,824
azure2019,http,test,blackbox_matched_weight,144,1700000943,1,1701100949,3508,57.74974383915048,43.00244272577889,0.9942827951179812,0.0,144.0,0.0,4.847079061121098,1.9827150538923053,0.218996546875,0.2524775999999999,1.0,824
azure2019,http,test,dap,144,1700000943,2,1701200952,433,58.88,43.64512314764825,1.0,0.0,65.0,0.0,0.0,0.0,0.5524448125,0.63251745,1.0,824
azure2019,http,test,no_budget_horizon,144,1700000943,2,1701200952,433,58.88,43.64512314764825,1.0,0.0,65.0,0.0,0.0,0.0,0.5424380624999999,0.6296363499999998,1.0,824
azure2019,http,test,blackbox_matched_weight,144,1700000943,2,1701200952,433,37.30006344835769,31.79496678261008,0.9767011922382064,0.09375,144.0,0.0,57.06023299810646,8.490829755970916,0.199398484375,0.2406222499999999,1.0,824
azure2019,http,test,dap,144,1700000943,3,1701300955,1756,58.88,43.64512314764825,1.0,0.0,60.0,0.0,0.0,0.0,0.5653238437500001,0.6658142499999999,1.0,824
azure2019,http,test,no_budget_horizon,144,1700000943,3,1701300955,1756,58.88,43.64512314764825,1.0,0.0,60.0,0.0,0.0,0.0,0.79584096875,1.1412471,1.0,824
azure2019,http,test,blackbox_matched_weight,144,1700000943,3,1701300955,1756,58.77126544439667,43.57545165990204,1.0,0.0,128.0,0.0,0.4762561973673653,0.0,0.23358178125,0.2456894499999999,1.0,824
azure2019,http,test,dap,144,1700000943,4,1701400958,2871,58.88,43.64512314764825,1.0,0.0,65.0,0.0,0.0,0.0,0.7727927031249999,1.16927495,1.0,824
azure2019,http,test,no_budget_horizon,144,1700000943,4,1701400958,2871,58.88,43.64512314764825,1.0,0.0,65.0,0.0,0.0,0.0,0.56726609375,0.68680595,1.0,824
azure2019,http,test,blackbox_matched_weight,144,1700000943,4,1701400958,2871,58.82333418366144,43.60759439514953,1.0,0.0,140.0,0.0,0.2148381393823051,0.0,0.752119859375,0.9580065999999996,1.0,824
azure2019,async,test,dap,144,1700000944,0,1700000944,2581,58.88,43.64512314764825,1.0,0.0,138.0,0.0,0.0,0.0,0.7984055624999999,1.1277195,1.0,825
azure2019,async,test,no_budget_horizon,144,1700000944,0,1700000944,2581,58.88,43.64512314764825,1.0,0.0,138.0,0.0,0.0,0.0,0.6075579843750001,1.0619705,1.0,825
azure2019,async,test,blackbox_matched_weight,144,1700000944,0,1700000944,2581,19.611156775900028,21.771263982505477,0.9494696924610568,0.15625,144.0,0.0,149.97291534764344,21.53321746225038,0.5616658124999999,0.8874970999999999,1.0,825
azure2019,async,test,dap,144,1700000944,1,1700100947,1541,58.88,43.64512314764825,1.0,0.0,87.0,0.0,0.0,0.0,0.618051265625,1.14927395,1.0,825
azure2019,async,test,no_budget_horizon,144,1700000944,1,1700100947,1541,58.88,43.64512314764825,1.0,0.0,87.0,0.0,0.0,0.0,1.10436553125,1.1343235,1.0,825
azure2019,async,test,blackbox_matched_weight,144,1700000944,1,1700100947,1541,51.661799278579394,39.71798030316742,0.9857135638628468,0.015625,144.0,0.0,27.77806685570242,5.4214510598346415,0.800312484375,0.9535353,1.0,825
azure2019,async,test,dap,144,1700000944,2,1700200950,154,58.88,43.64512314764825,1.0,0.0,24.0,0.0,0.0,0.0,1.12290496875,1.146089,1.0,825
azure2019,async,test,no_budget_horizon,144,1700000944,2,1700200950,154,58.88,43.64512314764825,1.0,0.0,24.0,0.0,0.0,0.0,1.128428765625,1.1896020499999995,1.0,825
azure2019,async,test,blackbox_matched_weight,144,1700000944,2,1700200950,154,58.88,43.64512314764825,1.0,0.0,143.0,0.0,0.0,0.0,0.875190859375,0.91915915,1.0,825
azure2019,async,test,dap,144,1700000944,3,1700300953,818,58.88,43.64512314764825,1.0,0.0,104.0,0.0,0.0,0.0,1.1064225625000002,1.13508075,1.0,825
azure2019,async,test,no_budget_horizon,144,1700000944,3,1700300953,818,58.88,43.64512314764825,1.0,0.0,104.0,0.0,0.0,0.0,1.1135302031249998,1.1426299,1.0,825
azure2019,async,test,blackbox_matched_weight,144,1700000944,3,1700300953,818,48.80727047456257,38.14788712462236,0.9823959582484684,0.03125,144.0,0.0,33.7849323279541,6.901753779349066,0.77907559375,0.89352895,1.0,825
azure2019,async,test,dap,144,1700000944,4,1700400956,1338,44.710810613132345,35.982109307192474,0.9788494651639088,0.0625,144.0,0.0,38.2715370696917,9.271029275193122,1.07541096875,1.2345185,1.0,825
azure2019,async,test,no_budget_horizon,144,1700000944,4,1700400956,1338,44.710810613132345,35.982109307192474,0.9788494651639088,0.0625,144.0,0.0,38.2715370696917,9.271029275193122,0.675706875,1.1642789,1.0,825
azure2019,async,test,blackbox_matched_weight,144,1700000944,4,1700400956,1338,-12.27329439494461,3.017076255172986,0.9250813078416966,0.25,144.0,0.0,354.2974907812141,32.83951888883678,0.1896219375,0.2615992499999999,1.0,825
azure2019,http,test,dap,144,1700000944,0,1701000947,988,58.88,43.64512314764825,1.0,0.0,130.0,0.0,0.0,0.0,0.5848158750000001,0.83738245,1.0,825
azure2019,http,test,no_budget_horizon,144,1700000944,0,1701000947,988,58.88,43.64512314764825,1.0,0.0,130.0,0.0,0.0,0.0,0.55309821875,0.8164364,1.0,825
azure2019,http,test,blackbox_matched_weight,144,1700000944,0,1701000947,988,9.165437519036942,15.635935269689066,0.9483648316276246,0.203125,144.0,0.0,186.86718543170053,21.873617624614425,0.5597845,0.8532712,1.0,825
azure2019,http,test,dap,144,1700000944,1,1701100950,744,58.88,43.64512314764825,1.0,0.0,130.0,0.0,0.0,0.0,0.868406953125,1.1279316,1.0,825
azure2019,http,test,no_budget_horizon,144,1700000944,1,1701100950,744,58.88,43.64512314764825,1.0,0.0,130.0,0.0,0.0,0.0,0.613103140625,1.0920139,1.0,825
azure2019,http,test,blackbox_matched_weight,144,1700000944,1,1701100950,744,36.85675166996966,31.618796783681518,0.9668762816983792,0.09375,144.0,0.0,69.12903205440482,13.557586654152823,0.231239234375,0.2829637999999999,1.0,825
azure2019,http,test,dap,144,1700000944,2,1701200953,2202,58.88,43.64512314764825,1.0,0.0,70.0,0.0,0.0,0.0,0.5514021718750001,0.6410684499999997,1.0,825
azure2019,http,test,no_budget_horizon,144,1700000944,2,1701200953,2202,58.88,43.64512314764825,1.0,0.0,70.0,0.0,0.0,0.0,0.562740171875,0.6185885,1.0,825
azure2019,http,test,blackbox_matched_weight,144,1700000944,2,1701200953,2202,58.88,43.64512314764825,1.0,0.0,112.0,0.0,0.0,0.0,0.25370390625,0.2697100999999999,1.0,825
azure2019,http,test,dap,144,1700000944,3,1701300956,888,58.88,43.64512314764825,1.0,0.0,130.0,0.0,0.0,0.0,0.568609046875,0.7073955,1.0,825
azure2019,http,test,no_budget_horizon,144,1700000944,3,1701300956,888,58.88,43.64512314764825,1.0,0.0,130.0,0.0,0.0,0.0,0.9113421875,1.26497225,1.0,825
azure2019,http,test,blackbox_matched_weight,144,1700000944,3,1701300956,888,25.60010824335513,25.00177955267268,0.961418648564946,0.140625,144.0,0.0,108.4108805480896,16.03602118685798,0.203781609375,0.2695585,1.0,825
azure2019,http,test,dap,144,1700000944,4,1701400959,3256,58.88,43.64512314764825,1.0,0.0,60.0,0.0,0.0,0.0,0.5984870000000001,1.0997050999999998,1.0,825
azure2019,http,test,no_budget_horizon,144,1700000944,4,1701400959,3256,58.88,43.64512314764825,1.0,0.0,60.0,0.0,0.0,0.0,0.7327198125000001,1.1454407999999998,1.0,825
azure2019,http,test,blackbox_matched_weight,144,1700000944,4,1701400959,3256,58.79892092487556,43.59302079328699,1.0,0.0,120.0,0.0,0.3622112411654266,0.0,0.314710640625,0.84906765,1.0,825
azure2019,async,test,dap,144,1700000945,0,1700000945,3567,58.88,43.64512314764825,1.0,0.0,144.0,0.0,0.0,0.0,0.5301338124999999,0.5601330499999999,1.0,826
azure2019,async,test,no_budget_horizon,144,1700000945,0,1700000945,3567,58.88,43.64512314764825,1.0,0.0,144.0,0.0,0.0,0.0,0.68768003125,1.12331605,1.0,826
azure2019,async,test,blackbox_matched_weight,144,1700000945,0,1700000945,3567,39.42471714227898,32.81491499475905,0.970612759538738,0.078125,144.0,0.0,60.38957276229706,12.454786254629724,0.212879171875,0.25099695,1.0,826
azure2019,async,test,dap,144,1700000945,1,1700100948,2615,58.88,43.64512314764825,1.0,0.0,127.0,0.0,0.0,0.0,0.5350693281250001,0.5729299499999999,1.0,826
azure2019,async,test,no_budget_horizon,144,1700000945,1,1700100948,2615,58.88,43.64512314764825,1.0,0.0,127.0,0.0,0.0,0.0,0.6236696562499999,1.1670244499999998,1.0,826
azure2019,async,test,blackbox_matched_weight,144,1700000945,1,1700100948,2615,43.30751987192082,34.96525658349201,0.9781754645620778,0.0625,144.0,0.0,45.28195210507494,8.984968963743281,0.5575326875,1.0907129999999998,1.0,826
azure2019,async,test,dap,144,1700000945,2,1700200951,3775,58.88,43.64512314764825,1.0,0.0,137.0,0.0,0.0,0.0,0.787187109375,1.2584329499999998,1.0,826
azure2019,async,test,no_budget_horizon,144,1700000945,2,1700200951,3775,58.88,43.64512314764825,1.0,0.0,137.0,0.0,0.0,0.0,0.607902453125,1.1002026499999993,1.0,826
azure2019,async,test,blackbox_matched_weight,144,1700000945,2,1700200951,3775,46.45100620619632,36.79381292060294,0.979519632054132,0.046875,144.0,0.0,37.12006925152133,8.649536473304664,0.242657328125,0.2942472,1.0,826
azure2019,async,test,dap,144,1700000945,3,1700300954,3539,58.88,43.64512314764825,1.0,0.0,141.0,0.0,0.0,0.0,0.8998043906250001,1.24903025,1.0,826
azure2019,async,test,no_budget_horizon,144,1700000945,3,1700300954,3539,58.88,43.64512314764825,1.0,0.0,141.0,0.0,0.0,0.0,1.120460859375,1.1881423,1.0,826
azure2019,async,test,blackbox_matched_weight,144,1700000945,3,1700300954,3539,50.76894436871852,39.09084759157213,0.9824564833024684,0.03125,144.0,0.0,22.561421068648475,7.376081936820242,0.8464739218749999,0.93058165,1.0,826
azure2019,async,test,dap,144,1700000945,4,1700400957,2876,58.88,43.64512314764825,1.0,0.0,116.0,0.0,0.0,0.0,1.090449296875,1.16241995,1.0,826
azure2019,async,test,no_budget_horizon,144,1700000945,4,1700400957,2876,58.88,43.64512314764825,1.0,0.0,116.0,0.0,0.0,0.0,1.0692549218749998,1.0973289,1.0,826
azure2019,async,test,blackbox_matched_weight,144,1700000945,4,1700400957,2876,58.22200657606958,43.15177032076667,1.0,0.0,143.0,0.0,3.029045818627377,0.0,0.846546515625,0.8832059999999999,1.0,826
azure2019,http,test,dap,144,1700000945,0,1701000948,3810,58.88,43.64512314764825,1.0,0.0,82.0,0.0,0.0,0.0,0.959423453125,1.13081945,1.0,826
azure2019,http,test,no_budget_horizon,144,1700000945,0,1701000948,3810,58.88,43.64512314764825,1.0,0.0,82.0,0.0,0.0,0.0,0.678327125,1.1279427999999998,1.0,826
azure2019,http,test,blackbox_matched_weight,144,1700000945,0,1701000948,3810,58.70166466557447,43.529854638270216,0.999559996455314,0.0,119.0,0.0,0.7791048746571816,0.1660176311022425,0.567417453125,0.92049215,1.0,826
azure2019,http,test,dap,144,1700000945,1,1701100951,1990,58.88,43.64512314764825,1.0,0.0,65.0,0.0,0.0,0.0,0.5687178749999999,0.78460515,1.0,826
azure2019,http,test,no_budget_horizon,144,1700000945,1,1701100951,1990,58.88,43.64512314764825,1.0,0.0,65.0,0.0,0.0,0.0,0.552456734375,0.5990589000000001,1.0,826
azure2019,http,test,blackbox_matched_weight,144,1700000945,1,1701100951,1990,58.08112320331341,43.07164121860377,1.0,0.0,72.0,0.0,3.2234219700306967,0.0,0.25641084375,0.34453185,1.0,826
azure2019,http,test,dap,144,1700000945,2,1701200954,1533,58.88,43.64512314764825,1.0,0.0,65.0,0.0,0.0,0.0,0.6029405,0.9523713999999988,1.0,826
azure2019,http,test,no_budget_horizon,144,1700000945,2,1701200954,1533,58.88,43.64512314764825,1.0,0.0,65.0,0.0,0.0,0.0,0.581927015625,1.0197845999999993,1.0,826
azure2019,http,test,blackbox_matched_weight,144,1700000945,2,1701200954,1533,58.01051770396501,43.04270048818676,1.0,0.0,67.0,0.0,3.3832775628218803,0.0,0.23318728125,0.24624405,1.0,826
azure2019,http,test,dap,144,1700000945,3,1701300957,1822,58.88,43.64512314764825,1.0,0.0,64.0,0.0,0.0,0.0,0.57084590625,0.82997285,1.0,826
azure2019,http,test,no_budget_horizon,144,1700000945,3,1701300957,1822,58.88,43.64512314764825,1.0,0.0,64.0,0.0,0.0,0.0,0.673811765625,1.1507786,1.0,826
azure2019,http,test,blackbox_matched_weight,144,1700000945,3,1701300957,1822,58.0190451614713,43.01361369844721,0.9999999999999998,0.0,74.0,0.0,3.3337794856016005,0.0,0.254465984375,0.364614,1.0,826
azure2019,http,test,dap,144,1700000945,4,1701400960,3394,58.88,43.64512314764825,1.0,0.0,65.0,0.0,0.0,0.0,0.59500815625,0.8751226999999998,1.0,826
azure2019,http,test,no_budget_horizon,144,1700000945,4,1701400960,3394,58.88,43.64512314764825,1.0,0.0,65.0,0.0,0.0,0.0,0.551614265625,0.6670246499999997,1.0,826
azure2019,http,test,blackbox_matched_weight,144,1700000945,4,1701400960,3394,58.56000516739917,43.455894115986304,1.0,0.0,76.0,0.0,1.2921137465508463,0.0,0.24408228125,0.2739775999999999,1.0,826
azure2019,async,test,dap,144,1700000946,0,1700000946,839,58.085829262160175,42.99940828389589,1.0,0.0,78.0,0.0,3.530327598916588,0.0,0.7454529375,0.78661115,1.0,827
azure2019,async,test,no_budget_horizon,144,1700000946,0,1700000946,839,57.977044237273496,42.94069070639857,1.0,0.0,77.0,0.0,4.010832259471762,0.0,0.7492037968749999,0.79026795,1.0,827
azure2019,async,test,blackbox_matched_weight,144,1700000946,0,1700000946,839,58.53803050395005,43.381973181479125,0.9996939794007276,0.0,86.0,0.0,1.6002218574519027,0.1164144994065345,0.362666859375,0.39745555,1.0,827
azure2019,async,test,dap,144,1700000946,1,1700100949,1383,57.182799884846425,42.35516535209837,1.0,0.0,106.0,0.0,7.910193535284874,0.0,0.912394390625,1.7724699,1.0,827
azure2019,async,test,no_budget_horizon,144,1700000946,1,1700100949,1383,56.99967664801379,42.326487473036885,1.0,0.0,107.0,0.0,9.085707440571149,0.0,1.376111734375,1.77994295,1.0,827
azure2019,async,test,blackbox_matched_weight,144,1700000946,1,1700100949,1383,57.56064839205751,42.59119030937304,1.0,0.0,129.0,0.0,6.268736955780169,0.0,0.36401625,0.3800299499999999,1.0,827
azure2019,async,test,dap,144,1700000946,2,1700200952,3333,58.25287115049348,43.18000434393021,1.0,0.0,131.0,0.0,3.143454291467039,0.0,1.313828875,1.84062335,1.0,827
azure2019,async,test,no_budget_horizon,144,1700000946,2,1700200952,3333,58.25287115049348,43.18000434393021,1.0,0.0,131.0,0.0,3.143454291467039,0.0,1.731015078125,1.84210455,1.0,827
azure2019,async,test,blackbox_matched_weight,144,1700000946,2,1700200952,3333,58.232494069489775,43.2404349883026,0.9953576020814384,0.0,144.0,0.0,3.116722804592288,2.0323818485929,1.2862860781249998,1.3501449,1.0,827
azure2019,async,test,dap,144,1700000946,3,1700300955,1668,58.08984653267646,43.16511139906399,1.0,0.0,71.0,0.0,3.486872536351229,0.0,1.730478546875,1.82697305,1.0,827
azure2019,async,test,no_budget_horizon,144,1700000946,3,1700300955,1668,58.08984653267646,43.16511139906399,1.0,0.0,71.0,0.0,3.486872536351229,0.0,0.96242784375,1.7433503,1.0,827
azure2019,async,test,blackbox_matched_weight,144,1700000946,3,1700300955,1668,58.7012479583498,43.50427292492802,1.0,0.0,85.0,0.0,0.7891702920351218,0.0,0.3663356249999999,0.3973069499999999,1.0,827
azure2019,async,test,dap,144,1700000946,4,1700400958,3470,58.33697746788916,43.23771187062721,1.0,0.0,123.0,0.0,2.5653264212004663,0.0,1.4917175625,1.8761204,1.0,827
azure2019,async,test,no_budget_horizon,144,1700000946,4,1700400958,3470,58.33697746788916,43.23771187062721,1.0,0.0,123.0,0.0,2.5653264212004663,0.0,1.719543265625,1.8173816,1.0,827
azure2019,async,test,blackbox_matched_weight,144,1700000946,4,1700400958,3470,58.45900827834185,43.32201120126653,1.0,0.0,133.0,0.0,2.0368069274563725,0.0,0.8576620156250001,1.4129522,1.0,827
azure2019,http,test,dap,144,1700000946,0,1701000949,477,58.87681996249528,43.64262466169384,1.0,0.0,66.0,0.0,0.013650865869927,0.0,1.01629415625,1.7063655,1.0,827
azure2019,http,test,no_budget_horizon,144,1700000946,0,1701000949,477,58.87681996249528,43.64262466169384,1.0,0.0,66.0,0.0,0.013650865869927,0.0,1.02261365625,1.97155165,1.0,827
azure2019,http,test,blackbox_matched_weight,144,1700000946,0,1701000949,477,58.75580933655006,43.52520817234982,1.0,0.0,69.0,0.0,0.5654645705126446,0.0,0.396928984375,0.5215371,1.0,827
azure2019,http,test,dap,144,1700000946,1,1701100952,3137,58.47081365502435,43.36308033541094,1.0000000000000002,0.0,14.0,0.0,1.528566264184945,0.0,1.7043230781249998,2.04777235,1.0,827
azure2019,http,test,no_budget_horizon,144,1700000946,1,1701100952,3137,58.281551741591954,43.23085072285416,1.0000000000000002,0.0,13.0,0.0,2.25098605512163,0.0,1.814455609375,1.9078823,1.0,827
azure2019,http,test,blackbox_matched_weight,144,1700000946,1,1701100952,3137,58.58543488551601,43.41021271761458,1.0,0.0,37.0,0.0,1.127347866130216,0.0,1.39094059375,1.47708655,1.0,827
azure2019,http,test,dap,144,1700000946,2,1701200955,279,58.64939305346722,43.46393025702472,1.0,0.0,60.0,0.0,0.8699507520551748,0.0,1.767150390625,1.85400995,1.0,827
azure2019,http,test,no_budget_horizon,144,1700000946,2,1701200955,279,58.52492514549709,43.39034908004808,1.0,0.0,58.0,0.0,1.3432826770380322,0.0,1.77593203125,1.83887805,1.0,827
azure2019,http,test,blackbox_matched_weight,144,1700000946,2,1701200955,279,58.416217608094094,43.33425138515112,1.0,0.0,61.0,0.0,1.9348628181782903,0.0,1.3830065625,1.4478535,1.0,827
azure2019,http,test,dap,144,1700000946,3,1701300958,502,58.61908802676082,43.48963117798088,1.0,0.0,69.0,0.0,1.1384691038487285,0.0,1.792740515625,1.8943536,1.0,827
azure2019,http,test,no_budget_horizon,144,1700000946,3,1701300958,502,58.61908802676082,43.48963117798088,1.0,0.0,69.0,0.0,1.1384691038487285,0.0,1.7003999843750002,1.7726423,1.0,827
azure2019,http,test,blackbox_matched_weight,144,1700000946,3,1701300958,502,58.83033428405248,43.61413064750286,1.0,0.0,82.0,0.0,0.2156179821359281,0.0,1.3547452968749998,1.4117754,1.0,827
azure2019,http,test,dap,144,1700000946,4,1701400961,2525,58.73689139506605,43.50950098860472,1.0,0.0,66.0,0.0,0.6268170382714855,0.0,1.765920140625,1.8257038,1.0,827
azure2019,http,test,no_budget_horizon,144,1700000946,4,1701400961,2525,58.73689139506605,43.50950098860472,1.0,0.0,66.0,0.0,0.6268170382714855,0.0,1.7175255156250002,1.8066813,1.0,827
azure2019,http,test,blackbox_matched_weight,144,1700000946,4,1701400961,2525,58.82811052727614,43.59504615292401,1.0,0.0,69.0,0.0,0.2248176840777205,0.0,0.47770753125,0.9211133,1.0,827
azure2019,async,test,dap,144,1700000947,0,1700000947,2494,58.78336372295646,43.563863397681246,1.0,0.0,138.0,0.0,0.4891941347441388,0.0,1.73165075,1.82445545,1.0,828
azure2019,async,test,no_budget_horizon,144,1700000947,0,1700000947,2494,-46.722624119115565,-18.36330538967552,0.9030097295480302,0.359375,144.0,0.0,564.6430020508801,42.88628689364518,1.2656663125,1.76530835,1.0,828
azure2019,async,test,blackbox_matched_weight,144,1700000947,0,1700000947,2494,9.440294295727412,15.5728015180152,0.9433287723136676,0.1875,144.0,0.0,205.3515071856617,25.058374596188877,1.0919751875,1.37308595,1.0,828
azure2019,async,test,dap,144,1700000947,1,1700100950,265,58.76471058101125,43.579201150082746,1.0,0.0,84.0,0.0,0.4482982315896153,0.0,1.719911140625,1.87243615,1.0,828
azure2019,async,test,no_budget_horizon,144,1700000947,1,1700100950,265,58.88,43.64512314764825,1.0,0.0,66.0,0.0,0.0,0.0,1.69075740625,1.7558393,1.0,828
azure2019,async,test,blackbox_matched_weight,144,1700000947,1,1700100950,265,58.85053530460435,43.62711676433439,1.0,0.0,84.0,0.0,0.1281926952022063,0.0,1.21291153125,1.33812955,1.0,828
azure2019,async,test,dap,144,1700000947,2,1700200953,3421,58.78471830646644,43.56693962403267,1.0,0.0,140.0,0.0,0.4812004101866618,0.0,0.73167296875,0.7678815,1.0,828
azure2019,async,test,no_budget_horizon,144,1700000947,2,1700200953,3421,-67.48336337549406,-31.506305018519853,0.88750970587878,0.40625,144.0,0.0,730.5568297779678,50.13741212596916,1.1374611875,1.73974575,1.0,828
azure2019,async,test,blackbox_matched_weight,144,1700000947,2,1700200953,3421,27.34135969934468,26.195991210519598,0.9555398882877848,0.125,144.0,0.0,116.83887585520536,19.816064679143423,1.106041359375,1.43161305,1.0,828
azure2019,async,test,dap,144,1700000947,3,1700300956,2894,58.47747898694456,43.36360876718295,1.0,0.0,97.0,0.0,1.7541747279806197,0.0,1.784717546875,1.8224354,1.0,828
azure2019,async,test,no_budget_horizon,144,1700000947,3,1700300956,2894,58.88,43.64512314764825,1.0,0.0,134.0,0.0,0.0,0.0,1.75535440625,1.8230672,1.0,828
azure2019,async,test,blackbox_matched_weight,144,1700000947,3,1700300956,2894,57.805031702675336,42.80000743976323,1.0,0.0,113.0,0.0,4.778210485051065,0.0,1.3386710625,1.4150575,1.0,828
azure2019,async,test,dap,144,1700000947,4,1700400959,310,58.8458095816498,43.62545152804677,1.0,0.0,82.0,0.0,0.1280511940056365,0.0,1.829947703125,1.92776025,1.0,828
azure2019,async,test,no_budget_horizon,144,1700000947,4,1700400959,310,58.88,43.64512314764825,1.0,0.0,76.0,0.0,0.0,0.0,1.84314884375,1.96385035,1.0,828
azure2019,async,test,blackbox_matched_weight,144,1700000947,4,1700400959,310,58.85053530460435,43.61681947881533,1.0,0.0,87.0,0.0,0.1281926952022063,0.0,1.360560828125,1.4078151,1.0,828
azure2019,http,test,dap,144,1700000947,0,1701000950,692,58.36577182567966,43.29957851719668,1.0,0.0,103.0,0.0,2.255511703222237,0.0,1.81834940625,1.8945483,1.0,828
azure2019,http,test,no_budget_horizon,144,1700000947,0,1701000950,692,58.86161849522776,43.631250271468815,1.0,0.0,128.0,0.0,0.0922049045735668,0.0,1.81490725,1.87878145,1.0,828
azure2019,http,test,blackbox_matched_weight,144,1700000947,0,1701000950,692,56.64314262630878,42.17440339523719,1.0,0.0,118.0,0.0,10.17947116664496,0.0,1.34610190625,1.44026495,1.0,828
azure2019,http,test,dap,144,1700000947,1,1701100953,2239,58.85448502489172,43.63082805775901,1.0,0.0,79.0,0.0,0.1101190605950597,0.0,1.734641671875,1.8449571,1.0,828
azure2019,http,test,no_budget_horizon,144,1700000947,1,1701100953,2239,58.88,43.64512314764825,1.0,0.0,102.0,0.0,0.0,0.0,1.73293125,1.8059741,1.0,828
azure2019,http,test,blackbox_matched_weight,144,1700000947,1,1701100953,2239,58.84012848140841,43.612038466424025,1.0,0.0,88.0,0.0,0.1722619334897661,0.0,1.3571245,1.4283254,1.0,828
azure2019,http,test,dap,144,1700000947,2,1701200956,4180,58.88,43.64512314764825,1.0,0.0,79.0,0.0,0.0,0.0,1.771117984375,1.88294395,1.0,828
azure2019,http,test,no_budget_horizon,144,1700000947,2,1701200956,4180,58.88,43.64512314764825,1.0,0.0,100.0,0.0,0.0,0.0,1.783517296875,1.90942885,1.0,828
azure2019,http,test,blackbox_matched_weight,144,1700000947,2,1701200956,4180,58.88,43.64512314764825,1.0,0.0,87.0,0.0,0.0,0.0,1.33589653125,1.4197514,1.0,828
azure2019,http,test,dap,144,1700000947,3,1701300959,3606,58.85198262352186,43.62979325400588,1.0,0.0,78.0,0.0,0.1218055893929781,0.0,1.746974625,1.84126515,1.0,828
azure2019,http,test,no_budget_horizon,144,1700000947,3,1701300959,3606,58.88,43.64512314764825,1.0,0.0,99.0,0.0,0.0,0.0,1.719644375,1.8350125,1.0,828
azure2019,http,test,blackbox_matched_weight,144,1700000947,3,1701300959,3606,58.88,43.64512314764825,1.0,0.0,86.0,0.0,0.0,0.0,1.317779828125,1.36424535,1.0,828
azure2019,http,test,dap,144,1700000947,4,1701400962,1265,58.82375121530983,43.60261644083533,1.0,0.0,76.0,0.0,0.2430909124884026,0.0,1.7220444062499998,1.80399255,1.0,828
azure2019,http,test,no_budget_horizon,144,1700000947,4,1701400962,1265,58.88,43.64512314764825,1.0,0.0,122.0,0.0,0.0,0.0,1.734458671875,1.84490405,1.0,828
azure2019,http,test,blackbox_matched_weight,144,1700000947,4,1701400962,1265,58.83438204917224,43.60699039419346,1.0,0.0,89.0,0.0,0.1972997305855255,0.0,1.3675338125,1.47375105,1.0,828
azure2019,async,test,dap,144,1700000948,0,1700000948,3318,57.850737317138496,43.09665468030019,0.9922422926156332,0.0,144.0,0.0,5.122081034755409,3.411769697673691,0.5125698437499999,0.55116095,1.0,829
azure2019,async,test,no_budget_horizon,144,1700000948,0,1700000948,3318,57.850737317138496,43.09665468030019,0.9922422926156332,0.0,144.0,0.0,5.122081034755409,3.411769697673691,0.5138704687500001,0.5761498,1.0,829
azure2019,async,test,blackbox_matched_weight,144,1700000948,0,1700000948,3318,15.719120775758975,19.48231682296715,0.9476546658439818,0.171875,144.0,0.0,168.18313933389047,23.02100556770185,0.20302640625,0.2518693999999999,1.0,829
azure2019,async,test,dap,144,1700000948,1,1700100951,742,58.88,43.64512314764825,1.0,0.0,122.0,0.0,0.0,0.0,0.5980665625000001,1.1337266,1.0,829
azure2019,async,test,no_budget_horizon,144,1700000948,1,1700100951,742,58.88,43.64512314764825,1.0,0.0,122.0,0.0,0.0,0.0,0.8896273749999999,1.10915115,1.0,829
azure2019,async,test,blackbox_matched_weight,144,1700000948,1,1700100951,742,57.785885003497526,42.86136641757863,1.0000000000000002,0.0,142.0,0.0,5.043122787473077,0.0,0.2435620312499999,0.27508535,1.0,829
azure2019,async,test,dap,144,1700000948,2,1700200954,1693,58.88,43.64512314764825,1.0,0.0,111.0,0.0,0.0,0.0,0.5676082812500001,0.7984604,1.0,829
azure2019,async,test,no_budget_horizon,144,1700000948,2,1700200954,1693,58.88,43.64512314764825,1.0,0.0,111.0,0.0,0.0,0.0,0.569226015625,0.7008683999999998,1.0,829
azure2019,async,test,blackbox_matched_weight,144,1700000948,2,1700200954,1693,40.63549461902345,33.511128853336366,0.9730327855397484,0.078125,144.0,0.0,50.45873396091278,10.667736484393586,0.21262996875,0.24224055,1.0,829
azure2019,async,test,dap,144,1700000948,3,1700300957,3281,58.88,43.64512314764825,1.0,0.0,139.0,0.0,0.0,0.0,0.60106103125,0.8369447,1.0,829
azure2019,async,test,no_budget_horizon,144,1700000948,3,1700300957,3281,58.88,43.64512314764825,1.0,0.0,139.0,0.0,0.0,0.0,0.5326379375,0.57815655,1.0,829
azure2019,async,test,blackbox_matched_weight,144,1700000948,3,1700300957,3281,46.59603209546398,36.78261470546126,0.9767134043183284,0.046875,144.0,0.0,38.39289277960705,10.095814750364935,0.225683953125,0.2562892,1.0,829
azure2019,async,test,dap,144,1700000948,4,1700400960,3117,58.88,43.64512314764825,1.0,0.0,110.0,0.0,0.0,0.0,0.533002515625,0.5692888,1.0,829
azure2019,async,test,no_budget_horizon,144,1700000948,4,1700400960,3117,58.88,43.64512314764825,1.0,0.0,110.0,0.0,0.0,0.0,0.54707359375,0.6199334999999999,1.0,829
azure2019,async,test,blackbox_matched_weight,144,1700000948,4,1700400960,3117,53.44784834611856,40.655269721012615,0.9848091692009332,0.015625,144.0,0.0,18.28207841785466,6.021138894352282,0.222651828125,0.2444428,1.0,829
azure2019,http,test,dap,144,1700000948,0,1701000951,677,58.88,43.64512314764825,1.0,0.0,110.0,0.0,0.0,0.0,0.5402365625,0.604977,1.0,829
azure2019,http,test,no_budget_horizon,144,1700000948,0,1701000951,677,58.88,43.64512314764825,1.0,0.0,110.0,0.0,0.0,0.0,0.532944203125,0.5576966,1.0,829
azure2019,http,test,blackbox_matched_weight,144,1700000948,0,1701000951,677,34.158974987901786,29.96940989040229,0.9688007962838504,0.109375,144.0,0.0,69.948889422077,12.211863840192244,0.204192171875,0.25009715,1.0,829
azure2019,http,test,dap,144,1700000948,1,1701100954,830,58.88,43.64512314764825,1.0,0.0,130.0,0.0,0.0,0.0,0.53589378125,0.5995056499999999,1.0,829
azure2019,http,test,no_budget_horizon,144,1700000948,1,1701100954,830,58.88,43.64512314764825,1.0,0.0,130.0,0.0,0.0,0.0,0.5332605625,0.5915213500000001,1.0,829
azure2019,http,test,blackbox_matched_weight,144,1700000948,1,1701100954,830,57.30384533560431,42.69415865372252,0.9950603462191494,0.0,144.0,0.0,7.249193474997079,2.067932498554045,0.2285142968749999,0.2567691,1.0,829
azure2019,http,test,dap,144,1700000948,2,1701200957,4093,58.88,43.64512314764825,1.0,0.0,95.0,0.0,0.0,0.0,0.539829046875,0.5975815499999999,1.0,829
azure2019,http,test,no_budget_horizon,144,1700000948,2,1701200957,4093,58.88,43.64512314764825,1.0,0.0,95.0,0.0,0.0,0.0,0.559338078125,0.6161342999999999,1.0,829
azure2019,http,test,blackbox_matched_weight,144,1700000948,2,1701200957,4093,55.59666768886896,41.77569136886225,0.9875354858803342,0.0,144.0,0.0,16.87612390287265,4.777984858164878,0.2271895937499999,0.2930201499999998,1.0,829
azure2019,http,test,dap,144,1700000948,3,1701300960,2064,58.88,43.64512314764825,1.0,0.0,65.0,0.0,0.0,0.0,0.545032,0.6089909499999998,1.0,829
azure2019,http,test,no_budget_horizon,144,1700000948,3,1701300960,2064,58.88,43.64512314764825,1.0,0.0,65.0,0.0,0.0,0.0,0.562005390625,0.6495231499999999,1.0,829
azure2019,http,test,blackbox_matched_weight,144,1700000948,3,1701300960,2064,58.48492622178978,43.39757354369451,1.0,0.0,89.0,0.0,1.5346882846642504,0.0,0.229946515625,0.2381773,1.0,829
azure2019,http,test,dap,144,1700000948,4,1701400963,1802,58.88,43.64512314764825,1.0,0.0,63.0,0.0,0.0,0.0,0.5359231250000001,0.58659385,1.0,829
azure2019,http,test,no_budget_horizon,144,1700000948,4,1701400963,1802,58.88,43.64512314764825,1.0,0.0,63.0,0.0,0.0,0.0,0.513786734375,0.56396845,1.0,829
azure2019,http,test,blackbox_matched_weight,144,1700000948,4,1701400963,1802,58.45530066214191,43.364284367165496,1.0,0.0,83.0,0.0,1.6245781170301656,0.0,0.231322296875,0.2616034499999999,1.0,829
azure2019,async,test,dap,48,1700000939,0,1700000939,470,44.0041361522745,35.3976985111627,0.981646331286422,0.046875,48.0,0.0,46.76196450722061,6.4811153855078345,0.6180569687499999,0.8238603,1.0,820
azure2019,async,test,no_budget_horizon,48,1700000939,0,1700000939,470,55.63634711731933,41.73664441722511,0.9901124766629212,0.0,48.0,0.0,15.262983209655015,3.4915188142794484,0.965292546875,1.8230801,1.0,820
azure2019,async,test,blackbox_matched_weight,48,1700000939,0,1700000939,470,30.07468273743044,27.28415458043256,0.9761332285552776,0.09375,48.0,0.0,93.52006387948369,8.42792261464087,0.8889481406249999,1.3456283,1.0,820
azure2019,async,test,dap,48,1700000939,1,1700100942,521,17.664176846420084,20.301603790550285,0.9722510211466736,0.1875,48.0,0.0,106.98320738642164,10.066838983669236,0.6916872812499999,1.70302255,1.0,820
azure2019,async,test,no_budget_horizon,48,1700000939,1,1700100942,521,20.201364691431788,21.771571216708782,0.9728743065229218,0.171875,48.0,0.0,102.85088572172378,9.840722067557405,0.615805515625,0.8989257999999998,1.0,820
azure2019,async,test,blackbox_matched_weight,48,1700000939,1,1700100942,521,3.9460912375036,11.969050806374398,0.9657214424061052,0.234375,48.0,0.0,163.5875246715833,12.43565472135584,0.27636684375,0.4621668999999999,1.0,820
azure2019,async,test,dap,48,1700000939,2,1700200945,1293,-162.0000653905311,-93.51127133874344,0.818125139032162,0.578125,48.0,0.0,1592.0828365836892,80.49635527364619,0.450659125,0.9111511,1.0,820
azure2019,async,test,no_budget_horizon,48,1700000939,2,1700200945,1293,-156.77988005225734,-89.8715780741186,0.8203845563728547,0.5625,48.0,0.0,1553.4756263185768,79.49635527364619,0.4361114218749999,0.8411502499999998,1.0,820
azure2019,async,test,blackbox_matched_weight,48,1700000939,2,1700200945,1293,-205.0083788690225,-123.72958044423528,0.7976417395740003,0.65625,48.0,0.0,1979.074562659248,89.56214364715747,0.1815438906249999,0.3632229999999999,1.0,820
azure2019,async,test,dap,48,1700000939,3,1700300948,4068,-112.0043734878055,-62.81250845358848,0.8823475916807435,0.546875,48.0,0.0,980.2286802702024,48.33838827977698,0.4404990625,0.7722872000000001,1.0,820
azure2019,async,test,no_budget_horizon,48,1700000939,3,1700300948,4068,-101.9347278177328,-56.10300928070269,0.8884787270916213,0.53125,48.0,0.0,886.7977430120347,45.81936458684349,0.453101796875,0.7863996,1.0,820
azure2019,async,test,blackbox_matched_weight,48,1700000939,3,1700300948,4068,-144.96933563744736,-85.75425608945275,0.8661172533682713,0.625,48.0,0.0,1248.6721751574628,55.00674642448679,0.1905111875,0.3545269,1.0,820
azure2019,async,test,dap,48,1700000939,4,1700400951,1537,-15.954546961770085,-0.1577238782271655,0.9478159420108818,0.3125,48.0,0.0,263.37614505678044,19.86517027888848,0.526305890625,0.7675926,1.0,820
azure2019,async,test,no_budget_horizon,48,1700000939,4,1700400951,1537,-15.954546961770085,-0.1577238782271655,0.9478159420108818,0.3125,48.0,0.0,263.37614505678044,19.86517027888848,0.570361046875,0.9431054,1.0,820
azure2019,async,test,blackbox_matched_weight,48,1700000939,4,1700400951,1537,-42.656064731349424,-17.261910609637017,0.934084929786242,0.40625,48.0,0.0,406.46059197766647,25.0922244110308,0.24466203125,0.371629,1.0,820
azure2019,http,test,dap,48,1700000939,0,1701000942,3740,15.039694863616326,18.83240030192361,0.9599420459023844,0.1875,48.0,0.0,137.02373932363793,15.094213150743029,0.598621734375,0.8068964999999999,1.0,820
azure2019,http,test,no_budget_horizon,48,1700000939,0,1701000942,3740,15.039694863616326,18.83240030192361,0.9599420459023844,0.1875,48.0,0.0,137.02373932363793,15.094213150743029,0.6128367343750001,0.8592583999999999,1.0,820
azure2019,http,test,blackbox_matched_weight,48,1700000939,0,1701000942,3740,-18.620922963506533,-1.6018975627750232,0.9396539969394504,0.3125,48.0,0.0,298.5637314234951,22.73894045541244,0.255416,0.3620885,1.0,820
azure2019,http,test,dap,48,1700000939,1,1701100945,306,33.10232427868843,29.39501062625231,0.9755832204028526,0.109375,48.0,0.0,71.03162170175008,8.474758207864804,0.603157890625,0.7994727499999997,1.0,820
azure2019,http,test,no_budget_horizon,48,1700000939,1,1701100945,306,37.59462461257674,31.94381846216953,0.9789037191462406,0.09375,48.0,0.0,54.26964336209889,7.322254706419473,0.6364853125,0.8280089499999999,1.0,820
azure2019,http,test,blackbox_matched_weight,48,1700000939,1,1701100945,306,33.10232427868843,29.39501062625231,0.9755832204028526,0.109375,48.0,0.0,71.03162170175008,8.474758207864804,0.2893008124999999,0.36607195,1.0,820
azure2019,http,test,dap,48,1700000939,2,1701200948,1221,8.441627575870124,14.77491482354693,0.9590712967612868,0.21875,48.0,0.0,156.71289210666325,15.548172952303126,0.61567609375,0.8779944999999999,1.0,820
azure2019,http,test,no_budget_horizon,48,1700000939,2,1701200948,1221,8.441627575870124,14.77491482354693,0.9590712967612868,0.21875,48.0,0.0,156.71289210666325,15.548172952303126,0.63612453125,0.92412635,1.0,820
azure2019,http,test,blackbox_matched_weight,48,1700000939,2,1701200948,1221,-26.064405871358076,-6.3445260210599965,0.9382311438452934,0.34375,48.0,0.0,331.4916718120108,23.465020451732947,0.417684234375,1.3031012,1.0,820
azure2019,http,test,dap,48,1700000939,3,1701300951,1135,-25.06657514303374,-5.669740300942007,0.9294833694783724,0.3125,48.0,0.0,365.4907913491005,27.74448606737952,0.6449479687499999,0.79591015,1.0,820
azure2019,http,test,no_budget_horizon,48,1700000939,3,1701300951,1135,-24.7986186664206,-5.532525146264038,0.9299381793564476,0.3125,48.0,0.0,361.9009270876512,27.565542941024425,1.268940484375,1.763786,1.0,820
azure2019,http,test,blackbox_matched_weight,48,1700000939,3,1701300951,1135,-69.63756697011733,-34.25027463255031,0.9042162580865312,0.453125,48.0,0.0,645.6146924284301,37.685729924158345,0.8344355937500001,1.39145495,1.0,820
azure2019,http,test,dap,48,1700000939,4,1701400954,1168,-41.23991227327505,-15.98881640471052,0.9245497891000228,0.375,48.0,0.0,442.7503701087828,29.560502029963665,1.1850135625,1.77573335,1.0,820
azure2019,http,test,no_budget_horizon,48,1700000939,4,1701400954,1168,-30.423390095780626,-9.244663937377757,0.9313581077989054,0.34375,48.0,0.0,371.6707533275787,26.893083127904337,1.0514467500000002,1.7090051,1.0,820
azure2019,http,test,blackbox_matched_weight,48,1700000939,4,1701400954,1168,-83.27380504884088,-43.731156680853886,0.9025603866580733,0.5,48.0,0.0,718.8508953555922,38.17569034778892,0.414738515625,0.9644549499999984,1.0,820
azure2019,async,test,dap,48,1700000940,0,1700000940,3860,-128.86025175048945,-72.73417721952586,0.8462088235492868,0.53125,48.0,0.0,1230.6973496853498,65.72866491155717,0.485699140625,0.8890604499999998,1.0,821
azure2019,async,test,no_budget_horizon,48,1700000940,0,1700000940,3860,-246.9354252169717,-156.99112004984866,0.792077786163243,0.78125,48.0,0.0,2255.076299593503,88.86367759417682,0.349962734375,0.8006904499999999,1.0,821
azure2019,async,test,blackbox_matched_weight,48,1700000940,0,1700000940,3860,-152.28794875494745,-88.72751591973383,0.8338625087335688,0.578125,48.0,0.0,1432.8740410801663,71.00534468047097,0.21548125,0.4733064999999999,1.0,821
azure2019,async,test,dap,48,1700000940,1,1700100943,14,58.19158988859978,43.25207381859302,1.0,0.0,40.0,0.0,2.7688892828800187,0.0,0.82286846875,0.9618508999999998,1.0,821
azure2019,async,test,no_budget_horizon,48,1700000940,1,1700100943,14,28.78510103137356,26.898185946384476,0.9791087471181474,0.140625,48.0,0.0,72.36496676823256,6.85066199539115,0.623107484375,0.87657385,1.0,821
azure2019,async,test,blackbox_matched_weight,48,1700000940,1,1700100943,14,28.78510103137356,26.898185946384476,0.9791087471181474,0.140625,48.0,0.0,72.36496676823256,6.85066199539115,0.295458828125,0.4209044999999999,1.0,821
azure2019,async,test,dap,48,1700000940,2,1700200946,2751,-27.99548409342584,-8.256812295546482,0.9340919175351204,0.328125,48.0,0.0,358.64148632663864,25.886771587560364,0.5662990781249999,0.8826240999999998,1.0,821
azure2019,async,test,no_budget_horizon,48,1700000940,2,1700200946,2751,-167.35789154566658,-103.4874795572801,0.8644084109184607,0.703125,48.0,0.0,1364.6265946325434,53.25641961467382,0.4078463125,0.7842712999999999,1.0,821
azure2019,async,test,blackbox_matched_weight,48,1700000940,2,1700200946,2751,-64.23663953659772,-31.14963051177292,0.911820499154471,0.4375,48.0,0.0,595.7784699277462,34.63433484519385,0.2307720624999999,0.3959072999999999,1.0,821
azure2019,async,test,dap,48,1700000940,3,1700300949,1113,-266.4436836514147,-164.59996292578143,0.7651979118829283,0.703125,48.0,0.0,2704.604762108156,110.3424483837382,0.38664296875,0.7981343000000001,1.0,821
azure2019,async,test,no_budget_horizon,48,1700000940,3,1700300949,1113,-328.2791518785117,-209.3116482108647,0.737210318374972,0.78125,48.0,0.0,3354.828657238372,123.49488504561708,0.3388530468749999,0.8400086999999999,1.0,821
azure2019,async,test,blackbox_matched_weight,48,1700000940,3,1700300949,1113,-328.2791518785117,-209.3116482108647,0.737210318374972,0.78125,48.0,0.0,3354.828657238372,123.49488504561708,0.1604458437499999,0.3870920999999999,1.0,821
azure2019,async,test,dap,48,1700000940,4,1700400952,1102,-289.1815404439655,-180.84622361536304,0.7492513798295101,0.734375,48.0,0.0,2933.155299035325,118.47458492817778,0.37290675,0.7856549,1.0,821
azure2019,async,test,no_budget_horizon,48,1700000940,4,1700400952,1102,-320.71668937408776,-203.98683324876157,0.7359441459043229,0.78125,48.0,0.0,3252.863244090947,124.76203334865868,0.364258015625,1.131936,1.0,821
azure2019,async,test,blackbox_matched_weight,48,1700000940,4,1700400952,1102,-320.71668937408776,-203.98683324876157,0.7359441459043229,0.78125,48.0,0.0,3252.863244090947,124.76203334865868,0.18033659375,0.41856315,1.0,821
azure2019,http,test,dap,48,1700000940,0,1701000943,886,-135.97891408256464,-79.68714846509567,0.8647851321984761,0.578125,48.0,0.0,1204.2623951029796,56.29336771579261,0.447320578125,0.8284722999999999,1.0,821
azure2019,http,test,no_budget_horizon,48,1700000940,0,1701000943,886,-239.6909407243378,-153.47583112831646,0.8142058447375854,0.78125,48.0,0.0,2152.703357078646,77.35080373694142,0.35995059375,0.77902675,1.0,821
azure2019,http,test,blackbox_matched_weight,48,1700000940,0,1701000943,886,-134.0698324715383,-77.88841236653559,0.8647851321984759,0.578125,48.0,0.0,1192.0491483359226,56.29336771579261,0.22307503125,0.4410754999999997,1.0,821
azure2019,http,test,dap,48,1700000940,1,1701100946,3676,15.863313254735075,19.42924790818561,0.96016424025821,0.1875,48.0,0.0,132.47747402263647,14.726744222699208,0.651796375,0.90361145,1.0,821
azure2019,http,test,no_budget_horizon,48,1700000940,1,1701100946,3676,-78.18366003056896,-41.33628639584497,0.9140822196607165,0.515625,48.0,0.0,612.2597882357654,31.76264701464514,0.4417779687499999,0.8286979,1.0,821
azure2019,http,test,blackbox_matched_weight,48,1700000940,1,1701100946,3676,14.09345571391046,18.188602533953254,0.9586251999993546,0.1875,48.0,0.0,144.97599659710033,15.29570669228718,0.3330552499999999,0.5605204499999998,1.0,821
azure2019,http,test,dap,48,1700000940,2,1701200949,840,-185.3587807864349,-112.743190718635,0.8271795834718022,0.671875,48.0,0.0,1675.732717126714,72.88877981433778,0.7031475625,1.7029864499999978,1.0,821
azure2019,http,test,no_budget_horizon,48,1700000940,2,1701200949,840,-236.87967331933567,-150.6365947863261,0.8047234026826627,0.765625,48.0,0.0,2144.7880320237878,82.35990394360695,0.721316640625,1.72199185,1.0,821
azure2019,http,test,blackbox_matched_weight,48,1700000940,2,1701200949,840,-126.91974800803229,-71.63660693561951,0.8548582910464108,0.546875,48.0,0.0,1180.1939023275218,61.21500155086555,0.7178468125,1.3067656,1.0,821
azure2019,http,test,dap,48,1700000940,3,1701300952,3544,39.85487783190004,33.18955281234577,0.9775351250505986,0.078125,48.0,0.0,51.758732786595246,7.853457321184496,1.481955984375,1.81885885,1.0,821
azure2019,http,test,no_budget_horizon,48,1700000940,3,1701300952,3544,-4.702096803077861,6.594728110909998,0.9575977468462552,0.265625,48.0,0.0,199.38437529025816,14.823331365744842,1.127339359375,1.72354075,1.0,821
azure2019,http,test,blackbox_matched_weight,48,1700000940,3,1701300952,3544,28.095968954128413,26.496975996528853,0.969905444111036,0.125,48.0,0.0,91.87970349291038,10.520704468923777,1.019284796875,1.3536187,1.0,821
azure2019,http,test,dap,48,1700000940,4,1701400955,4127,-18.008742435330966,-1.7917788775005716,0.949463258334502,0.3125,48.0,0.0,280.0000560899948,19.417173774735332,0.787387578125,1.81019455,1.0,821
azure2019,http,test,no_budget_horizon,48,1700000940,4,1701400955,4127,-136.38252089666054,-81.37132234395919,0.8874871268361268,0.640625,48.0,0.0,1094.9791014070715,43.229577889648375,0.441412484375,1.0045852499999992,1.0,821
azure2019,http,test,blackbox_matched_weight,48,1700000940,4,1701400955,4127,-36.31794860122919,-13.123252251992191,0.938495364228066,0.375,48.0,0.0,385.1753345544687,23.631246522384554,0.24410084375,0.3603344,1.0,821
azure2019,async,test,dap,48,1700000941,0,1700000941,3252,-116.64475795131304,-64.08453000571713,0.852142404786756,0.515625,48.0,0.0,1119.248760706678,63.19443398521088,0.4660125,0.7778252,1.0,822
azure2019,async,test,no_budget_horizon,48,1700000941,0,1700000941,3252,-143.98001832974293,-82.67337845642108,0.8380410545961023,0.578125,48.0,0.0,1345.540953834452,69.22136038314389,0.476743578125,0.86917035,1.0,822
azure2019,async,test,blackbox_matched_weight,48,1700000941,0,1700000941,3252,-127.7767136424744,-71.62762749352106,0.8466566080559425,0.546875,48.0,0.0,1203.665853994875,65.53906713619438,0.212083578125,0.37508945,1.0,822
azure2019,async,test,dap,48,1700000941,1,1700100944,98,58.78523965870161,43.575841510056506,0.99994795327187,0.0,48.0,0.0,0.4130960017509393,0.0164804946632681,0.97401059375,1.75885235,1.0,822
azure2019,async,test,no_budget_horizon,48,1700000941,1,1700100944,98,58.41555622949704,43.39512236112199,0.9980953070959968,0.0,48.0,0.0,1.8192989232185104,0.603117282628701,0.71193740625,1.7564635999999998,1.0,822
azure2019,async,test,blackbox_matched_weight,48,1700000941,1,1700100944,98,58.41555622949704,43.39512236112199,0.9980953070959968,0.0,48.0,0.0,1.8192989232185104,0.603117282628701,0.334977890625,0.4831212999999998,1.0,822
azure2019,async,test,dap,48,1700000941,2,1700200947,540,1.750626049130219,10.622534670635806,0.9564583082393808,0.25,48.0,0.0,177.29969035210422,16.04829391571465,0.5698884843750001,0.8163432999999998,1.0,822
azure2019,async,test,no_budget_horizon,48,1700000941,2,1700200947,540,-42.76779984897904,-17.73430101212763,0.9363735311336786,0.40625,48.0,0.0,388.3772650780774,23.451001371272188,0.45245090625,0.7804491,1.0,822
azure2019,async,test,blackbox_matched_weight,48,1700000941,2,1700200947,540,-4.509969744981529,6.958763187859678,0.9517896007498244,0.265625,48.0,0.0,214.7035232846638,17.769053651253056,0.268474875,0.4110348499999999,1.0,822
azure2019,async,test,dap,48,1700000941,3,1700300950,297,53.62101938446537,40.6401713204408,0.9898626334714908,0.0,48.0,0.0,24.116425985251112,3.4515467706620395,0.6330331875,0.8538194999999996,1.0,822
azure2019,async,test,no_budget_horizon,48,1700000941,3,1700300950,297,45.43613839821259,35.93002678437052,0.9851093432293436,0.015625,48.0,0.0,57.03676217167295,5.0699358798220775,0.5258894375,0.8074036,1.0,822
azure2019,async,test,blackbox_matched_weight,48,1700000941,3,1700300950,297,52.55897275836404,40.02720942533227,0.988867803771393,0.0,48.0,0.0,29.618826668138198,3.7902640528155978,0.3167066249999999,0.5940674499999999,1.0,822
azure2019,async,test,dap,48,1700000941,4,1700400953,1207,-163.3878784284326,-96.25228796337292,0.829622062343383,0.609375,48.0,0.0,1525.1474072146011,75.38478332671033,0.41275884375,0.7627623,1.0,822
azure2019,async,test,no_budget_horizon,48,1700000941,4,1700400953,1207,-163.80708683293767,-96.63288320881924,0.829622062343383,0.609375,48.0,0.0,1527.2930610785838,75.38478332671033,0.431915515625,0.8427464499999998,1.0,822
azure2019,async,test,blackbox_matched_weight,48,1700000941,4,1700400953,1207,-178.86197940492443,-106.93997037581656,0.8219110859473943,0.640625,48.0,0.0,1666.2199429511031,78.79655302438402,0.220655671875,0.4501979499999999,1.0,822
azure2019,http,test,dap,48,1700000941,0,1701000944,3466,43.44415718372339,35.11830068454906,0.9830548765175758,0.046875,48.0,0.0,51.24054626348668,5.908191407110234,0.642894625,0.9049979,1.0,822
azure2019,http,test,no_budget_horizon,48,1700000941,0,1701000944,3466,-30.280368159691434,-9.959659003004395,0.9566927166328744,0.390625,48.0,0.0,280.4384662614326,15.099784886214032,0.5136935625,0.91284985,1.0,822
azure2019,http,test,blackbox_matched_weight,48,1700000941,0,1701000944,3466,34.80945591823425,30.280314479735303,0.9801976584791092,0.09375,48.0,0.0,68.24587009170075,6.904406694689495,0.286476546875,0.39048725,1.0,822
azure2019,http,test,dap,48,1700000941,1,1701100947,1364,50.87763002906623,39.12594921859187,0.98674950929195,0.0,48.0,0.0,40.67626507554914,4.583242544386419,0.6392090937500001,0.8261251499999999,1.0,822
azure2019,http,test,no_budget_horizon,48,1700000941,1,1701100947,1364,-11.46208623080032,2.1221024097990027,0.9674973591940952,0.3125,48.0,0.0,199.62088617359348,11.242412785213348,0.51272071875,0.8343218999999998,1.0,822
azure2019,http,test,blackbox_matched_weight,48,1700000941,1,1701100947,1364,47.22559431438684,37.1269063002033,0.9849708373859974,0.015625,48.0,0.0,50.72505223153074,5.198471439035103,0.2940893906249999,0.4437807499999996,1.0,822
azure2019,http,test,dap,48,1700000941,2,1701200950,744,-71.60185351855661,-34.994273279720815,0.887714138534444,0.421875,48.0,0.0,727.661682012116,45.958768366321365,0.531547,0.9704781499999996,1.0,822
azure2019,http,test,no_budget_horizon,48,1700000941,2,1701200950,744,-129.17602765875068,-73.41085904950275,0.8560973826150505,0.5625,48.0,0.0,1177.026463413262,58.89955309939889,0.422195609375,0.7649112,1.0,822
azure2019,http,test,blackbox_matched_weight,48,1700000941,2,1701200950,744,-83.84291785718506,-42.76322938480456,0.8798761526982004,0.453125,48.0,0.0,824.4506880494621,49.16686750547196,0.2353771875,0.3802303499999999,1.0,822
azure2019,http,test,dap,48,1700000941,3,1701300953,4141,6.267963368395883,13.096140253739788,0.960199441491808,0.21875,48.0,0.0,165.56672739658853,15.119024165346335,0.609716421875,1.0014987,1.0,822
azure2019,http,test,no_budget_horizon,48,1700000941,3,1701300953,4141,-89.12363906008835,-49.07501759216285,0.9163686167097744,0.546875,48.0,0.0,685.4225853304986,31.76902416296524,0.420418140625,0.7687205,1.0,822
azure2019,http,test,blackbox_matched_weight,48,1700000941,3,1701300953,4141,-27.690895009215527,-7.85845123293627,0.9447386215146084,0.359375,48.0,0.0,309.348320752744,20.992120413562063,0.2473081718749999,0.3916596499999999,1.0,822
azure2019,http,test,dap,48,1700000941,4,1701400956,246,30.55687030154333,27.93986889778173,0.9746418577883758,0.125,48.0,0.0,74.90700189598894,8.771231405270488,0.61751184375,0.78821385,1.0,822
azure2019,http,test,no_budget_horizon,48,1700000941,4,1701400956,246,7.021449790555267,13.892402021900974,0.9638724402854904,0.21875,48.0,0.0,156.14720742083358,12.49630922167592,0.52924634375,0.7719309999999999,1.0,822
azure2019,http,test,blackbox_matched_weight,48,1700000941,4,1701400956,246,30.55687030154333,27.93986889778173,0.9746418577883758,0.125,48.0,0.0,74.90700189598894,8.771231405270488,0.299801875,0.4098451999999999,1.0,822
azure2019,async,test,dap,48,1700000942,0,1700000942,1105,-211.71321216101472,-126.03614993489182,0.7882526784758173,0.625,48.0,0.0,2148.756771166083,99.94964425082334,0.405401234375,0.74694225,1.0,823
azure2019,async,test,no_budget_horizon,48,1700000942,0,1700000942,1105,-220.07509676339623,-131.8545762977061,0.7837136848526352,0.625,48.0,0.0,2244.315775711756,102.09215445887806,0.4568528749999999,1.1018789,1.0,823
azure2019,async,test,blackbox_matched_weight,48,1700000942,0,1700000942,1105,-268.3633278561738,-165.71934596676502,0.7605109024123633,0.703125,48.0,0.0,2728.010180050881,113.04440563183832,0.179049953125,0.3856051,1.0,823
azure2019,async,test,dap,48,1700000942,1,1700100945,4107,-59.900838423578605,-27.2674079966642,0.8961904315021111,0.390625,48.0,0.0,648.3428076243015,42.24085348497633,0.5163883125000001,0.79942845,1.0,823
azure2019,async,test,no_budget_horizon,48,1700000942,1,1700100945,4107,-59.81859091937642,-27.17174641864989,0.8961904315021111,0.390625,48.0,0.0,647.9696752115051,42.24085348497633,0.50881821875,0.8038810499999999,1.0,823
azure2019,async,test,blackbox_matched_weight,48,1700000942,1,1700100945,4107,-66.77078473857436,-31.84074089394575,0.8922305794763368,0.40625,48.0,0.0,697.9255256146781,43.852145504230975,0.24538459375,0.3863826999999999,1.0,823
azure2019,async,test,dap,48,1700000942,2,1700200948,3663,-171.4737599340719,-100.5518174224601,0.8164271669690062,0.59375,48.0,0.0,1666.4720852019816,82.08649941587555,0.48082790625,0.8090737,1.0,823
azure2019,async,test,no_budget_horizon,48,1700000942,2,1700200948,3663,-171.38318039763055,-100.4586815171757,0.8164271669690062,0.59375,48.0,0.0,1665.7931722206129,82.08649941587555,0.420989703125,0.82176605,1.0,823
azure2019,async,test,blackbox_matched_weight,48,1700000942,2,1700200948,3663,-189.02370482423785,-112.89931741161936,0.8088594138145356,0.640625,48.0,0.0,1806.800819709892,85.47049885978592,0.1949428437499999,0.3922409,1.0,823
azure2019,async,test,dap,48,1700000942,3,1700300951,2057,-101.97085920062182,-54.68762274677535,0.8687117096549708,0.5,48.0,0.0,963.2824556976788,54.56137878409825,0.470030421875,0.7930747499999999,1.0,823
azure2019,async,test,no_budget_horizon,48,1700000942,3,1700300951,2057,-91.92790621689504,-47.92947445094568,0.873524208652276,0.46875,48.0,0.0,894.9229097049922,52.56137878409825,0.4979651406249999,0.8852996499999999,1.0,823
azure2019,async,test,blackbox_matched_weight,48,1700000942,3,1700300951,2057,-104.53333144937456,-56.38209531093004,0.8668320725863479,0.5,48.0,0.0,991.524675554587,55.34252681952658,0.2258195,0.40235655,1.0,823
azure2019,async,test,dap,48,1700000942,4,1700400954,3377,-157.9055289750587,-90.8615728074821,0.8190610541848775,0.578125,48.0,0.0,1536.030495873797,79.8366732176593,0.435166109375,0.8268692999999999,1.0,823
azure2019,async,test,no_budget_horizon,48,1700000942,4,1700400954,3377,-157.9055289750587,-90.8615728074821,0.8190610541848775,0.578125,48.0,0.0,1536.030495873797,79.8366732176593,0.450416015625,0.83003475,1.0,823
azure2019,async,test,blackbox_matched_weight,48,1700000942,4,1700400954,3377,-158.01255543814628,-90.97015648471096,0.8190610541848775,0.578125,48.0,0.0,1536.5310375513234,79.8366732176593,0.236845015625,0.4793757499999999,1.0,823
azure2019,http,test,dap,48,1700000942,0,1701000945,3725,20.662153799546687,22.22166747416956,0.959070678913199,0.15625,48.0,0.0,127.80624984074149,15.42165551078266,0.629912640625,0.8663035,1.0,823
azure2019,http,test,no_budget_horizon,48,1700000942,0,1701000945,3725,20.662153799546687,22.22166747416956,0.959070678913199,0.15625,48.0,0.0,127.80624984074149,15.42165551078266,0.6135119843749999,0.8022309499999999,1.0,823
azure2019,http,test,blackbox_matched_weight,48,1700000942,0,1701000945,3725,20.662153799546687,22.22166747416956,0.959070678913199,0.15625,48.0,0.0,127.80624984074149,15.42165551078266,0.29820759375,0.4211949499999998,1.0,823
azure2019,http,test,dap,48,1700000942,1,1701100948,3563,32.22413588575514,28.851745066929592,0.974451505451324,0.109375,48.0,0.0,75.3703014709337,8.971448182730256,0.6195579218749999,0.8751404999999998,1.0,823
azure2019,http,test,no_budget_horizon,48,1700000942,1,1701100948,3563,43.10179821342048,34.951207617890134,0.9809068530781808,0.0625,48.0,0.0,42.67056772458223,6.704629031194102,0.640314265625,0.8063520499999998,1.0,823
azure2019,http,test,blackbox_matched_weight,48,1700000942,1,1701100948,3563,32.29971893687857,28.90289907737594,0.974451505451324,0.109375,48.0,0.0,74.9832547584549,8.971448182730256,0.290974765625,0.3645715499999999,1.0,823
azure2019,http,test,dap,48,1700000942,2,1701200951,3471,51.36653408462561,39.412613034725794,0.9882597192008152,0.0,48.0,0.0,38.047635445774034,4.079651264622871,0.6198788124999999,0.78579245,1.0,823
azure2019,http,test,no_budget_horizon,48,1700000942,2,1701200951,3471,53.44226495762673,40.55398514854672,0.9908643701177734,0.0,48.0,0.0,25.95425494312733,3.1745564386109173,0.634540296875,0.7923448,1.0,823
azure2019,http,test,blackbox_matched_weight,48,1700000942,2,1701200951,3471,52.72244544910038,40.18220578412968,0.9899909134667004,0.0,48.0,0.0,29.99517585687465,3.4780754593306824,0.30406625,0.3815924999999999,1.0,823
azure2019,http,test,dap,48,1700000942,3,1701300954,99,53.40397376836084,40.53927820439509,0.990111837316604,0.0,48.0,0.0,26.165564056264536,3.43824510169976,0.6419838281249999,0.8248116999999999,1.0,823
azure2019,http,test,no_budget_horizon,48,1700000942,3,1701300954,99,54.52441090720085,41.1455165314257,0.9917290101370732,0.0,48.0,0.0,19.992566193059723,2.8759326978073574,0.68334984375,0.9352744,1.0,823
azure2019,http,test,blackbox_matched_weight,48,1700000942,3,1701300954,99,57.20599148510056,42.60373560664642,0.997038296353536,0.0,48.0,0.0,6.701933763146475,1.0298235760461614,0.3533279687499999,0.5026255499999999,1.0,823
azure2019,http,test,dap,48,1700000942,4,1701400957,3322,25.938130217896585,25.279103631674765,0.968780253534002,0.140625,48.0,0.0,95.6469367507556,11.15872445722393,0.6434699374999999,0.8995582499999998,1.0,823
azure2019,http,test,no_budget_horizon,48,1700000942,4,1701400957,3322,29.25692062283851,27.18162310611931,0.9705961316570106,0.125,48.0,0.0,85.49000765547765,10.50968383658268,0.6189896718750001,0.7962971999999999,1.0,823
azure2019,http,test,blackbox_matched_weight,48,1700000942,4,1701400957,3322,25.938130217896585,25.279103631674765,0.968780253534002,0.140625,48.0,0.0,95.6469367507556,11.15872445722393,0.303117328125,0.4407757499999999,1.0,823
azure2019,async,test,dap,48,1700000943,0,1700000943,3767,-127.45975794872471,-72.39039280672507,0.8607837670363209,0.5625,48.0,0.0,1156.2182258671853,59.03280965224556,0.804286078125,1.5956879499999996,1.0,824
azure2019,async,test,no_budget_horizon,48,1700000943,0,1700000943,3767,-118.80266371697716,-66.73695341535145,0.8663694206727602,0.546875,48.0,0.0,1071.7720511403836,56.66428680915642,0.595307703125,1.41947335,1.0,824
azure2019,async,test,blackbox_matched_weight,48,1700000943,0,1700000943,3767,-142.11296715509005,-82.49239014596465,0.8532822612030199,0.59375,48.0,0.0,1281.7800644688696,62.21372438133472,0.323853109375,0.6256359499999998,1.0,824
azure2019,async,test,dap,48,1700000943,1,1700100946,2977,-17.358075398759706,-0.7639335508774119,0.9368202739401208,0.296875,48.0,0.0,306.8286066479866,24.55632124318294,1.18991290625,1.98001195,1.0,824
azure2019,async,test,no_budget_horizon,48,1700000943,1,1700100946,2977,-16.877841840800556,-0.4836975773089795,0.9374486870266354,0.296875,48.0,0.0,301.54883481231855,24.31207337146452,1.7415460625,2.2832950499999995,1.0,824
azure2019,async,test,blackbox_matched_weight,48,1700000943,1,1700100946,2977,-76.37582080348277,-39.060931996886445,0.9052575206600996,0.484375,48.0,0.0,668.17927211558,36.82394500794797,0.870172703125,1.4680718499999998,1.0,824
azure2019,async,test,dap,48,1700000943,2,1700200949,2810,-36.80336246050055,-13.173209833637342,0.9268023068922774,0.359375,48.0,0.0,421.4396338956818,28.915235961840477,1.220400625,1.80964505,1.0,824
azure2019,async,test,no_budget_horizon,48,1700000943,2,1700200949,2810,-32.45253406943751,-10.433448202781314,0.92933376446725,0.34375,48.0,0.0,396.2732237073096,27.915235961840477,0.904843953125,1.6888691,1.0,824
azure2019,async,test,blackbox_matched_weight,48,1700000943,2,1700200949,2810,-98.07790424980178,-53.6390647774799,0.8939292653807261,0.53125,48.0,0.0,840.0006412704608,41.90105165812224,0.78209459375,1.4147416,1.0,824
azure2019,async,test,dap,48,1700000943,3,1700300952,1223,-162.54958837537018,-94.4945349490407,0.8231743760272262,0.59375,48.0,0.0,1560.561569784471,77.69668719456449,1.016639890625,1.81522015,1.0,824
azure2019,async,test,no_budget_horizon,48,1700000943,3,1700300952,1223,-137.4345886381527,-77.44047103039561,0.8367847688293043,0.546875,48.0,0.0,1330.6970470321762,71.716318465307,1.074238875,1.83999535,1.0,824
azure2019,async,test,blackbox_matched_weight,48,1700000943,3,1700300952,1223,-170.58561365401215,-100.06724007650604,0.8191486494853827,0.609375,48.0,0.0,1632.6951976001774,79.46558023633672,0.722183453125,1.38445225,1.0,824
azure2019,async,test,dap,48,1700000943,4,1700400955,2144,-119.68620215063488,-66.97138499327973,0.8676796475228651,0.53125,48.0,0.0,1114.6480026642903,55.65813873509193,1.052123453125,1.7973483,1.0,824
azure2019,async,test,no_budget_horizon,48,1700000943,4,1700400955,2144,-105.54235521416042,-57.641111116352974,0.8762442695488136,0.5,48.0,0.0,990.285161037945,52.05558695821211,0.68852790625,1.77293225,1.0,824
azure2019,async,test,blackbox_matched_weight,48,1700000943,4,1700400955,2144,-153.34821021053807,-90.14639607198718,0.8505176436169596,0.609375,48.0,0.0,1397.5220207618177,62.87702212290742,0.205460046875,0.3887893999999999,1.0,824
azure2019,http,test,dap,48,1700000943,0,1701000946,3911,10.074832107095334,15.731856510895934,0.956535540100022,0.203125,48.0,0.0,163.43400068425302,16.539951528616918,0.792499734375,1.7505607,1.0,824
azure2019,http,test,no_budget_horizon,48,1700000943,0,1701000946,3911,10.074832107095334,15.731856510895934,0.956535540100022,0.203125,48.0,0.0,163.43400068425302,16.539951528616918,0.819546125,1.7410381999999998,1.0,824
azure2019,http,test,blackbox_matched_weight,48,1700000943,0,1701000946,3911,-51.48046345078817,-22.81925924456479,0.9226241642034906,0.421875,48.0,0.0,479.81462740934734,29.44457555680203,0.810648859375,1.3369191,1.0,824
azure2019,http,test,dap,48,1700000943,1,1701100949,3508,57.45076667845981,42.61352081973736,0.9959779140220204,0.0,48.0,0.0,5.68230317501093,1.3948512570662803,0.743959984375,0.8162788999999999,1.0,824
azure2019,http,test,no_budget_horizon,48,1700000943,1,1701100949,3508,54.1683989488072,40.97961147216793,0.9877296781613468,0.0,48.0,0.0,22.80095770460056,4.25532271934452,0.8060065625000001,1.7923264,1.0,824
azure2019,http,test,blackbox_matched_weight,48,1700000943,1,1701100949,3508,56.329998447824536,42.07444348571638,0.9921828789716975,0.0,48.0,0.0,11.031622269937696,2.7109617130672063,0.3335189375,0.3938948499999999,1.0,824
azure2019,http,test,dap,48,1700000943,2,1701200952,433,19.955157916682914,21.813689204846327,0.9662807375886516,0.171875,48.0,0.0,112.8216788389997,12.28837627911426,0.6191703281250001,0.8430489499999999,1.0,824
azure2019,http,test,no_budget_horizon,48,1700000943,2,1701200952,433,19.955157916682914,21.813689204846327,0.9662807375886516,0.171875,48.0,0.0,112.8216788389997,12.28837627911426,0.6367217968750001,0.8720430499999998,1.0,824
azure2019,http,test,blackbox_matched_weight,48,1700000943,2,1701200952,433,19.831633947964427,21.719521607246552,0.9662807375886516,0.171875,48.0,0.0,113.30743878285408,12.28837627911426,0.301575375,0.4363997999999998,1.0,824
azure2019,http,test,dap,48,1700000943,3,1701300955,1756,57.88946293523758,42.90927646777395,1.0,0.0,29.0,0.0,3.807751735303663,0.0,0.756899171875,0.8213461999999998,1.0,824
azure2019,http,test,no_budget_horizon,48,1700000943,3,1701300955,1756,57.61664628752893,42.64528351956279,0.9999999999999998,0.0,30.0,0.0,4.862504717580928,0.0,1.080471203125,1.852814,1.0,824
azure2019,http,test,blackbox_matched_weight,48,1700000943,3,1701300955,1756,58.52785263877645,43.37152084184356,0.9999999999999998,0.0,44.0,0.0,1.3136592016455548,0.0,1.2859758281250002,1.3911770999999995,1.0,824
azure2019,http,test,dap,48,1700000943,4,1701400958,2871,57.9703453354335,42.927201858688704,1.0,0.0,45.0,0.0,3.449329655174237,0.0,0.7897380625,0.9657918999999991,1.0,824
azure2019,http,test,no_budget_horizon,48,1700000943,4,1701400958,2871,57.13862363510424,42.53871352933358,0.9960801564942188,0.0,48.0,0.0,7.06593091561889,1.3406290985424132,1.30974784375,1.83298845,1.0,824
azure2019,http,test,blackbox_matched_weight,48,1700000943,4,1701400958,2871,58.1081154628385,43.07842285175493,0.9986361022465732,0.0,48.0,0.0,2.935519819046724,0.4664678610215125,1.237448390625,1.36361055,1.0,824
azure2019,async,test,dap,48,1700000944,0,1700000944,2581,-151.5654978222592,-89.41192967087176,0.8504257524461942,0.625,48.0,0.0,1340.0808658518984,63.74025720794033,0.638741625,1.9137965,1.0,825
azure2019,async,test,no_budget_horizon,48,1700000944,0,1700000944,2581,-151.56439152150455,-89.40661523352452,0.8504257524461942,0.625,48.0,0.0,1340.053323180031,63.74025720794033,0.593016875,1.8497402999999997,1.0,825
azure2019,async,test,blackbox_matched_weight,48,1700000944,0,1700000944,2581,-158.09158882300403,-94.02856604295314,0.8467029318629827,0.625,48.0,0.0,1411.4206362957168,65.32671707916624,0.243745546875,0.7542050999999985,1.0,825
azure2019,async,test,dap,48,1700000944,1,1700100947,1541,-25.91238939056399,-6.4696037578819565,0.9445414278440356,0.34375,48.0,0.0,318.0877865855831,21.045552012090813,0.50928771875,0.76891645,1.0,825
azure2019,async,test,no_budget_horizon,48,1700000944,1,1700100947,1541,-82.98461145739225,-44.23037300752321,0.915515072489834,0.515625,48.0,0.0,679.5291840418756,32.06054297886745,0.4507335312499999,0.7633999499999999,1.0,825
azure2019,async,test,blackbox_matched_weight,48,1700000944,1,1700100947,1541,-38.186490101376044,-14.451624955929638,0.9393272314967944,0.390625,48.0,0.0,376.6513553864294,23.024247751290712,0.2397013124999999,0.3766833999999999,1.0,825
azure2019,async,test,dap,48,1700000944,2,1700200950,154,58.71365380030395,43.54489030346606,0.999866383396962,0.0,48.0,0.0,0.6601756440316233,0.0422134451047542,0.572939734375,0.7620586499999998,1.0,825
azure2019,async,test,no_budget_horizon,48,1700000944,2,1700200950,154,58.76191024227069,43.57849672750774,0.999866383396962,0.0,48.0,0.0,0.4481953896790269,0.0422134451047542,0.568286953125,0.75862655,1.0,825
azure2019,async,test,blackbox_matched_weight,48,1700000944,2,1700200950,154,58.71365380030395,43.54489030346606,0.999866383396962,0.0,48.0,0.0,0.6601756440316233,0.0422134451047542,0.33400796875,0.5181786999999998,1.0,825
azure2019,async,test,dap,48,1700000944,3,1700300953,818,-63.72904229364812,-31.563169231651464,0.9286038364448652,0.46875,48.0,0.0,530.9447440174154,27.991227730688685,0.48760628125,0.7983133499999999,1.0,825
azure2019,async,test,no_budget_horizon,48,1700000944,3,1700300953,818,-114.32283879037706,-65.06472500458953,0.895793178274294,0.5625,48.0,0.0,983.2042761668756,40.85481253853356,0.46711421875,1.1217975,1.0,825
azure2019,async,test,blackbox_matched_weight,48,1700000944,3,1700300953,818,-61.34947080067002,-30.653299121705377,0.9311544985395064,0.453125,48.0,0.0,511.7963217975764,26.991227730688685,0.23244578125,0.3727594499999999,1.0,825
azure2019,async,test,dap,48,1700000944,4,1700400956,1338,-176.0484958291893,-104.59458000769564,0.8294986760422792,0.625,48.0,0.0,1663.2501688494935,74.73677512749636,0.427935421875,0.81763805,1.0,825
azure2019,async,test,no_budget_horizon,48,1700000944,4,1700400956,1338,-176.0484958291893,-104.59458000769564,0.8294986760422792,0.625,48.0,0.0,1663.2501688494935,74.73677512749636,0.449007265625,0.8803476999999998,1.0,825
azure2019,async,test,blackbox_matched_weight,48,1700000944,4,1700400956,1338,-210.63446054529467,-129.489778566337,0.8138347554727665,0.6875,48.0,0.0,1974.4175203217349,81.60282685099462,0.200004453125,0.4777674499999999,1.0,825
azure2019,http,test,dap,48,1700000944,0,1701000947,988,-139.6353075664697,-80.40738763133508,0.8569791278367186,0.578125,48.0,0.0,1285.856917308338,60.5863013262131,0.5175555468749999,1.19165975,1.0,825
azure2019,http,test,no_budget_horizon,48,1700000944,0,1701000947,988,-142.89843855691834,-82.5254739136448,0.8546185138194803,0.578125,48.0,0.0,1325.0936610889178,61.5863013262131,0.453528328125,0.83542305,1.0,825
azure2019,http,test,blackbox_matched_weight,48,1700000944,0,1701000947,988,-120.39129361997917,-67.93782298706871,0.8685068305674203,0.53125,48.0,0.0,1113.8405611756275,55.70295205923381,0.2285686406249999,0.40836775,1.0,825
azure2019,http,test,dap,48,1700000944,1,1701100950,744,-95.98429438451195,-50.97610377732096,0.8734964605170233,0.484375,48.0,0.0,913.3521715752996,51.77808490520745,0.492970078125,0.9370528499999996,1.0,825
azure2019,http,test,no_budget_horizon,48,1700000944,1,1701100950,744,-129.17602765875068,-73.41085904950275,0.8560973826150505,0.5625,48.0,0.0,1177.026463413262,58.89955309939889,0.53139803125,0.9504875499999996,1.0,825
azure2019,http,test,blackbox_matched_weight,48,1700000944,1,1701100950,744,-73.31442164410781,-37.0811426599247,0.8901573254486486,0.421875,48.0,0.0,720.8794110600894,44.958768366321365,0.88574378125,1.3963187,1.0,825
azure2019,http,test,dap,48,1700000944,2,1701200953,2202,11.755237833412396,16.913683586261143,0.9622328165461468,0.203125,48.0,0.0,144.43216530283317,13.67596437937084,1.349897875,1.7740003,1.0,825
azure2019,http,test,no_budget_horizon,48,1700000944,2,1701200953,2202,-18.900627825745733,-2.065468713476498,0.9479786475793476,0.328125,48.0,0.0,269.0950996715877,18.83757531299196,1.164469265625,1.76631505,1.0,825
azure2019,http,test,blackbox_matched_weight,48,1700000944,2,1701200953,2202,6.220908080545232,13.564920788714888,0.9605919682585672,0.234375,48.0,0.0,156.80366795737154,14.270135844667196,0.671803953125,1.3860783499999998,1.0,825
azure2019,http,test,dap,48,1700000944,3,1701300956,888,-126.42884451261642,-71.93498093412705,0.8675453671826637,0.5625,48.0,0.0,1141.2494451638254,55.05367798564042,0.993372171875,1.7632327,1.0,825
azure2019,http,test,no_budget_horizon,48,1700000944,3,1701300956,888,-133.61322441382492,-76.84122506536345,0.8638096682932597,0.578125,48.0,0.0,1202.285506367858,56.60639048299939,0.820497875,1.80239955,1.0,825
azure2019,http,test,blackbox_matched_weight,48,1700000944,3,1701300956,888,-115.52441470165866,-65.27906598867597,0.8748185429868416,0.53125,48.0,0.0,1042.2560785540284,52.03064232324611,0.8049776718749999,1.4219617,1.0,825
azure2019,http,test,dap,48,1700000944,4,1701400959,3256,29.762699245431257,27.43932418750557,0.9757976721408989,0.125,48.0,0.0,77.85194319744623,8.165814191934448,1.405503109375,1.7763582999999998,1.0,825
azure2019,http,test,no_budget_horizon,48,1700000944,4,1701400959,3256,25.302886151549515,24.835583104059367,0.97307704238226,0.140625,48.0,0.0,95.10183258104236,9.08374891389295,1.363241328125,1.75375555,1.0,825
azure2019,http,test,blackbox_matched_weight,48,1700000944,4,1701400959,3256,27.185222732450438,25.944690346568443,0.9752319592451414,0.140625,48.0,0.0,81.64982044368931,8.356684525549873,1.040162171875,1.3470662,1.0,825
azure2019,async,test,dap,48,1700000945,0,1700000945,3567,-113.6700483022585,-62.93453536071255,0.8564411645130053,0.484375,48.0,0.0,1116.8141737494482,60.842548769115865,0.522692890625,0.9955022999999998,1.0,826
azure2019,async,test,no_budget_horizon,48,1700000945,0,1700000945,3567,-179.43313890670075,-107.07838172705333,0.820718596304713,0.640625,48.0,0.0,1674.1081653332074,75.98234905377332,0.42451825,0.9192029,1.0,826
azure2019,async,test,blackbox_matched_weight,48,1700000945,0,1700000945,3567,-131.55005832786858,-73.78309598668912,0.8436199411369065,0.53125,48.0,0.0,1280.0073671313849,66.27638992486058,0.2212496875,0.37990285,1.0,826
azure2019,async,test,dap,48,1700000945,1,1700100948,2615,-101.82696394782,-56.63381136403825,0.8871763990407088,0.5,48.0,0.0,921.9324629014616,46.44848252923472,0.47293365625,0.8139268999999998,1.0,826
azure2019,async,test,no_budget_horizon,48,1700000945,1,1700100948,2615,-185.29335838337403,-113.2856476151394,0.8403789765818241,0.671875,48.0,0.0,1671.9846518603858,65.71456906620871,0.370055125,0.7609969,1.0,826
azure2019,async,test,blackbox_matched_weight,48,1700000945,1,1700100948,2615,-109.6484584495191,-62.13344302818466,0.8834890266968514,0.515625,48.0,0.0,982.6550987238974,47.96654123713085,0.2313379687499999,0.4042319499999999,1.0,826
azure2019,async,test,dap,48,1700000945,2,1700200951,3775,-114.0051068643368,-65.90125492583391,0.8755668914913335,0.5,48.0,0.0,1031.4519064889896,52.55221553524587,0.500819375,0.8617938999999999,1.0,826
azure2019,async,test,no_budget_horizon,48,1700000945,2,1700200951,3775,-248.68709300353305,-159.5475667980599,0.8058527278081619,0.78125,48.0,0.0,2267.682139156322,81.99481163885665,0.4393738749999999,1.0546762999999997,1.0,826
azure2019,async,test,blackbox_matched_weight,48,1700000945,2,1700200951,3775,-116.29267207607047,-65.25086942661551,0.8688807894016148,0.53125,48.0,0.0,1061.790555578625,55.37597749314222,0.30321575,0.71998285,1.0,826
azure2019,async,test,dap,48,1700000945,3,1700300954,3539,-116.941547891846,-68.49731715683268,0.8750051675528976,0.515625,48.0,0.0,1037.6398312340864,52.55343849837513,0.540600609375,1.05203855,1.0,826
azure2019,async,test,no_budget_horizon,48,1700000945,3,1700300954,3539,-224.94447586077047,-143.4081887653988,0.8202878416088432,0.765625,48.0,0.0,1981.1205168662168,75.559058550815,0.3881457031249999,0.9917165,1.0,826
azure2019,async,test,blackbox_matched_weight,48,1700000945,3,1700300954,3539,-116.37301150417152,-65.82011178642506,0.8694206764687049,0.53125,48.0,0.0,1049.7970661870988,54.90140923438169,0.21880265625,0.4295309499999998,1.0,826
azure2019,async,test,dap,48,1700000945,4,1700400957,2876,-74.55287785943396,-39.199385662131945,0.9156531646493864,0.46875,48.0,0.0,637.7605544241471,33.92373850956944,0.478642671875,0.78990535,1.0,826
azure2019,async,test,no_budget_horizon,48,1700000945,4,1700400957,2876,-169.9778219582707,-105.40148129677966,0.8683845152911183,0.703125,48.0,0.0,1393.8356871356018,52.93487619914423,0.358923203125,0.7882404999999999,1.0,826
azure2019,async,test,blackbox_matched_weight,48,1700000945,4,1700400957,2876,-96.51029415948804,-53.43829245953074,0.9025416798928094,0.53125,48.0,0.0,803.2368818663042,39.19709083518319,0.209536234375,0.38832255,1.0,826
azure2019,http,test,dap,48,1700000945,0,1701000948,3810,6.629169475611202,13.925422445150785,0.9520285530724082,0.21875,48.0,0.0,178.36689360828498,18.100095046168363,0.6053358124999999,0.8950801499999997,1.0,826
azure2019,http,test,no_budget_horizon,48,1700000945,0,1701000948,3810,-93.01687687604752,-50.865831044105576,0.8999785684022088,0.53125,48.0,0.0,765.5212802172891,37.73906218227008,0.42794271875,0.8084137499999999,1.0,826
azure2019,http,test,blackbox_matched_weight,48,1700000945,0,1701000948,3810,-14.505663374488265,0.98590380689871,0.939913930912147,0.296875,48.0,0.0,278.80317436141775,22.671060205508372,0.268521859375,0.4249192999999999,1.0,826
azure2019,http,test,dap,48,1700000945,1,1701100951,1990,44.4580013731192,35.619984733464705,0.9815604791172768,0.046875,48.0,0.0,45.59908396491744,6.431379925995136,0.638808921875,0.7684436499999999,1.0,826
azure2019,http,test,no_budget_horizon,48,1700000945,1,1701100951,1990,-44.93203094860759,-19.90189238371944,0.94791260343329,0.4375,48.0,0.0,349.3646307164146,18.167165991300763,0.6503605312499999,1.3136056499999995,1.0,826
azure2019,http,test,blackbox_matched_weight,48,1700000945,1,1701100951,1990,48.370527691493805,34.7229155650477,0.9970328025668984,0.0,48.0,0.0,48.565645165902296,1.034906174031513,0.851922015625,1.4745247,1.0,826
azure2019,http,test,dap,48,1700000945,2,1701200954,1533,54.81528087743746,41.26397112983084,0.9915028463887448,0.0,48.0,0.0,18.91047757005143,2.904565665768148,1.671679421875,1.96504215,1.0,826
azure2019,http,test,no_budget_horizon,48,1700000945,2,1701200954,1533,-38.50001593686908,-16.00202825884448,0.9601069459001624,0.421875,48.0,0.0,298.1040425279886,13.636565906909752,1.0441814218749998,1.86949835,1.0,826
azure2019,http,test,blackbox_matched_weight,48,1700000945,2,1701200954,1533,44.14674674268487,30.99146583215449,0.9999587284746404,0.0,43.0,0.0,73.7078845275385,0.0141077660846757,1.383431359375,1.4422923,1.0,826
azure2019,http,test,dap,48,1700000945,3,1701300957,1822,57.60215375243228,42.82837099978681,0.9947533941897668,0.0,48.0,0.0,5.3385308021523965,1.789533539006504,1.74556096875,1.8881023,1.0,826
azure2019,http,test,no_budget_horizon,48,1700000945,3,1701300957,1822,-26.018858318163403,-7.204368263849013,0.951822234353645,0.359375,48.0,0.0,272.7233774108032,16.432667247535367,1.02286984375,1.83660515,1.0,826
azure2019,http,test,blackbox_matched_weight,48,1700000945,3,1701300957,1822,43.48580994889361,30.726897261175743,1.0,0.0,40.0,0.0,77.06539835938631,0.0,1.4090304218749998,1.4555269,1.0,826
azure2019,http,test,dap,48,1700000945,4,1701400960,3394,38.37066696236387,32.278037070971855,0.9811286027753578,0.078125,48.0,0.0,58.31535783371532,6.664247280095871,1.4169567656250002,1.8199761,1.0,826
azure2019,http,test,no_budget_horizon,48,1700000945,4,1701400960,3394,-71.28769597301704,-37.83747318480653,0.9389982194936184,0.53125,48.0,0.0,497.0533510592196,21.542175440502863,0.961773609375,1.73411525,1.0,826
azure2019,http,test,blackbox_matched_weight,48,1700000945,4,1701400960,3394,45.73483163949893,33.225783654190124,0.9895097630551316,0.0,48.0,0.0,64.30902623895348,3.7045234221508494,1.188858453125,1.35758005,1.0,826
azure2019,async,test,dap,48,1700000946,0,1700000946,839,-28.14718882017833,-8.26637434979526,0.9494859285482264,0.359375,48.0,0.0,308.3768993482598,19.21625653640652,1.164830484375,1.8207298,1.0,827
azure2019,async,test,no_budget_horizon,48,1700000946,0,1700000946,839,-90.87597615429088,-51.21534263717568,0.9259632059588369,0.578125,48.0,0.0,640.842399001151,28.16462792523789,0.67965,1.734792,1.0,827
azure2019,async,test,blackbox_matched_weight,48,1700000946,0,1700000946,839,-54.20153710802272,-25.52423121301691,0.9390106917083502,0.453125,48.0,0.0,440.02122049141406,23.20118257007332,0.241036578125,0.42908155,1.0,827
azure2019,async,test,dap,48,1700000946,1,1700100949,1383,-110.23863072441785,-61.467901010425,0.8701472622560278,0.546875,48.0,0.0,962.700134932795,53.95925666215725,0.445876421875,0.8145489499999998,1.0,827
azure2019,async,test,no_budget_horizon,48,1700000946,1,1700100949,1383,-144.1702463943385,-85.20072661718689,0.8543062009483741,0.625,48.0,0.0,1232.981996882687,60.54188177851015,0.414960375,0.8901131999999999,1.0,827
azure2019,async,test,blackbox_matched_weight,48,1700000946,1,1700100949,1383,-138.2240690193455,-80.99782395428213,0.8569397569546775,0.609375,48.0,0.0,1186.5285279221148,59.44752884497035,0.1982028125,0.4544085499999999,1.0,827
azure2019,async,test,dap,48,1700000946,2,1700200952,3333,-162.8760870904005,-94.68194678686362,0.8301464401837169,0.578125,48.0,0.0,1596.0127678730034,74.35969469770187,0.430652578125,0.78051785,1.0,827
azure2019,async,test,no_budget_horizon,48,1700000946,2,1700200952,3333,-166.22019623206717,-96.9034400662221,0.8278622247830647,0.578125,48.0,0.0,1635.896688420742,75.35969469770187,0.435679046875,0.7971002,1.0,827
azure2019,async,test,blackbox_matched_weight,48,1700000946,2,1700200952,3333,-178.2277143870891,-105.35890946365674,0.8226141384945457,0.609375,48.0,0.0,1730.542121090465,77.65723909172912,0.300924546875,0.43288875,1.0,827
azure2019,async,test,dap,48,1700000946,3,1700300955,1668,1.9438567846633727,11.209306302913388,0.9449018043875108,0.234375,48.0,0.0,207.9057645010796,20.774445667844425,1.3952886875,1.7966357,1.0,827
azure2019,async,test,no_budget_horizon,48,1700000946,3,1700300955,1668,-93.2179685438142,-51.09057273811231,0.8966511834283414,0.546875,48.0,0.0,744.895429037636,38.96705419909031,1.01301234375,1.80445695,1.0,827
azure2019,async,test,blackbox_matched_weight,48,1700000946,3,1700300955,1668,-2.913098478990186,8.258495814242163,0.9414503951268856,0.25,48.0,0.0,234.15091897046065,22.075778921416564,1.0415472499999998,1.42221225,1.0,827
azure2019,async,test,dap,48,1700000946,4,1700400958,3470,-159.121367669952,-93.98585317366692,0.8495054809169655,0.609375,48.0,0.0,1466.7702592554092,64.379501138553,0.97467875,1.82366005,1.0,827
azure2019,async,test,no_budget_horizon,48,1700000946,4,1700400958,3470,-172.93817875474792,-103.726354637408,0.842964463149974,0.640625,48.0,0.0,1585.1976482414984,67.1776592598132,0.944437171875,1.7770164,1.0,827
azure2019,async,test,blackbox_matched_weight,48,1700000946,4,1700400958,3470,-175.5877029501416,-105.5438550225382,0.8413071009644307,0.640625,48.0,0.0,1616.4196923684035,67.88665618117153,0.6755245937500001,1.38218085,1.0,827
azure2019,http,test,dap,48,1700000946,0,1701000949,477,19.7458825180952,21.690013463007134,0.9630307140551612,0.171875,48.0,0.0,114.22809378462088,13.605008113156025,1.390722390625,1.7853028,1.0,827
azure2019,http,test,no_budget_horizon,48,1700000946,0,1701000949,477,-79.27701023122917,-42.543973331064976,0.9185017934197178,0.53125,48.0,0.0,593.6591017741923,29.992025363616783,0.98570628125,1.7411571,1.0,827
azure2019,http,test,blackbox_matched_weight,48,1700000946,0,1701000949,477,15.811106473327602,19.366209273222516,0.9606962529487328,0.1875,48.0,0.0,129.69191751450143,14.46410943148272,1.037870234375,1.3677868,1.0,827
azure2019,http,test,dap,48,1700000946,1,1701100952,3137,58.74881428109207,43.55609670980473,1.0,0.0,20.0,0.0,0.4869255385369655,0.0,1.783776359375,1.83255965,1.0,827
azure2019,http,test,no_budget_horizon,48,1700000946,1,1701100952,3137,55.44472846101074,41.68622648319502,0.9972178688632166,0.0,48.0,0.0,14.251411258336836,0.896961778527066,1.075083984375,1.75619875,1.0,827
azure2019,http,test,blackbox_matched_weight,48,1700000946,1,1701100952,3137,57.25464545721909,42.718427056386346,0.9987403270133964,0.0,48.0,0.0,6.546575464240029,0.4061197933800518,0.3345840625,0.5146567499999997,1.0,827
azure2019,http,test,dap,48,1700000946,2,1701200955,279,43.27102043300857,35.02488620695115,0.9828720623839772,0.046875,48.0,0.0,51.76080383788525,5.956966892250577,0.620180234375,0.8122385499999999,1.0,827
azure2019,http,test,no_budget_horizon,48,1700000946,2,1701200955,279,-42.86616819388625,-18.640793952794983,0.954665997516752,0.4375,48.0,0.0,329.10339275919904,15.76682248266066,0.438493046875,0.78047,1.0,827
azure2019,http,test,blackbox_matched_weight,48,1700000946,2,1701200955,279,43.27102043300857,35.02488620695115,0.9828720623839772,0.046875,48.0,0.0,51.76080383788525,5.956966892250577,0.2950746875,0.4050287,1.0,827
azure2019,http,test,dap,48,1700000946,3,1701300958,502,7.288448759004537,14.40463798327588,0.951660060739024,0.21875,48.0,0.0,177.05683735642324,18.0895780039756,0.61142359375,0.7953021499999999,1.0,827
azure2019,http,test,no_budget_horizon,48,1700000946,3,1701300958,502,-86.90672243263018,-46.59094091413094,0.9005745527970097,0.515625,48.0,0.0,719.9685393729395,37.20659169736691,0.457421875,0.8603754999999996,1.0,827
azure2019,http,test,blackbox_matched_weight,48,1700000946,3,1701300958,502,2.5131507171348364,11.535441192621892,0.9482915192705816,0.234375,48.0,0.0,201.38380891699387,19.350140068897552,0.2883948125,0.4174787499999998,1.0,827
azure2019,http,test,dap,48,1700000946,4,1701400961,2525,25.89073639546199,25.15806866730692,0.9684638623601428,0.140625,48.0,0.0,96.36195053326048,11.552609665210728,0.63019828125,0.7960428,1.0,827
azure2019,http,test,no_budget_horizon,48,1700000946,4,1701400961,2525,-71.38413402494146,-37.389379789508624,0.92784412882318,0.515625,48.0,0.0,526.0723718914709,26.432806207234957,0.436016234375,0.79898465,1.0,827
azure2019,http,test,blackbox_matched_weight,48,1700000946,4,1701400961,2525,14.748451536781465,18.69426609168704,0.962453054120398,0.1875,48.0,0.0,136.10399701712595,13.754544542563693,0.284628484375,0.4004178,1.0,827
azure2019,async,test,dap,48,1700000947,0,1700000947,2494,-174.1246766579883,-102.23843481359933,0.8245279698499882,0.59375,48.0,0.0,1710.8574427266194,77.58864669369439,0.4289140624999999,0.80477575,1.0,828
azure2019,async,test,no_budget_horizon,48,1700000947,0,1700000947,2494,-192.8768386217211,-115.22808579108128,0.8147567878186583,0.625,48.0,0.0,1889.7732409472144,81.90918022693322,0.418410015625,0.80165775,1.0,828
azure2019,async,test,blackbox_matched_weight,48,1700000947,0,1700000947,2494,-262.88398558168234,-165.73437416864925,0.7830623076119421,0.75,48.0,0.0,2541.886694949992,95.92356089373746,0.169982375,0.36879695,1.0,828
azure2019,async,test,dap,48,1700000947,1,1700100950,265,28.685155015886487,26.750781219011408,0.9797493247775432,0.125,48.0,0.0,83.73888385746955,6.782246698039224,0.6079184375,0.8060390000000001,1.0,828
azure2019,async,test,no_budget_horizon,48,1700000947,1,1700100950,265,-20.520162544234594,-3.3380279949639537,0.9565310338255468,0.328125,48.0,0.0,272.8650622612472,14.558391217342065,0.508328,0.8346396999999998,1.0,828
azure2019,async,test,blackbox_matched_weight,48,1700000947,1,1700100950,265,-2.1088952696635674,8.292352784420423,0.96587394217488,0.265625,48.0,0.0,184.4055273939433,11.429314847973586,0.2607136875,0.3883049999999999,1.0,828
azure2019,async,test,dap,48,1700000947,2,1700200953,3421,-186.48276505037228,-111.88487242702774,0.823306611616813,0.640625,48.0,0.0,1766.128857885466,78.75300978194029,0.3921156718749999,0.75766745,1.0,828
azure2019,async,test,no_budget_horizon,48,1700000947,2,1700200953,3421,-273.3909728595424,-174.8224402808535,0.7840939948512996,0.78125,48.0,0.0,2606.168788115938,96.23024319722175,0.349144078125,0.8364768499999999,1.0,828
azure2019,async,test,blackbox_matched_weight,48,1700000947,2,1700200953,3421,-258.723510419622,-164.17819890471725,0.7910162822475606,0.765625,48.0,0.0,2448.0113802610986,93.14494967254896,0.159000078125,0.3701639499999999,1.0,828
azure2019,async,test,dap,48,1700000947,3,1700300956,2894,-27.2254256119219,-6.654565362603177,0.9197882000412074,0.3125,48.0,0.0,399.5215724850564,31.65926942463929,0.551294046875,0.7931114499999999,1.0,828
azure2019,async,test,no_budget_horizon,48,1700000947,3,1700300956,2894,-104.75292647186389,-58.07712429331384,0.8817286496349112,0.546875,48.0,0.0,889.7668765043941,46.68121832882282,0.42697003125,0.7747826999999999,1.0,828
azure2019,async,test,blackbox_matched_weight,48,1700000947,3,1700300956,2894,-115.05075933660272,-65.4837385281318,0.8779369637898073,0.578125,48.0,0.0,953.765427598094,48.177781226119805,0.20019846875,0.38027945,1.0,828
azure2019,async,test,dap,48,1700000947,4,1700400959,310,30.279396418653924,27.67543352030207,0.9648787658046706,0.109375,48.0,0.0,92.21024453843182,12.05039789684804,0.577778296875,0.7756957499999999,1.0,828
azure2019,async,test,no_budget_horizon,48,1700000947,4,1700400959,310,5.590269808244058,12.740842137034155,0.9562972783451498,0.203125,48.0,0.0,174.0409416725541,14.994780143181153,0.4345975625,0.8501713999999998,1.0,828
azure2019,async,test,blackbox_matched_weight,48,1700000947,4,1700400959,310,29.656087199908267,27.386871098206136,0.9640058603322746,0.109375,48.0,0.0,96.92820048971,12.34989928140083,0.2891625625,0.55666395,1.0,828
azure2019,http,test,dap,48,1700000947,0,1701000950,692,-37.20399300201707,-13.185806481784171,0.9175841155229576,0.359375,48.0,0.0,433.9421125772508,32.53356604140112,0.53673175,0.7997102500000001,1.0,828
azure2019,http,test,no_budget_horizon,48,1700000947,0,1701000950,692,-115.95466823219662,-65.47714730174677,0.8739130712711892,0.5625,48.0,0.0,1004.7556766814934,49.77265546302374,0.44097071875,0.8430780499999997,1.0,828
azure2019,http,test,blackbox_matched_weight,48,1700000947,0,1701000950,692,-102.30165983516116,-56.07760097943832,0.880879746321345,0.53125,48.0,0.0,898.1243962632548,47.02256930825632,0.2137114062499999,0.3823155499999999,1.0,828
azure2019,http,test,dap,48,1700000947,1,1701100953,2239,-11.338480338679489,2.748136560112893,0.949293928434502,0.296875,48.0,0.0,239.5658108186072,18.471542118469056,0.5533121875,0.80916505,1.0,828
azure2019,http,test,no_budget_horizon,48,1700000947,1,1701100953,2239,-73.11523504359474,-38.40630838576219,0.9241241098196006,0.515625,48.0,0.0,547.2636785588714,27.64056961961998,0.4403836249999999,0.8328078999999999,1.0,828
azure2019,http,test,blackbox_matched_weight,48,1700000947,1,1701100953,2239,-24.524649585829398,-5.62471590564959,0.9429798962466944,0.34375,48.0,0.0,302.78777536544914,20.77165940015992,0.2559623749999999,0.4394654999999998,1.0,828
azure2019,http,test,dap,48,1700000947,2,1701200956,4180,-3.04619555187252,7.865437606180146,0.9577700470461652,0.265625,48.0,0.0,198.79565830025396,15.399185136183505,0.57182740625,0.8444681999999999,1.0,828
azure2019,http,test,no_budget_horizon,48,1700000947,2,1701200956,4180,-78.73781643381474,-42.28217446327467,0.9254948493264948,0.53125,48.0,0.0,586.9333930787807,27.16836104635928,0.431569375,0.7830185999999999,1.0,828
azure2019,http,test,blackbox_matched_weight,48,1700000947,2,1701200956,4180,-36.447979050843465,-13.528069205730963,0.9433079867782954,0.390625,48.0,0.0,350.9675194461852,20.67278664265512,0.236417859375,0.3905573499999999,1.0,828
azure2019,http,test,dap,48,1700000947,3,1701300959,3606,-0.1560983909096518,9.733505827184064,0.9525782125144512,0.25,48.0,0.0,195.3841424169886,17.098047888327187,0.562072421875,0.8020424999999999,1.0,828
azure2019,http,test,no_budget_horizon,48,1700000947,3,1701300959,3606,-71.67836971775364,-37.5058757568505,0.9238263108654338,0.515625,48.0,0.0,530.296184062046,27.46462024549919,0.458262265625,0.8340020499999999,1.0,828
azure2019,http,test,blackbox_matched_weight,48,1700000947,3,1701300959,3606,-23.516188141341544,-4.987757021974289,0.942346997487258,0.34375,48.0,0.0,292.7525023374823,20.7869388763363,0.3087414687499999,0.6761069,1.0,828
azure2019,http,test,dap,48,1700000947,4,1701400962,1265,2.5357668018298347,11.36011508618722,0.9547181571552984,0.234375,48.0,0.0,189.73980475617068,16.83244936030288,0.7155303749999999,1.3838971999999998,1.0,828
azure2019,http,test,no_budget_horizon,48,1700000947,4,1701400962,1265,-86.43452952162863,-47.22010004390612,0.9149754089236816,0.546875,48.0,0.0,656.3676983889035,31.605871885137844,0.575903625,1.3997723499999994,1.0,828
azure2019,http,test,blackbox_matched_weight,48,1700000947,4,1701400962,1265,-57.93982232186296,-27.55118345625584,0.9267641269936652,0.453125,48.0,0.0,490.40641320000486,27.223695995865164,0.259200390625,0.5617088,1.0,828
azure2019,async,test,dap,48,1700000948,0,1700000948,3318,-152.44694435941742,-90.43196022875682,0.8362564145474368,0.546875,48.0,0.0,1440.6423552789172,72.0129511666424,0.4429174375,0.7643645499999999,1.0,829
azure2019,async,test,no_budget_horizon,48,1700000948,0,1700000948,3318,-271.01702737517587,-172.54790068601872,0.7741686745164538,0.78125,48.0,0.0,2577.723375695812,99.3185789171332,0.34852653125,0.73684815,1.0,829
azure2019,async,test,blackbox_matched_weight,48,1700000948,0,1700000948,3318,-161.81202128607697,-96.5948511328666,0.8300093633671634,0.5625,48.0,0.0,1534.188476166072,74.7603478987781,0.223510078125,0.4455025999999999,1.0,829
azure2019,async,test,dap,48,1700000948,1,1700100951,742,-62.10899421067842,-29.353781524963907,0.8966337460047648,0.375,48.0,0.0,671.8891577818949,41.94826812031509,0.545588515625,0.8006527,1.0,829
azure2019,async,test,no_budget_horizon,48,1700000948,1,1700100951,742,-126.34162361029324,-70.89378531213669,0.8554498051675491,0.546875,48.0,0.0,1182.53843846158,58.6616046853642,0.46337753125,0.939895,1.0,829
azure2019,async,test,blackbox_matched_weight,48,1700000948,1,1700100951,742,-74.28517251923878,-37.145409973897806,0.8886219205366856,0.40625,48.0,0.0,761.88013830888,45.19964068997058,0.250075265625,0.37679715,1.0,829
azure2019,async,test,dap,48,1700000948,2,1700200954,1693,-19.731587132194534,-2.266754064564755,0.9182593555604088,0.265625,48.0,0.0,383.3403836444528,32.33510291659295,0.57560515625,0.76445425,1.0,829
azure2019,async,test,no_budget_horizon,48,1700000948,2,1700200954,1693,-88.76174655880541,-46.27739997307828,0.8768806802716553,0.484375,48.0,0.0,825.4219794111093,48.70374954505133,0.4897307656249999,0.90912215,1.0,829
azure2019,async,test,blackbox_matched_weight,48,1700000948,2,1700200954,1693,-34.07683320583689,-11.055796796283085,0.9081951061538902,0.3125,48.0,0.0,469.03113721090097,36.3163357851268,0.26659959375,0.3693818,1.0,829
azure2019,async,test,dap,48,1700000948,3,1700300957,3281,-136.8784123023879,-80.64586495000924,0.8525498953274487,0.53125,48.0,0.0,1267.298284732878,63.92643055453871,0.500003796875,1.0093468,1.0,829
azure2019,async,test,no_budget_horizon,48,1700000948,3,1700300957,3281,-260.30689217695044,-165.3858949952159,0.7847202032966164,0.765625,48.0,0.0,2465.0063898648086,93.33373485435013,0.326222625,0.76360995,1.0,829
azure2019,async,test,blackbox_matched_weight,48,1700000948,3,1700300957,3281,-160.1608662107513,-96.91819735357402,0.840409830330562,0.59375,48.0,0.0,1455.8501135706083,69.18970943572037,0.2087690625,0.3696313,1.0,829
azure2019,async,test,dap,48,1700000948,4,1700400960,3117,-43.21354836117959,-19.9104305050787,0.9224017390317756,0.3125,48.0,0.0,493.4479054534037,30.757363664308457,0.5667373437500001,0.7911849499999999,1.0,829
azure2019,async,test,no_budget_horizon,48,1700000948,4,1700400960,3117,-132.02055515821846,-76.91017244100318,0.8683695402218842,0.609375,48.0,0.0,1110.962280151051,52.17392593828208,0.404634984375,0.7791714,1.0,829
azure2019,async,test,blackbox_matched_weight,48,1700000948,4,1700400960,3117,-44.24831306432768,-20.17786075351101,0.9197091818860942,0.328125,48.0,0.0,496.9203054518782,31.824603551946623,0.26241815625,0.3723972,1.0,829
azure2019,http,test,dap,48,1700000948,0,1701000951,677,-9.953118683785965,2.7842435034162625,0.9392752751476068,0.25,48.0,0.0,275.63506390593733,23.768621737186027,0.581935296875,0.7827664,1.0,829
azure2019,http,test,no_budget_horizon,48,1700000948,0,1701000951,677,-109.2936935712118,-61.3116634802419,0.8812881653520271,0.5625,48.0,0.0,919.1104035437152,46.46569746233832,0.426835046875,0.81059385,1.0,829
azure2019,http,test,blackbox_matched_weight,48,1700000948,0,1701000951,677,-27.989741894822608,-8.206262395661286,0.9264198036473322,0.3125,48.0,0.0,378.89077739007257,28.80045745296634,0.2673901093749999,0.3728829999999999,1.0,829
azure2019,http,test,dap,48,1700000948,1,1701100954,830,-104.70659108195562,-59.6910434595038,0.8775333295561157,0.46875,48.0,0.0,964.98877913038,51.26934377109535,0.47620115625,0.7968668499999999,1.0,829
azure2019,http,test,no_budget_horizon,48,1700000948,1,1701100954,830,-228.1076093410653,-144.15631719520292,0.8103032426465572,0.75,48.0,0.0,2063.5410902608264,79.41449073257958,0.3366863906249999,0.7649638,1.0,829
azure2019,http,test,blackbox_matched_weight,48,1700000948,1,1701100954,830,-123.6334936410628,-72.45249534156446,0.8666046056677602,0.515625,48.0,0.0,1116.9640970773407,55.84453553535762,0.2222346406249999,0.3818821999999999,1.0,829
azure2019,http,test,dap,48,1700000948,2,1701200957,4093,1.7050886692518628,9.88985469641721,0.9502374866829434,0.21875,48.0,0.0,211.545741101728,19.075315158734817,0.60751290625,0.78179375,1.0,829
azure2019,http,test,no_budget_horizon,48,1700000948,2,1701200957,4093,-71.65612210190626,-35.83952190931626,0.9057510599961728,0.46875,48.0,0.0,636.773441900699,36.12816383479304,0.451459546875,0.7733027,1.0,829
azure2019,http,test,blackbox_matched_weight,48,1700000948,2,1701200957,4093,-2.5258458030775977,7.357406170923371,0.9471778984915404,0.234375,48.0,0.0,232.7125847088247,20.248137934688728,0.281295640625,0.3660285499999999,1.0,829
azure2019,http,test,dap,48,1700000948,3,1701300960,2064,41.194224100567126,33.894482556145974,0.9821160904093862,0.0625,48.0,0.0,52.968710658585145,6.181638391118458,0.6130503281249999,0.8295070499999999,1.0,829
azure2019,http,test,no_budget_horizon,48,1700000948,3,1701300960,2064,41.194224100567126,33.894482556145974,0.9821160904093862,0.0625,48.0,0.0,52.968710658585145,6.181638391118458,0.627320875,0.8107293499999999,1.0,829
azure2019,http,test,blackbox_matched_weight,48,1700000948,3,1701300960,2064,41.194224100567126,33.894482556145974,0.9821160904093862,0.0625,48.0,0.0,52.968710658585145,6.181638391118458,0.312807453125,0.4672383499999999,1.0,829
azure2019,http,test,dap,48,1700000948,4,1701400963,1802,55.50195449923357,41.78977108850125,0.9883056191148918,0.0,48.0,0.0,16.366745220936338,3.913701446576564,0.7277168281249999,1.0061259499999995,1.0,829
azure2019,http,test,no_budget_horizon,48,1700000948,4,1701400963,1802,50.22310029294832,38.885443399908624,0.9834887674709571,0.015625,48.0,0.0,34.2118504861358,5.525733706515865,0.6711974375,0.9772403,1.0,829
azure2019,http,test,blackbox_matched_weight,48,1700000948,4,1701400963,1802,50.22310029294832,38.885443399908624,0.9834887674709571,0.015625,48.0,0.0,34.2118504861358,5.525733706515865,0.292740828125,0.3811417,1.0,829
azure2019,async,test,dap,72,1700000939,0,1700000939,470,57.76641097623428,42.79607202258193,1.0,0.0,49.0,0.0,4.604790168031036,0.0,0.799047328125,0.9132347,1.0,820
azure2019,async,test,no_budget_horizon,72,1700000939,0,1700000939,470,58.00306278824742,42.97130714142985,1.0,0.0,51.0,0.0,3.698969428574366,0.0,0.903624953125,1.15069515,1.0,820
azure2019,async,test,blackbox_matched_weight,72,1700000939,0,1700000939,470,58.49271590389699,43.34837929168259,1.0,0.0,61.0,0.0,1.5899827970533265,0.0,0.375706953125,0.4596059499999999,1.0,820
azure2019,async,test,dap,72,1700000939,1,1700100942,521,57.7276985664912,42.77867298961535,1.0,0.0,61.0,0.0,4.996882773691232,0.0,0.7724734843750001,0.85652745,1.0,820
azure2019,async,test,no_budget_horizon,72,1700000939,1,1700100942,521,57.81140655323756,42.83467126871538,1.0,0.0,62.0,0.0,4.674800623344866,0.0,0.764720796875,0.8255934,1.0,820
azure2019,async,test,blackbox_matched_weight,72,1700000939,1,1700100942,521,58.0291932134182,42.989271903863056,1.0,0.0,67.0,0.0,3.848272574623035,0.0,0.36495196875,0.3995703499999999,1.0,820
azure2019,async,test,dap,72,1700000939,2,1700200945,1293,-59.42132795809512,-26.232496306015943,0.8825029070484314,0.375,72.0,0.0,686.9137398141801,52.00327130159362,0.5701839375,0.8521806,1.0,820
azure2019,async,test,no_budget_horizon,72,1700000939,2,1700200945,1293,-59.42132795809512,-26.232496306015943,0.8825029070484314,0.375,72.0,0.0,686.9137398141801,52.00327130159362,0.5801611093749999,0.9282983,1.0,820
azure2019,async,test,blackbox_matched_weight,72,1700000939,2,1700200945,1293,-73.78939429712074,-35.268516480539475,0.8719474170028702,0.40625,72.0,0.0,808.806292982945,56.67504656659403,0.270293484375,0.4169270499999999,1.0,820
azure2019,async,test,dap,72,1700000939,3,1700300948,4068,-0.3078906272911781,9.33940851159402,0.9464260306571646,0.234375,72.0,0.0,220.1720819924438,22.01127345184137,0.6149129062500001,0.8301823999999999,1.0,820
azure2019,async,test,no_budget_horizon,72,1700000939,3,1700300948,4068,7.182983363915212,13.729250710770197,0.951293897067534,0.203125,72.0,0.0,186.6483693120516,20.011273451841365,0.6444609218749999,0.87709355,1.0,820
azure2019,async,test,blackbox_matched_weight,72,1700000939,3,1700300948,4068,-20.69655376404424,-2.949774548188122,0.933266285120856,0.296875,72.0,0.0,335.89790180252464,27.418055161494053,0.28614078125,0.4050658,1.0,820
azure2019,async,test,dap,72,1700000939,4,1700400951,1537,56.89887346243018,42.21567308589218,1.0,0.0,72.0,0.0,9.578864315541772,0.0,0.792237390625,1.1305784,1.0,820
azure2019,async,test,no_budget_horizon,72,1700000939,4,1700400951,1537,56.53777315277912,42.00827165088623,1.0,0.0,71.0,0.0,11.20691865669106,0.0,0.972604875,1.8187229,1.0,820
azure2019,async,test,blackbox_matched_weight,72,1700000939,4,1700400951,1537,56.51528854101959,41.939118230646905,1.0,0.0,72.0,0.0,11.3679324981106,0.0,0.47444628125,1.3273597,1.0,820
azure2019,http,test,dap,72,1700000939,0,1701000942,3740,58.11790045033399,43.07624165622231,1.0,0.0,66.0,0.0,3.347339745215118,0.0,0.7598048125,0.8238195999999999,1.0,820
azure2019,http,test,no_budget_horizon,72,1700000939,0,1701000942,3740,58.11790045033399,43.07624165622231,1.0,0.0,66.0,0.0,3.347339745215118,0.0,0.95631409375,1.9091069,1.0,820
azure2019,http,test,blackbox_matched_weight,72,1700000939,0,1701000942,3740,58.23337015060014,43.18949579615796,1.0,0.0,69.0,0.0,2.842357755070383,0.0,1.365238078125,1.42251405,1.0,820
azure2019,http,test,dap,72,1700000939,1,1701100945,306,58.13792870768837,43.10672246135167,1.0,0.0,54.0,0.0,2.8348717109750527,0.0,0.8005303750000001,0.9183188,1.0,820
azure2019,http,test,no_budget_horizon,72,1700000939,1,1701100945,306,58.58151452747521,43.427726887547,1.0,0.0,59.0,0.0,1.1287441352278131,0.0,0.758528609375,0.8044682999999999,1.0,820
azure2019,http,test,blackbox_matched_weight,72,1700000939,1,1701100945,306,58.39454393591316,43.338088114474495,1.0,0.0,61.0,0.0,2.084630477051536,0.0,0.36430828125,0.3915338499999999,1.0,820
azure2019,http,test,dap,72,1700000939,2,1701200948,1221,57.31239801940899,42.38306053159046,0.9999999999999996,0.0,65.0,0.0,6.9709946046083004,0.0,0.775064484375,0.9009021499999998,1.0,820
azure2019,http,test,no_budget_horizon,72,1700000939,2,1701200948,1221,57.31239801940899,42.38306053159046,0.9999999999999996,0.0,65.0,0.0,6.9709946046083004,0.0,0.7546683125,0.8023476499999999,1.0,820
azure2019,http,test,blackbox_matched_weight,72,1700000939,2,1701200948,1221,57.62008170545073,42.67910948797445,0.9999999999999996,0.0,70.0,0.0,5.616627932430627,0.0,0.3595026875,0.38288815,1.0,820
azure2019,http,test,dap,72,1700000939,3,1701300951,1135,54.124980567507286,40.38955367766613,0.9920621179323944,0.0,72.0,0.0,21.708766678590344,3.123127931667661,0.723678484375,0.79191765,1.0,820
azure2019,http,test,no_budget_horizon,72,1700000939,3,1701300951,1135,54.124980567507286,40.38955367766613,0.9920621179323944,0.0,72.0,0.0,21.708766678590344,3.123127931667661,0.749985828125,0.8848178,1.0,820
azure2019,http,test,blackbox_matched_weight,72,1700000939,3,1701300951,1135,51.38749436003855,38.461908901988366,0.9920621179323944,0.0,72.0,0.0,35.330650613370494,3.123127931667661,0.377295625,0.50238735,1.0,820
azure2019,http,test,dap,72,1700000939,4,1701400954,1168,54.83436386804493,40.75583479117813,0.9939414220544076,0.0,72.0,0.0,18.28257495633953,2.373679324724441,0.7451410781250001,0.8577756499999999,1.0,820
azure2019,http,test,no_budget_horizon,72,1700000939,4,1701400954,1168,54.72651403303718,40.54660687168308,0.9964938215645208,0.0,72.0,0.0,18.71355300930705,1.3736793247244412,0.82404184375,1.0506186999999998,1.0,820
azure2019,http,test,blackbox_matched_weight,72,1700000939,4,1701400954,1168,48.8714880520191,36.868053429567375,0.988826596920859,0.0,72.0,0.0,48.43329464023603,4.377607437577783,0.3644842031249999,0.55222545,1.0,820
azure2019,async,test,dap,72,1700000940,0,1700000940,3860,-26.550450456481187,-5.937831933886622,0.9080209259104548,0.28125,72.0,0.0,455.5581492227904,39.31084916074178,0.601228953125,0.7962101,1.0,821
azure2019,async,test,no_budget_horizon,72,1700000940,0,1700000940,3860,-33.64014601661738,-10.243241780601071,0.904118719368532,0.3125,72.0,0.0,490.5190576240826,40.97860951038662,1.0012503593749995,1.8013075,1.0,821
azure2019,async,test,blackbox_matched_weight,72,1700000940,0,1700000940,3860,-29.909075692444944,-7.986659749834427,0.906458507901551,0.296875,72.0,0.0,470.1043982981074,39.97860951038662,1.02169646875,1.4239995499999998,1.0,821
azure2019,async,test,dap,72,1700000940,1,1700100943,14,57.64682293726533,42.80316573539282,1.0,0.0,21.0,0.0,4.927376780589452,0.0,1.743906953125,1.8191372,1.0,821
azure2019,async,test,no_budget_horizon,72,1700000940,1,1700100943,14,58.48014324080478,43.37692955443899,1.0,0.0,28.0,0.0,1.5628763545285098,0.0,1.134169078125,1.8406193,1.0,821
azure2019,async,test,blackbox_matched_weight,72,1700000940,1,1700100943,14,58.589500789498736,43.46673308974009,1.0,0.0,62.0,0.0,1.2173739290313437,0.0,0.377111140625,0.4912292999999997,1.0,821
azure2019,async,test,dap,72,1700000940,2,1700200946,2751,54.75662039667257,40.95100838071869,0.9920341164935196,0.0,72.0,0.0,19.093975360310285,3.128766596043242,1.3271377812499998,1.9029523,1.0,821
azure2019,async,test,no_budget_horizon,72,1700000940,2,1700200946,2751,51.864332434213296,39.51326094622164,0.9867272298270902,0.015625,72.0,0.0,25.33884032695127,5.213156823116332,1.65158709375,1.80987225,1.0,821
azure2019,async,test,blackbox_matched_weight,72,1700000940,2,1700200946,2751,54.171085608363626,40.71532034110568,0.9887166096610192,0.0,72.0,0.0,22.96689350905057,4.431786474657731,1.295190078125,1.432288,1.0,821
azure2019,async,test,dap,72,1700000940,3,1700300949,1113,-116.1601300912786,-62.355105694959214,0.8467169551265511,0.453125,72.0,0.0,1239.9853277419409,72.03354366515548,1.2080130781249998,1.8437072,1.0,821
azure2019,async,test,no_budget_horizon,72,1700000940,3,1700300949,1113,-120.81754941082988,-65.19667834635317,0.8432241199370724,0.46875,72.0,0.0,1282.4498388459338,73.67496001583034,1.1845882656250002,1.8049613,1.0,821
azure2019,async,test,blackbox_matched_weight,72,1700000940,3,1700300949,1113,-114.87299314687104,-61.56029949171579,0.8479055875084741,0.453125,72.0,0.0,1223.36649325979,71.47496001583035,0.8951935468750001,1.3893901,1.0,821
azure2019,async,test,dap,72,1700000940,4,1700400952,1102,-111.3735258855486,-58.66283268955522,0.8404085728003694,0.4375,72.0,0.0,1219.458991437914,75.40431561583884,1.21080128125,1.8482353,1.0,821
azure2019,async,test,no_budget_horizon,72,1700000940,4,1700400952,1102,-119.28584159317428,-63.88283624488167,0.8357523255156925,0.453125,72.0,0.0,1288.490643538028,77.60431561583883,1.1640623125,1.79907085,1.0,821
azure2019,async,test,blackbox_matched_weight,72,1700000940,4,1700400952,1102,-109.44288807210316,-57.74911609325289,0.843058842553563,0.4375,72.0,0.0,1189.7000868011232,74.15210689483446,0.9498125625,1.50556915,1.0,821
azure2019,http,test,dap,72,1700000940,0,1701000943,886,-12.71547846166451,2.1021471353367644,0.933492744025138,0.265625,72.0,0.0,309.76442789141424,27.68865197469843,1.374114734375,1.855503,1.0,821
azure2019,http,test,no_budget_horizon,72,1700000940,0,1701000943,886,-16.462130591456688,-0.110296340178734,0.9310907760262755,0.28125,72.0,0.0,329.11663735531755,28.68865197469843,1.3834220624999998,1.8855592,1.0,821
azure2019,http,test,blackbox_matched_weight,72,1700000940,0,1701000943,886,-25.652718681627903,-5.82935159028871,0.9253868016264492,0.3125,72.0,0.0,382.2002612044956,31.06336071458516,1.0283298125,1.4615074499999998,1.0,821
azure2019,http,test,dap,72,1700000940,1,1701100946,3676,58.38795744631472,43.32655244311701,1.0,0.0,64.0,0.0,2.228285566084436,0.0,1.79047128125,1.93163145,1.0,821
azure2019,http,test,no_budget_horizon,72,1700000940,1,1701100946,3676,58.78188987266004,43.57715965214139,1.0,0.0,65.0,0.0,0.4281521657581209,0.0,1.7624379062500002,1.87074955,1.0,821
azure2019,http,test,blackbox_matched_weight,72,1700000940,1,1701100946,3676,58.78188987266004,43.57715965214139,1.0,0.0,65.0,0.0,0.4281521657581209,0.0,1.37019528125,1.4151585,1.0,821
azure2019,http,test,dap,72,1700000940,2,1701200949,840,-22.974048449055392,-3.961070747974514,0.9175375439079554,0.296875,72.0,0.0,384.66875065720393,34.77938501590077,1.35674815625,1.82727075,1.0,821
azure2019,http,test,no_budget_horizon,72,1700000940,2,1701200949,840,-28.16832040571893,-7.114839902491871,0.9137193470052932,0.3125,72.0,0.0,419.291736291479,36.38974864605973,1.318714171875,1.8300065,1.0,821
azure2019,http,test,blackbox_matched_weight,72,1700000940,2,1701200949,840,-28.29595682432203,-7.20429482068948,0.9137193470052932,0.3125,72.0,0.0,419.90662056508745,36.38974864605973,1.013562890625,1.4256794,1.0,821
azure2019,http,test,dap,72,1700000940,3,1701300952,3544,57.51155107288578,42.71745362004992,1.0,0.0,49.0,0.0,5.458064674698308,0.0,1.766926171875,1.91456325,1.0,821
azure2019,http,test,no_budget_horizon,72,1700000940,3,1701300952,3544,58.77321550693061,43.56920196888193,1.0,0.0,63.0,0.0,0.4041676854841443,0.0,1.6704496562500002,1.7589359999999998,1.0,821
azure2019,http,test,blackbox_matched_weight,72,1700000940,3,1701300952,3544,58.72607172528356,43.557785012701885,1.0,0.0,64.0,0.0,0.6876125571308647,0.0,1.3052968906249998,1.4480281,1.0,821
azure2019,http,test,dap,72,1700000940,4,1701400955,4127,57.07665536872163,42.23739474581584,1.0,0.0,71.0,0.0,8.087946602323358,0.0,1.641963375,1.84449475,1.0,821
azure2019,http,test,no_budget_horizon,72,1700000940,4,1701400955,4127,57.20766474484374,42.34833208263269,1.0,0.0,72.0,0.0,7.432527163612302,0.0,0.978063078125,1.7829508499999998,1.0,821
azure2019,http,test,blackbox_matched_weight,72,1700000940,4,1701400955,4127,57.05875681309744,42.24067087140217,1.0,0.0,71.0,0.0,8.12901592411023,0.0,0.36283346875,0.3974871,1.0,821
azure2019,async,test,dap,72,1700000941,0,1700000941,3252,-33.60943318470249,-10.18192481163885,0.9016109194836768,0.3125,72.0,0.0,488.5828644222336,42.05155808592137,0.81571296875,1.7011615,1.0,822
azure2019,async,test,no_budget_horizon,72,1700000941,0,1700000941,3252,-44.365254894334505,-16.796787440014548,0.8944594810444558,0.34375,72.0,0.0,561.6238044273755,45.10808760471183,1.10281584375,1.78703705,1.0,822
azure2019,async,test,blackbox_matched_weight,72,1700000941,0,1700000941,3252,-44.365254894334505,-16.796787440014548,0.8944594810444558,0.34375,72.0,0.0,561.6238044273755,45.10808760471183,0.952984171875,1.3735005,1.0,822
azure2019,async,test,dap,72,1700000941,1,1700100944,98,58.53605779785909,43.39392520608994,1.0000000000000002,0.0,21.0,0.0,1.5202654423966209,0.0,0.852630296875,1.7267449,1.0,822
azure2019,async,test,no_budget_horizon,72,1700000941,1,1700100944,98,58.84661270177169,43.621160064308825,1.0000000000000002,0.0,67.0,0.0,0.1455507146078627,0.0,1.67285634375,1.71888555,1.0,822
azure2019,async,test,blackbox_matched_weight,72,1700000941,1,1700100944,98,58.58325756946519,43.42927697584636,1.0,0.0,46.0,0.0,1.345234072275331,0.0,1.3134893125,1.3788414999999998,1.0,822
azure2019,async,test,dap,72,1700000941,2,1700200947,540,58.01012948035813,42.86104760042899,1.0,0.0,70.0,0.0,3.997306029687465,0.0,1.3668114999999998,1.78485505,1.0,822
azure2019,async,test,no_budget_horizon,72,1700000941,2,1700200947,540,57.41713498009175,42.79870873162649,0.9919128876103616,0.0,72.0,0.0,7.01945479346957,2.9806916385300983,1.146903,1.7129200999999998,1.0,822
azure2019,async,test,blackbox_matched_weight,72,1700000941,2,1700200947,540,57.91882708065992,42.81999745751607,0.9976370972526798,0.0,72.0,0.0,4.345727130684548,0.8709022605672176,1.360563046875,1.45202565,1.0,822
azure2019,async,test,dap,72,1700000941,3,1700300950,297,58.33538078496903,43.183434309002095,1.0,0.0,55.0,0.0,2.3632424739944087,0.0,1.81962065625,1.87179355,1.0,822
azure2019,async,test,no_budget_horizon,72,1700000941,3,1700300950,297,58.85053530460435,43.62028608321937,1.0,0.0,71.0,0.0,0.1281926952022063,0.0,1.79939425,1.8864981,1.0,822
azure2019,async,test,blackbox_matched_weight,72,1700000941,3,1700300950,297,58.40270866575392,43.228241926847886,1.0,0.0,65.0,0.0,2.112632199779449,0.0,1.382287796875,1.4612168499999998,1.0,822
azure2019,async,test,dap,72,1700000941,4,1700400953,1207,-72.15195369373357,-34.71208044507175,0.8769518770443026,0.40625,72.0,0.0,777.1495554879551,54.44341101527248,1.290546484375,1.96243095,1.0,822
azure2019,async,test,no_budget_horizon,72,1700000941,4,1700400953,1207,-72.57116209823863,-35.0926756905181,0.8769518770443024,0.40625,72.0,0.0,779.2952093519376,54.44341101527248,1.2771315468750002,1.9443325,1.0,822
azure2019,async,test,blackbox_matched_weight,72,1700000941,4,1700400953,1207,-78.89996347112184,-39.11033046377974,0.8731335957173265,0.421875,72.0,0.0,828.6201512897463,56.13283345149556,0.932206078125,1.4762723999999998,1.0,822
azure2019,http,test,dap,72,1700000941,0,1701000944,3466,58.81387806743263,43.58767999559815,1.0,0.0,64.0,0.0,0.2931326009730224,0.0,1.854765078125,1.9359894,1.0,822
azure2019,http,test,no_budget_horizon,72,1700000941,0,1701000944,3466,58.88,43.64512314764825,1.0,0.0,65.0,0.0,0.0,0.0,1.87831396875,1.95111025,1.0,822
azure2019,http,test,blackbox_matched_weight,72,1700000941,0,1701000944,3466,58.729263432297735,43.50881362626313,1.0,0.0,66.0,0.0,0.6188646416803074,0.0,1.34759834375,1.48832735,1.0,822
azure2019,http,test,dap,72,1700000941,1,1701100947,1364,58.78868197691612,43.56736970725247,1.0,0.0,64.0,0.0,0.4101040530460338,0.0,1.448792640625,1.7957545499999998,1.0,822
azure2019,http,test,no_budget_horizon,72,1700000941,1,1701100947,1364,58.88,43.64512314764825,1.0,0.0,65.0,0.0,0.0,0.0,0.7465832968749999,0.78745495,1.0,822
azure2019,http,test,blackbox_matched_weight,72,1700000941,1,1701100947,1364,58.78868197691612,43.56736970725247,1.0,0.0,67.0,0.0,0.4101040530460338,0.0,0.364730578125,0.3907310499999999,1.0,822
azure2019,http,test,dap,72,1700000941,2,1701200950,744,6.809022876753932,13.666092966238589,0.943752454863318,0.203125,72.0,0.0,200.60805075647747,23.02220301265585,0.623269046875,0.79877645,1.0,822
azure2019,http,test,no_budget_horizon,72,1700000941,2,1701200950,744,-11.425437518443315,3.1635347971230354,0.9281510289909916,0.265625,72.0,0.0,307.90069421175417,29.40788958523052,0.601330640625,0.8602435499999997,1.0,822
azure2019,http,test,blackbox_matched_weight,72,1700000941,2,1701200950,744,2.1133883243070213,10.888276179740814,0.939748916362786,0.21875,72.0,0.0,226.91151696922708,24.66085721355036,0.2891871875,0.3727940999999999,1.0,822
azure2019,http,test,dap,72,1700000941,3,1701300953,4141,57.02566196078793,42.01083618268001,1.0,0.0,70.0,0.0,8.327592422392836,0.0,0.7467619375,0.8405014999999997,1.0,822
azure2019,http,test,no_budget_horizon,72,1700000941,3,1701300953,4141,52.95499660129762,40.39415922970147,0.985730798501544,0.015625,72.0,0.0,21.112956061953003,5.420436555706804,0.723206265625,1.1078354499999996,1.0,822
azure2019,http,test,blackbox_matched_weight,72,1700000941,3,1701300953,4141,57.45453570947624,42.34685842816798,1.0,0.0,72.0,0.0,6.41312225377974,0.0,0.35805196875,0.41250375,1.0,822
azure2019,http,test,dap,72,1700000941,4,1701400956,246,58.88,43.64512314764825,1.0,0.0,64.0,0.0,0.0,0.0,0.75319771875,0.8405718999999997,1.0,822
azure2019,http,test,no_budget_horizon,72,1700000941,4,1701400956,246,58.88,43.64512314764825,1.0,0.0,65.0,0.0,0.0,0.0,0.740535171875,0.7960326999999998,1.0,822
azure2019,http,test,blackbox_matched_weight,72,1700000941,4,1701400956,246,58.762613526089226,43.53270807956402,1.0,0.0,65.0,0.0,0.4414728635789089,0.0,0.384581859375,0.51933115,1.0,822
azure2019,async,test,dap,72,1700000942,0,1700000942,1105,-121.48972029102512,-65.40935698330941,0.8368895223052317,0.453125,72.0,0.0,1315.3145877780576,76.99192651800352,0.52721315625,0.9096395499999994,1.0,823
azure2019,async,test,no_budget_horizon,72,1700000942,0,1700000942,1105,-119.9390799805772,-64.01098802866977,0.836798130280329,0.453125,72.0,0.0,1307.5736952746734,77.03506567230609,0.509870078125,0.85726325,1.0,823
azure2019,async,test,blackbox_matched_weight,72,1700000942,0,1700000942,1105,-119.9390799805772,-64.01098802866977,0.836798130280329,0.453125,72.0,0.0,1307.5736952746734,77.03506567230609,0.261650953125,0.4042086499999999,1.0,823
azure2019,async,test,dap,72,1700000942,1,1700100945,4107,-9.797816095260638,4.066755021840345,0.9330572456405878,0.265625,72.0,0.0,286.4898571103658,27.239483986817557,1.00139246875,1.818277,1.0,823
azure2019,async,test,no_budget_horizon,72,1700000942,1,1700100945,4107,-9.740301589809686,4.11443057855996,0.9330572456405878,0.265625,72.0,0.0,286.23010536785665,27.239483986817557,0.705259484375,1.73759455,1.0,823
azure2019,async,test,blackbox_matched_weight,72,1700000942,1,1700100945,4107,-39.961383215036754,-14.384724890938331,0.9090669033579132,0.34375,72.0,0.0,504.2107250548337,37.00132528989068,0.2761984375,0.4627928499999998,1.0,823
azure2019,async,test,dap,72,1700000942,2,1700200948,3663,-88.97313487111944,-45.00176394142862,0.8614814130643121,0.4375,72.0,0.0,939.7517479258332,61.94002520876544,1.143592296875,1.79822175,1.0,823
azure2019,async,test,no_budget_horizon,72,1700000942,2,1700200948,3663,-88.97313487111944,-45.00176394142862,0.8614814130643121,0.4375,72.0,0.0,939.7517479258332,61.94002520876544,1.160781015625,1.7728193499999998,1.0,823
azure2019,async,test,blackbox_matched_weight,72,1700000942,2,1700200948,3663,-88.97313487111944,-45.00176394142862,0.8614814130643121,0.4375,72.0,0.0,939.7517479258332,61.94002520876544,0.8266585625,1.42463115,1.0,823
azure2019,async,test,dap,72,1700000942,3,1700300951,2057,-43.61479990580438,-16.396280868873855,0.900842816158676,0.34375,72.0,0.0,551.8630704749833,41.208188883509,0.8234353125,1.8319946,1.0,823
azure2019,async,test,no_budget_horizon,72,1700000942,3,1700300951,2057,-40.59227561432853,-14.45113356946033,0.9018584783680588,0.328125,72.0,0.0,541.085879836859,40.786095409847405,0.5633718437499999,0.8715295999999999,1.0,823
azure2019,async,test,blackbox_matched_weight,72,1700000942,3,1700300951,2057,-53.18337694017524,-22.495384511508107,0.895466564997517,0.375,72.0,0.0,610.8659082178824,43.44247554587287,0.283930375,0.6012827999999999,1.0,823
azure2019,async,test,dap,72,1700000942,4,1700400954,3377,-72.25644627152832,-33.833767441580065,0.8665965328818817,0.390625,72.0,0.0,827.0143557629848,58.86233592459577,0.58549546875,0.893709,1.0,823
azure2019,async,test,no_budget_horizon,72,1700000942,4,1700400954,3377,-72.25644627152832,-33.833767441580065,0.8665965328818817,0.390625,72.0,0.0,827.0143557629848,58.86233592459577,0.553474890625,0.9602430999999998,1.0,823
azure2019,async,test,blackbox_matched_weight,72,1700000942,4,1700400954,3377,-72.34095854994997,-33.92162421644711,0.8665965328818817,0.390625,72.0,0.0,827.410787983363,58.86233592459577,0.2625428906249999,0.4439985999999999,1.0,823
azure2019,http,test,dap,72,1700000942,0,1701000945,3725,58.34268642345472,43.249795176165904,1.0000000000000002,0.0,66.0,0.0,2.354596789899965,0.0,0.779440984375,0.9590421499999996,1.0,823
azure2019,http,test,no_budget_horizon,72,1700000942,0,1701000945,3725,58.498070647048685,43.36854254713714,1.0,0.0,67.0,0.0,1.667166548814543,0.0,0.80042996875,1.0557348999999998,1.0,823
azure2019,http,test,blackbox_matched_weight,72,1700000942,0,1701000945,3725,58.75215018682171,43.56011446561625,1.0,0.0,72.0,0.0,0.5527308386599286,0.0,0.3654913906249999,0.4038322,1.0,823
azure2019,http,test,dap,72,1700000942,1,1701100948,3563,58.88,43.64512314764825,1.0,0.0,65.0,0.0,0.0,0.0,0.775528703125,0.8771751499999999,1.0,823
azure2019,http,test,no_budget_horizon,72,1700000942,1,1701100948,3563,58.88,43.64512314764825,1.0,0.0,65.0,0.0,0.0,0.0,0.7671882187499999,0.8192518,1.0,823
azure2019,http,test,blackbox_matched_weight,72,1700000942,1,1701100948,3563,58.38525534974836,43.2817997205329,1.0000000000000002,0.0,61.0,0.0,1.9818568373426395,0.0,0.356516359375,0.37881285,1.0,823
azure2019,http,test,dap,72,1700000942,2,1701200951,3471,58.62747694723372,43.48007460629003,1.0,0.0,60.0,0.0,1.002017697465276,0.0,0.75012915625,0.8022653,1.0,823
azure2019,http,test,no_budget_horizon,72,1700000942,2,1701200951,3471,58.88,43.64512314764825,1.0,0.0,64.0,0.0,0.0,0.0,0.76940009375,0.8846989,1.0,823
azure2019,http,test,blackbox_matched_weight,72,1700000942,2,1701200951,3471,58.88,43.64512314764825,1.0,0.0,65.0,0.0,0.0,0.0,0.3926598125,0.4965760999999999,1.0,823
azure2019,http,test,dap,72,1700000942,3,1701300954,99,58.58544695220387,43.461208110612255,1.0,0.0,60.0,0.0,1.1338350704667135,0.0,0.77484359375,0.88885185,1.0,823
azure2019,http,test,no_budget_horizon,72,1700000942,3,1701300954,99,58.83891409724486,43.610700849450375,1.0,0.0,64.0,0.0,0.1716510658622008,0.0,0.787792921875,0.8669331499999999,1.0,823
azure2019,http,test,blackbox_matched_weight,72,1700000942,3,1701300954,99,58.16038499126383,43.132307267075845,1.0,0.0,59.0,0.0,2.872363095395678,0.0,0.381234046875,0.4413113999999999,1.0,823
azure2019,http,test,dap,72,1700000942,4,1701400957,3322,58.88,43.64512314764825,1.0,0.0,65.0,0.0,0.0,0.0,0.7644786875,0.8458142499999999,1.0,823
azure2019,http,test,no_budget_horizon,72,1700000942,4,1701400957,3322,58.88,43.64512314764825,1.0,0.0,65.0,0.0,0.0,0.0,0.7887356249999999,0.8711906499999998,1.0,823
azure2019,http,test,blackbox_matched_weight,72,1700000942,4,1701400957,3322,58.789055271780825,43.58304840551028,1.0,0.0,65.0,0.0,0.4083492672666722,0.0,0.3557136875,0.3677163999999999,1.0,823
azure2019,async,test,dap,72,1700000943,0,1700000943,3767,-32.69543057767414,-9.912708898846754,0.9133996149379142,0.328125,72.0,0.0,444.0316066439675,36.72175247347087,1.296397140625,1.8233445,1.0,824
azure2019,async,test,no_budget_horizon,72,1700000943,0,1700000943,3767,-49.977662897486525,-20.75896618842421,0.9022199118197982,0.375,72.0,0.0,564.1964807024025,41.4623583072212,1.225399984375,1.7802455,1.0,824
azure2019,async,test,blackbox_matched_weight,72,1700000943,0,1700000943,3767,-63.13002800761212,-29.450606634068176,0.8955606742724029,0.40625,72.0,0.0,652.7691625859825,44.286120265117546,0.8894423124999999,1.4181346999999995,1.0,824
azure2019,async,test,dap,72,1700000943,1,1700100946,2977,56.69761857500093,42.2213758805424,0.996790578687123,0.0,72.0,0.0,9.91456251590095,1.247418842700184,0.8838835624999999,1.7094271,1.0,824
azure2019,async,test,no_budget_horizon,72,1700000943,1,1700100946,2977,56.12082477933954,42.033113242036805,0.9899703151279516,0.0,72.0,0.0,13.286591835946275,3.898278435909864,0.751869046875,0.9211618999999996,1.0,824
azure2019,async,test,blackbox_matched_weight,72,1700000943,1,1700100946,2977,17.777345346614897,20.52662639205007,0.9586123280986026,0.171875,72.0,0.0,136.69085047297915,16.086314868711725,0.31023975,0.4329396499999999,1.0,824
azure2019,async,test,dap,72,1700000943,2,1700200949,2810,42.43264705797608,34.301439924451266,0.9798462014401196,0.0625,72.0,0.0,47.424536764603474,7.961341623549874,0.7172344687500001,0.9695908,1.0,824
azure2019,async,test,no_budget_horizon,72,1700000943,2,1700200949,2810,33.87072744071263,29.737319039535496,0.9729672631678694,0.109375,72.0,0.0,69.2155838019232,10.678724028160964,1.1541485312500002,1.75666255,1.0,824
azure2019,async,test,blackbox_matched_weight,72,1700000943,2,1700200949,2810,4.213331650810895,12.491288560880191,0.9503220646830453,0.21875,72.0,0.0,202.244431792576,19.62424170489665,1.032371921875,1.36100955,1.0,824
azure2019,async,test,dap,72,1700000943,3,1700300952,1223,-69.33280173193188,-32.26559418885891,0.8750338038724489,0.390625,72.0,0.0,786.7056631416522,54.90979888702055,1.253571296875,1.79062715,1.0,824
azure2019,async,test,no_budget_horizon,72,1700000943,3,1700300952,1223,-75.85058302302811,-36.395112730401365,0.8705140553340305,0.40625,72.0,0.0,840.3957261404161,56.89576381957843,1.018943328125,1.78058465,1.0,824
azure2019,async,test,blackbox_matched_weight,72,1700000943,3,1700300952,1223,-85.84714817361541,-42.78662947575012,0.8635163432851399,0.421875,72.0,0.0,930.2803912628916,59.970539024239926,0.898572859375,1.4639573999999995,1.0,824
azure2019,async,test,dap,72,1700000943,4,1700400955,2144,-28.153417074321567,-7.348115553208456,0.9222335227349886,0.3125,72.0,0.0,408.4805735645298,32.71104784355315,0.957982578125,1.8940914,1.0,824
azure2019,async,test,no_budget_horizon,72,1700000943,4,1700400955,2144,-37.74699426789556,-13.300692713506493,0.9163566723906708,0.34375,72.0,0.0,468.2543063834689,35.1830375689881,0.6169891562500001,0.9352908,1.0,824
azure2019,async,test,blackbox_matched_weight,72,1700000943,4,1700400955,2144,-69.96359573884678,-33.880727270847714,0.897168232638793,0.4375,72.0,0.0,690.8219699970966,43.25430417179223,0.31754275,0.6913059499999997,1.0,824
azure2019,http,test,dap,72,1700000943,0,1701000946,3911,58.41649839014337,43.26555199164035,1.0,0.0,68.0,0.0,2.0367143185620096,0.0,0.984947109375,1.2176062,1.0,824
azure2019,http,test,no_budget_horizon,72,1700000943,0,1701000946,3911,58.580722128913706,43.42851345362071,1.0,0.0,69.0,0.0,1.3107599426638252,0.0,0.868544328125,1.3229521499999994,1.0,824
azure2019,http,test,blackbox_matched_weight,72,1700000943,0,1701000946,3911,43.77221760192342,35.38786333048502,0.9789773141212896,0.0625,72.0,0.0,41.79988715822111,7.99996609265097,0.413890375,0.61731825,1.0,824
azure2019,http,test,dap,72,1700000943,1,1701100949,3508,58.32334983074441,43.23223129294871,1.0,0.0,54.0,0.0,2.1388509671394127,0.0,0.8917710937500001,1.3139382999999996,1.0,824
azure2019,http,test,no_budget_horizon,72,1700000943,1,1701100949,3508,58.82740033450004,43.60633897484568,1.0,0.0,62.0,0.0,0.2202714718464449,0.0,0.7954075624999999,0.8695164999999999,1.0,824
azure2019,http,test,blackbox_matched_weight,72,1700000943,1,1701100949,3508,58.82740033450004,43.60633897484568,1.0,0.0,62.0,0.0,0.2202714718464449,0.0,0.52059075,0.6824483,1.0,824
azure2019,http,test,dap,72,1700000943,2,1701200952,433,58.62955584932048,43.48988518817263,1.0000000000000002,0.0,64.0,0.0,1.135161859714521,0.0,1.481795421875,1.90680155,1.0,824
azure2019,http,test,no_budget_horizon,72,1700000943,2,1701200952,433,58.88,43.64512314764825,1.0,0.0,65.0,0.0,0.0,0.0,1.80346703125,1.91803795,1.0,824
azure2019,http,test,blackbox_matched_weight,72,1700000943,2,1701200952,433,58.88,43.64512314764825,1.0,0.0,65.0,0.0,0.0,0.0,1.381427046875,1.4274499,1.0,824
azure2019,http,test,dap,72,1700000943,3,1701300955,1756,57.9561860399734,43.01347391560499,0.9999999999999998,0.0,30.0,0.0,3.472835555418401,0.0,1.85108884375,1.9204944,1.0,824
azure2019,http,test,no_budget_horizon,72,1700000943,3,1701300955,1756,58.2444899030252,43.12313614991784,1.0,0.0,38.0,0.0,2.380711247142157,0.0,1.860929484375,1.95293,1.0,824
azure2019,http,test,blackbox_matched_weight,72,1700000943,3,1701300955,1756,58.642566152168015,43.46122241940934,0.9999999999999998,0.0,52.0,0.0,0.9541832480016385,0.0,0.95567421875,1.43396025,1.0,824
azure2019,http,test,dap,72,1700000943,4,1701400958,2871,58.01293644068959,42.994826082420815,1.0,0.0,44.0,0.0,3.27721613038088,0.0,1.0190456875,1.7520814,1.0,824
azure2019,http,test,no_budget_horizon,72,1700000943,4,1701400958,2871,58.75413853977518,43.52573202839679,1.0,0.0,60.0,0.0,0.4727538513189104,0.0,0.867067375,1.7145326499999998,1.0,824
azure2019,http,test,blackbox_matched_weight,72,1700000943,4,1701400958,2871,58.787008956278456,43.55592397726871,1.0,0.0,61.0,0.0,0.3469979096089828,0.0,1.099695703125,1.3469748499999998,1.0,824
azure2019,async,test,dap,72,1700000944,0,1700000944,2581,-54.84732719898318,-23.95263524182935,0.8996958265557152,0.390625,72.0,0.0,593.5800890927146,42.74408141059643,0.7022931718750001,1.7336972999999978,1.0,825
azure2019,async,test,no_budget_horizon,72,1700000944,0,1700000944,2581,-60.6402983606677,-27.64715989594731,0.8962434081935393,0.40625,72.0,0.0,635.2838637506106,44.21531083674041,0.53936715625,0.9381227999999996,1.0,825
azure2019,async,test,blackbox_matched_weight,72,1700000944,0,1700000944,2581,-54.274980963908455,-24.413395847178823,0.9020424478921468,0.375,72.0,0.0,585.8858749413876,41.74408141059643,0.25043240625,0.3723702499999999,1.0,825
azure2019,async,test,dap,72,1700000944,1,1700100947,1541,57.04914535602447,42.336327908612574,0.9968530253025828,0.0,72.0,0.0,8.761776457185055,1.1942215080649898,0.74360709375,1.0849117499999987,1.0,825
azure2019,async,test,no_budget_horizon,72,1700000944,1,1700100947,1541,55.80374940836878,41.89419376099158,0.990398183336343,0.0,72.0,0.0,15.0465919814884,3.643720423188288,0.6980744218749999,0.9087340999999995,1.0,825
azure2019,async,test,blackbox_matched_weight,72,1700000944,1,1700100947,1541,54.44898301434155,40.71637034917941,0.9918302529742842,0.0,72.0,0.0,21.005099939730847,3.1002752013123285,0.35167715625,0.5081626999999999,1.0,825
azure2019,async,test,dap,72,1700000944,2,1700200950,154,58.729775337219394,43.51632465774506,1.0,0.0,19.0,0.0,0.5910000473887331,0.0,1.4624228437500002,1.96413815,1.0,825
azure2019,async,test,no_budget_horizon,72,1700000944,2,1700200950,154,58.88,43.64512314764825,1.0,0.0,65.0,0.0,0.0,0.0,1.38791203125,1.85745955,1.0,825
azure2019,async,test,blackbox_matched_weight,72,1700000944,2,1700200950,154,58.88,43.64512314764825,1.0,0.0,46.0,0.0,0.0,0.0,0.365440984375,0.4203125499999999,1.0,825
azure2019,async,test,dap,72,1700000944,3,1700300953,818,50.7942502810234,38.68002528763458,0.9858851526301566,0.015625,72.0,0.0,30.73266021308935,5.533797440083591,0.7128705312500001,0.92532745,1.0,825
azure2019,async,test,no_budget_horizon,72,1700000944,3,1700300953,818,21.98700779926233,22.89232853077212,0.9686540847549628,0.15625,72.0,0.0,108.67317347540371,12.289324921123152,0.62208284375,0.8979295999999998,1.0,825
azure2019,async,test,blackbox_matched_weight,72,1700000944,3,1700300953,818,28.3052360205551,25.27065043649157,0.9734944479096496,0.109375,72.0,0.0,97.12336432684828,10.391636017188636,0.307268984375,0.4058137,1.0,825
azure2019,async,test,dap,72,1700000944,4,1700400956,1338,-70.47237303497053,-33.49535533055358,0.8864420807503393,0.40625,72.0,0.0,760.6060107419687,49.776462011595854,0.53068503125,0.9149401999999992,1.0,825
azure2019,async,test,no_budget_horizon,72,1700000944,4,1700400956,1338,-70.52872623129804,-33.50807656813487,0.8864420807503393,0.40625,72.0,0.0,761.044689488783,49.776462011595854,0.5154595468750001,0.7876117499999999,1.0,825
azure2019,async,test,blackbox_matched_weight,72,1700000944,4,1700400956,1338,-84.27130186969153,-43.03556348956164,0.8803552921499067,0.4375,72.0,0.0,853.1603309312216,52.44451725198772,0.25488715625,0.40530505,1.0,825
azure2019,http,test,dap,72,1700000944,0,1701000947,988,-53.887365704117016,-23.40246350526465,0.9062564232172912,0.390625,72.0,0.0,584.5845742840949,39.71152255224708,0.582642109375,0.9531359,1.0,825
azure2019,http,test,no_budget_horizon,72,1700000944,0,1701000947,988,-60.07665107065033,-27.25051532837665,0.9020479124440292,0.40625,72.0,0.0,632.8232351521649,41.494325984968114,0.54857421875,0.8968177499999995,1.0,825
azure2019,http,test,blackbox_matched_weight,72,1700000944,0,1701000947,988,-64.28779722549679,-30.87122296442173,0.9020479124440292,0.40625,72.0,0.0,653.3505841257688,41.494325984968114,0.254465234375,0.3857286,1.0,825
azure2019,http,test,dap,72,1700000944,1,1701100950,744,6.866182563690689,13.705259983072663,0.943752454863318,0.203125,72.0,0.0,200.335374166226,23.02220301265585,0.640969765625,0.9665306499999998,1.0,825
azure2019,http,test,no_budget_horizon,72,1700000944,1,1701100950,744,-37.75067367882564,-12.980150984648793,0.9089628708824828,0.34375,72.0,0.0,480.28575100392834,37.26163094122329,0.5498269375,0.82606665,1.0,825
azure2019,http,test,blackbox_matched_weight,72,1700000944,1,1701100950,744,-12.52189188276212,1.0501505822103192,0.9319593398709664,0.25,72.0,0.0,308.3205515653039,27.849142336776666,0.29314690625,0.3970825999999999,1.0,825
azure2019,http,test,dap,72,1700000944,2,1701200953,2202,58.47569634152893,43.32714009712964,1.0,0.0,64.0,0.0,1.833041886629492,0.0,0.783412046875,0.92202465,1.0,825
azure2019,http,test,no_budget_horizon,72,1700000944,2,1701200953,2202,58.79842121060858,43.58628686331295,1.0,0.0,66.0,0.0,0.353554593795268,0.0,0.7384139843749999,0.7725673499999999,1.0,825
azure2019,http,test,blackbox_matched_weight,72,1700000944,2,1701200953,2202,58.47569634152893,43.32714009712964,1.0,0.0,67.0,0.0,1.833041886629492,0.0,0.3601631875,0.3950822999999999,1.0,825
azure2019,http,test,dap,72,1700000944,3,1701300956,888,-31.401432881261805,-9.420850716384718,0.9216001807137612,0.328125,72.0,0.0,421.7493707428749,32.58623963020844,0.564662234375,0.8882576999999997,1.0,825
azure2019,http,test,no_budget_horizon,72,1700000944,3,1701300956,888,-52.08988870601084,-22.30508942694932,0.9087558554538904,0.390625,72.0,0.0,559.6695543835534,37.9248777114822,0.53729821875,0.8349855999999999,1.0,825
azure2019,http,test,blackbox_matched_weight,72,1700000944,3,1701300956,888,-49.04869233372089,-21.349745442192493,0.9135676913807064,0.375,72.0,0.0,524.6297629297121,35.92487771148221,0.256493546875,0.3846272,1.0,825
azure2019,http,test,dap,72,1700000944,4,1701400959,3256,58.75487635050933,43.557178244542456,1.0,0.0,55.0,0.0,0.5380916904870139,0.0,0.76083990625,0.8158072499999999,1.0,825
azure2019,http,test,no_budget_horizon,72,1700000944,4,1701400959,3256,58.88,43.64512314764825,1.0,0.0,65.0,0.0,0.0,0.0,0.761566703125,0.8263699999999998,1.0,825
azure2019,http,test,blackbox_matched_weight,72,1700000944,4,1701400959,3256,58.77830809151348,43.57990720787538,1.0,0.0,65.0,0.0,0.4514868706739312,0.0,0.385655609375,0.4064843,1.0,825
azure2019,async,test,dap,72,1700000945,0,1700000945,3567,-37.92049617029196,-13.221502282215228,0.9057595263769048,0.328125,72.0,0.0,506.70696934424666,39.94063195753072,0.6633858437500001,1.2658762499999998,1.0,826
azure2019,async,test,no_budget_horizon,72,1700000945,0,1700000945,3567,-195.7330805550868,-118.7689826088643,0.8132580755646931,0.671875,72.0,0.0,1817.985775209236,79.1442380132918,0.384160203125,0.8068212499999998,1.0,826
azure2019,async,test,blackbox_matched_weight,72,1700000945,0,1700000945,3567,-45.58251017380533,-19.173120488007328,0.9034000125433904,0.328125,72.0,0.0,560.375996370985,40.94063195753071,0.2640076249999999,0.3643407999999999,1.0,826
azure2019,async,test,dap,72,1700000945,1,1700100948,2615,-19.18358236426315,-2.147812850536007,0.9341462905106878,0.296875,72.0,0.0,326.37996607526424,27.11139201986021,0.55046184375,0.7968246999999998,1.0,826
azure2019,async,test,no_budget_horizon,72,1700000945,1,1700100948,2615,-185.29335838337403,-113.2856476151394,0.8403789765818241,0.671875,72.0,0.0,1671.9846518603858,65.71456906620871,0.3885359687499999,0.7586227499999999,1.0,826
azure2019,async,test,blackbox_matched_weight,72,1700000945,1,1700100948,2615,-18.35821680738516,-2.5529707629917056,0.9372597203976266,0.28125,72.0,0.0,320.107196333685,25.829620364994664,0.281105671875,0.3913889,1.0,826
azure2019,async,test,dap,72,1700000945,2,1700200951,3775,-52.58373797219284,-22.696240124767392,0.903023854228712,0.375,72.0,0.0,588.2716599790934,40.95623243226465,0.572640203125,0.9950064499999997,1.0,826
azure2019,async,test,no_budget_horizon,72,1700000945,2,1700200951,3775,-185.76651910737507,-113.6337699948871,0.8352719575265124,0.6875,72.0,0.0,1650.178353258992,69.57009831642137,0.40322634375,0.8511603,1.0,826
azure2019,async,test,blackbox_matched_weight,72,1700000945,2,1700200951,3775,-42.73002332110992,-16.600375768500346,0.9092501673164168,0.34375,72.0,0.0,521.7459983539702,38.32665457074079,0.345294875,0.6121013499999998,1.0,826
azure2019,async,test,dap,72,1700000945,3,1700300954,3539,-47.43836314822964,-19.70177040884219,0.9067646163819468,0.375,72.0,0.0,524.0186596997803,39.200340549417376,0.609457765625,1.0119698,1.0,826
azure2019,async,test,no_budget_horizon,72,1700000945,3,1700300954,3539,-171.6696222469622,-104.28071641132814,0.8437090431698363,0.671875,72.0,0.0,1493.1126329879728,65.71173405190339,0.4448061562500001,1.13114585,1.0,826
azure2019,async,test,blackbox_matched_weight,72,1700000945,3,1700300954,3539,-32.72144306397892,-10.601041522458734,0.9162287155584932,0.328125,72.0,0.0,426.6898643978517,35.22120841827389,0.36137884375,0.58680315,1.0,826
azure2019,async,test,dap,72,1700000945,4,1700400957,2876,-15.52906566414997,0.2357429432277422,0.9425190237689832,0.296875,72.0,0.0,288.01122767226127,23.11846791678828,0.7748853437500001,1.8549945499999996,1.0,826
azure2019,async,test,no_budget_horizon,72,1700000945,4,1700400957,2876,-152.52237606378594,-92.75930493228506,0.8765852443754448,0.671875,72.0,0.0,1237.2850657345216,49.636597278683325,0.379723125,0.76879345,1.0,826
azure2019,async,test,blackbox_matched_weight,72,1700000945,4,1700400957,2876,-17.468926857110834,-1.341851815816944,0.9425190237689832,0.296875,72.0,0.0,296.9662302417912,23.11846791678828,0.273466546875,0.4073093999999999,1.0,826
azure2019,http,test,dap,72,1700000945,0,1701000948,3810,49.8276715997268,38.68556736147568,0.9817417790470973,0.03125,72.0,0.0,28.05192708685721,6.889004934962761,0.735183453125,1.12373785,1.0,826
azure2019,http,test,no_budget_horizon,72,1700000945,0,1701000948,3810,-120.14475295525622,-70.27910363658245,0.8892530984184989,0.609375,72.0,0.0,941.6780914447896,41.78588666961567,0.3831269687499999,0.7819348,1.0,826
azure2019,http,test,blackbox_matched_weight,72,1700000945,0,1701000948,3810,49.70540696700616,38.56579227893202,0.9817417790470973,0.03125,72.0,0.0,28.52982078847729,6.889004934962761,0.34094659375,0.4012231,1.0,826
azure2019,http,test,dap,72,1700000945,1,1701100951,1990,56.78188037145823,42.512797804443295,0.9912327769328656,0.0,72.0,0.0,9.863397956507178,3.057852901889655,0.73555915625,1.0489018499999991,1.0,826
azure2019,http,test,no_budget_horizon,72,1700000945,1,1701100951,1990,-33.11472170972164,-11.860184159309243,0.9514580945506734,0.390625,72.0,0.0,301.1454314725207,16.93056117140558,0.4705352031249999,0.8921422499999998,1.0,826
azure2019,http,test,blackbox_matched_weight,72,1700000945,1,1701100951,1990,57.321388831885486,42.24452973969637,1.0000000000000002,0.0,72.0,0.0,6.227213349626862,0.0,0.41098690625,0.5628206499999999,1.0,826
azure2019,http,test,dap,72,1700000945,2,1701200954,1533,56.31207032711392,42.23970050708216,0.9932696420100656,0.0,72.0,0.0,11.772361425810187,2.30062531881231,0.72655634375,0.9035961499999998,1.0,826
azure2019,http,test,no_budget_horizon,72,1700000945,2,1701200954,1533,-30.570029243928303,-10.633928874845935,0.9625576283123016,0.390625,72.0,0.0,265.38281168983843,12.79885385442052,0.461381125,0.8254824499999998,1.0,826
azure2019,http,test,blackbox_matched_weight,72,1700000945,2,1701200954,1533,57.468636269045646,42.42592067292057,1.0,0.0,69.0,0.0,5.539690283724859,0.0,0.36035115625,0.3862024999999999,1.0,826
azure2019,http,test,dap,72,1700000945,3,1701300957,1822,56.998423478727375,42.62491983020502,0.9915869693152338,0.0,72.0,0.0,8.75570902714513,2.8695505474635388,0.7577388281249999,0.9508993,1.0,826
azure2019,http,test,no_budget_horizon,72,1700000945,3,1701300957,1822,-18.47304545879233,-2.1788165025475656,0.9537654989462396,0.328125,72.0,0.0,247.11065259063184,15.769850697294576,0.5073431875000001,0.8742211,1.0,826
azure2019,http,test,blackbox_matched_weight,72,1700000945,3,1701300957,1822,58.08707105164285,42.96348308905971,1.0,0.0,64.0,0.0,3.0486320768255046,0.0,0.3762623125,0.4895154499999997,1.0,826
azure2019,http,test,dap,72,1700000945,4,1701400960,3394,56.886663321490914,42.52972481494696,0.9934531918485566,0.0,72.0,0.0,8.962879913203544,2.3119405467017904,0.707608765625,0.8066441999999999,1.0,826
azure2019,http,test,no_budget_horizon,72,1700000945,4,1701400960,3394,-43.39552573718967,-18.66441686442895,0.9503436408351494,0.4375,72.0,0.0,345.5277513317274,17.535652106972908,0.466896515625,0.78286485,1.0,826
azure2019,http,test,blackbox_matched_weight,72,1700000945,4,1701400960,3394,57.46837393168446,42.40641999485504,0.9992293515584124,0.0,72.0,0.0,5.662317402139203,0.2721468749570439,0.361231375,0.43266485,1.0,826
azure2019,async,test,dap,72,1700000946,0,1700000946,839,56.54759241908243,42.11719586764883,0.9913630991094384,0.0,72.0,0.0,11.000695791465075,3.2855974270655324,0.7275893906249999,0.8938685999999998,1.0,827
azure2019,async,test,no_budget_horizon,72,1700000946,0,1700000946,839,52.56212702902272,40.152954968762586,0.9858599954977706,0.015625,72.0,0.0,21.959637545059756,5.379054709541688,0.67933834375,0.8151094499999999,1.0,827
azure2019,async,test,blackbox_matched_weight,72,1700000946,0,1700000946,839,54.98229014887595,41.34920446590824,0.986936464175854,0.0,72.0,0.0,19.69508160705461,4.969551027162678,0.342219875,0.4764913499999998,1.0,827
azure2019,async,test,dap,72,1700000946,1,1700100949,1383,2.041417224920728,11.051885132420496,0.9323773843016028,0.21875,72.0,0.0,228.48008222702956,28.10003192871166,0.620174890625,0.8403158999999999,1.0,827
azure2019,async,test,no_budget_horizon,72,1700000946,1,1700100949,1383,-26.540722442444267,-6.158990872000776,0.9126324194592982,0.3125,72.0,0.0,395.81273533933006,36.30489263647628,0.561028515625,0.8105125,1.0,827
azure2019,async,test,blackbox_matched_weight,72,1700000946,1,1700100949,1383,-16.435992151378056,-0.1889761561518459,0.9206337222290196,0.28125,72.0,0.0,326.7476768093427,32.98001587774147,0.2795306718749999,0.38588475,1.0,827
azure2019,async,test,dap,72,1700000946,2,1700200952,3333,-74.0904786385644,-35.96350726471684,0.8852153489088912,0.421875,72.0,0.0,777.2411243186136,50.25123771529477,0.527537140625,0.8513304499999998,1.0,827
azure2019,async,test,no_budget_horizon,72,1700000946,2,1700200952,3333,-81.42039175581374,-40.64130069842775,0.8801900750274564,0.4375,72.0,0.0,840.5259150085635,52.45123771529475,0.54600440625,0.9296143,1.0,827
azure2019,async,test,blackbox_matched_weight,72,1700000946,2,1700200952,3333,-101.986362591428,-53.90029684345802,0.8657688473277801,0.46875,72.0,0.0,1035.4551993057962,58.76466494092284,0.240853890625,0.3944084499999999,1.0,827
azure2019,async,test,dap,72,1700000946,3,1700300955,1668,57.93026056774855,43.04188261979783,1.0,0.0,70.0,0.0,4.200632944977441,0.0,0.803633046875,1.0085242499999998,1.0,827
azure2019,async,test,no_budget_horizon,72,1700000946,3,1700300955,1668,57.82652542064854,43.05757380847479,0.9940409936068532,0.0,72.0,0.0,4.782999262250641,2.246807779685339,0.77568040625,0.9517155,1.0,827
azure2019,async,test,blackbox_matched_weight,72,1700000946,3,1700300955,1668,58.10588771358675,43.1638721607618,0.996983777032216,0.0,72.0,0.0,3.369001210493467,1.1372488603261752,0.364633984375,0.4268025499999999,1.0,827
azure2019,async,test,dap,72,1700000946,4,1700400958,3470,-60.13603190185664,-27.45657103918097,0.9042327002224924,0.40625,72.0,0.0,626.5689638468509,40.96794370073006,0.59992159375,1.1392396999999992,1.0,827
azure2019,async,test,no_budget_horizon,72,1700000946,4,1700400958,3470,-66.0618768800912,-31.249708695186207,0.900791332510368,0.421875,72.0,0.0,669.9791581403732,42.44011383616625,0.5468352812499999,0.9314209499999996,1.0,827
azure2019,async,test,blackbox_matched_weight,72,1700000946,4,1700400958,3470,-99.93961913904948,-53.60935969186509,0.8816470102795554,0.5,72.0,0.0,937.7097681314888,50.62979358241277,0.2276236875,0.3862566999999999,1.0,827
azure2019,http,test,dap,72,1700000946,0,1701000949,477,58.87681996249528,43.64262466169384,1.0,0.0,66.0,0.0,0.013650865869927,0.0,1.2896064374999998,1.82515045,1.0,827
azure2019,http,test,no_budget_horizon,72,1700000946,0,1701000949,477,58.87681996249528,43.64262466169384,1.0,0.0,66.0,0.0,0.013650865869927,0.0,1.710268734375,1.7565514,1.0,827
azure2019,http,test,blackbox_matched_weight,72,1700000946,0,1701000949,477,58.75580933655006,43.52520817234982,1.0,0.0,68.0,0.0,0.5654645705126446,0.0,1.338143609375,1.37784675,1.0,827
azure2019,http,test,dap,72,1700000946,1,1701100952,3137,58.41604981015281,43.33093194415103,1.0000000000000002,0.0,13.0,0.0,1.7359783853984787,0.0,1.7451447343749995,1.85006765,1.0,827
azure2019,http,test,no_budget_horizon,72,1700000946,1,1701100952,3137,58.817829879471866,43.60010428956048,1.0000000000000002,0.0,23.0,0.0,0.2300047793630408,0.0,1.0428534375,1.8854658,1.0,827
azure2019,http,test,blackbox_matched_weight,72,1700000946,1,1701100952,3137,58.41642544567484,43.2890288536984,1.0000000000000002,0.0,36.0,0.0,1.7648375824432785,0.0,0.3736047343749999,0.5456725999999997,1.0,827
azure2019,http,test,dap,72,1700000946,2,1701200955,279,58.52492514549709,43.39034908004808,1.0,0.0,58.0,0.0,1.3432826770380322,0.0,0.780815640625,1.0779703999999992,1.0,827
azure2019,http,test,no_budget_horizon,72,1700000946,2,1701200955,279,58.88,43.64512314764825,1.0,0.0,65.0,0.0,0.0,0.0,0.782920234375,0.8983318999999998,1.0,827
azure2019,http,test,blackbox_matched_weight,72,1700000946,2,1701200955,279,58.47350216074044,43.29816508085358,1.0,0.0,60.0,0.0,1.5657875130515198,0.0,0.357532046875,0.3866102499999999,1.0,827
azure2019,http,test,dap,72,1700000946,3,1701300958,502,58.56390953807785,43.453521294657016,1.0,0.0,69.0,0.0,1.39167407540113,0.0,0.7947029999999999,1.1051577999999993,1.0,827
azure2019,http,test,no_budget_horizon,72,1700000946,3,1701300958,502,58.79381042770211,43.59076040995254,1.0,0.0,71.0,0.0,0.3737538065979322,0.0,0.774856,0.8519322999999998,1.0,827
azure2019,http,test,blackbox_matched_weight,72,1700000946,3,1701300958,502,58.46159305859506,43.406264493646745,0.9978146319639668,0.0,72.0,0.0,1.7893834618741078,0.8177996530319849,0.374936,0.5122550999999999,1.0,827
azure2019,http,test,dap,72,1700000946,4,1701400961,2525,58.56883126820089,43.34434208539027,1.0,0.0,65.0,0.0,1.3707833976882924,0.0,0.808792765625,1.0085337,1.0,827
azure2019,http,test,no_budget_horizon,72,1700000946,4,1701400961,2525,58.82811052727614,43.59504615292401,1.0,0.0,67.0,0.0,0.2248176840777205,0.0,0.8424534687499999,1.113914599999999,1.0,827
azure2019,http,test,blackbox_matched_weight,72,1700000946,4,1701400961,2525,58.69651803074156,43.51933378498151,1.0,0.0,67.0,0.0,0.8281621711192324,0.0,0.6492395,1.38406765,1.0,827
azure2019,async,test,dap,72,1700000947,0,1700000947,2494,-70.89281061584856,-34.02494510550041,0.887591322622611,0.40625,72.0,0.0,757.5874325910574,49.70385962300406,0.53602628125,0.86396515,1.0,828
azure2019,async,test,no_budget_horizon,72,1700000947,0,1700000947,2494,-77.82072689822115,-38.35712917307461,0.883562832670149,0.421875,72.0,0.0,813.3374143961636,51.48514113757624,0.6034771562499999,1.1269177,1.0,828
azure2019,async,test,blackbox_matched_weight,72,1700000947,0,1700000947,2494,-110.15959991943652,-59.61806711337189,0.863148480424506,0.484375,72.0,0.0,1096.6149246468196,60.51177610905127,0.2312520625,0.3692696,1.0,828
azure2019,async,test,dap,72,1700000947,1,1700100950,265,57.86211418810569,43.004681203904994,1.0,0.0,32.0,0.0,3.928964000663009,0.0,0.773861875,0.8665973499999999,1.0,828
azure2019,async,test,no_budget_horizon,72,1700000947,1,1700100950,265,58.446828682421206,43.36946968143385,1.0,0.0,60.0,0.0,1.9483971616886828,0.0,0.736844359375,0.7855648,1.0,828
azure2019,async,test,blackbox_matched_weight,72,1700000947,1,1700100950,265,58.39886466179198,43.35357764924705,1.0,0.0,72.0,0.0,1.9794190372922584,0.0,0.357662,0.39518075,1.0,828
azure2019,async,test,dap,72,1700000947,2,1700200953,3421,-75.2843585932703,-36.76130736402792,0.883319506148439,0.421875,72.0,0.0,789.6240417468593,52.00500232485194,0.5285265781250001,0.8380717,1.0,828
azure2019,async,test,no_budget_horizon,72,1700000947,2,1700200953,3421,-76.8501757066465,-38.227074015492704,0.883319506148439,0.421875,72.0,0.0,799.7143637040526,52.00500232485194,0.531592546875,0.8064094,1.0,828
azure2019,async,test,blackbox_matched_weight,72,1700000947,2,1700200953,3421,-105.08030892831444,-56.58656320027746,0.8666357918826952,0.484375,72.0,0.0,1030.0210480193011,59.44100615494338,0.61169315625,1.4324967,1.0,828
azure2019,async,test,dap,72,1700000947,3,1700300956,2894,47.67405279447472,36.90243329965616,0.9828006576510112,0.03125,72.0,0.0,38.01650884312383,6.788510089949092,1.642394796875,1.8542569,1.0,828
azure2019,async,test,no_budget_horizon,72,1700000947,3,1700300956,2894,31.0765581878746,26.11311975741394,0.9820100843189706,0.046875,72.0,0.0,121.49275991100156,7.10054615112551,1.0206795,1.82749525,1.0,828
azure2019,async,test,blackbox_matched_weight,72,1700000947,3,1700300956,2894,25.41132699694974,24.8468898635931,0.9608568817803952,0.140625,72.0,0.0,110.75998901210347,15.44962868894119,0.323471625,0.3989335499999999,1.0,828
azure2019,async,test,dap,72,1700000947,4,1700400959,310,57.768436206495,42.823757333890256,1.0,0.0,40.0,0.0,4.3210131321248735,0.0,0.74877665625,0.77469665,1.0,828
azure2019,async,test,no_budget_horizon,72,1700000947,4,1700400959,310,57.28171205944706,42.70278440167343,1.0,0.0,65.0,0.0,8.004410885270529,0.0,0.7664748906250001,0.8569753999999998,1.0,828
azure2019,async,test,blackbox_matched_weight,72,1700000947,4,1700400959,310,56.71268173753061,42.40180728717433,0.9910956827536668,0.0,72.0,0.0,10.422750504436298,3.0551479262181367,0.344628078125,0.36685755,1.0,828
azure2019,http,test,dap,72,1700000947,0,1701000950,692,48.74407299893845,37.68144644451553,0.9822211874878394,0.03125,72.0,0.0,32.09214874068276,7.018163727444879,0.706332234375,0.8064889999999999,1.0,828
azure2019,http,test,no_budget_horizon,72,1700000947,0,1701000950,692,38.285647619324806,30.09812745560596,0.99487151195205,0.0,71.0,0.0,115.06118550592636,2.0244641631795552,1.064994625,1.8746027,1.0,828
azure2019,http,test,blackbox_matched_weight,72,1700000947,0,1701000950,692,9.424912155706522,15.610533167233676,0.9479546986866444,0.203125,72.0,0.0,176.22654854586457,20.544816793106644,0.4521297656249999,1.3324538,1.0,828
azure2019,http,test,dap,72,1700000947,1,1701100953,2239,58.4447623246117,43.36496706721258,1.0,0.0,66.0,0.0,1.7530504466258092,0.0,0.834284,1.13983035,1.0,828
azure2019,http,test,no_budget_horizon,72,1700000947,1,1701100953,2239,58.519413679637246,43.39578117639966,1.0,0.0,64.0,0.0,1.617288835074408,0.0,0.8175473125,1.0626440999999995,1.0,828
azure2019,http,test,blackbox_matched_weight,72,1700000947,1,1701100953,2239,58.42853752468248,43.36777993812812,1.0,0.0,72.0,0.0,1.8585315819162984,0.0,0.39389465625,0.5012903999999999,1.0,828
azure2019,http,test,dap,72,1700000947,2,1701200956,4180,58.55389738511959,43.45509028378591,1.0,0.0,64.0,0.0,1.318383839641851,0.0,0.798918953125,0.8995015,1.0,828
azure2019,http,test,no_budget_horizon,72,1700000947,2,1701200956,4180,58.80454990799751,43.59352182023768,1.0,0.0,65.0,0.0,0.3291632384699623,0.0,0.763332421875,0.82931825,1.0,828
azure2019,http,test,blackbox_matched_weight,72,1700000947,2,1701200956,4180,58.28407317816594,43.26679061955048,1.0,0.0,72.0,0.0,2.480182648024819,0.0,0.367945953125,0.39224515,1.0,828
azure2019,http,test,dap,72,1700000947,3,1701300959,3606,58.50900729960988,43.41818816955224,1.0,0.0,63.0,0.0,1.4657519394012697,0.0,0.7986178749999999,1.105077349999999,1.0,828
azure2019,http,test,no_budget_horizon,72,1700000947,3,1701300959,3606,58.65262833143911,43.51446964395025,1.0,0.0,64.0,0.0,1.0212336299886546,0.0,0.773130484375,0.8089881,1.0,828
azure2019,http,test,blackbox_matched_weight,72,1700000947,3,1701300959,3606,58.16645183319059,43.25908965374984,0.9960178686829548,0.0,72.0,0.0,3.0180386637152594,1.4357677254825996,0.36394340625,0.4019400999999999,1.0,828
azure2019,http,test,dap,72,1700000947,4,1701400962,1265,58.62517362254228,43.45937744848771,1.0,0.0,65.0,0.0,1.054234384415702,0.0,0.7851874062499999,0.8723777999999999,1.0,828
azure2019,http,test,no_budget_horizon,72,1700000947,4,1701400962,1265,58.43410137728226,43.34890164966188,1.0,0.0,64.0,0.0,2.0242913017141966,0.0,0.807643828125,0.9713489,1.0,828
azure2019,http,test,blackbox_matched_weight,72,1700000947,4,1701400962,1265,57.45082181171114,42.842509172921496,0.9939913310486516,0.0,72.0,0.0,6.270567733121298,2.23357994049113,0.368743640625,0.45766775,1.0,828
azure2019,async,test,dap,72,1700000948,0,1700000948,3318,-70.31619813994564,-32.78718776494456,0.8744559150960621,0.390625,72.0,0.0,799.4944302679384,55.21315555941108,0.5188065,0.7650943499999999,1.0,829
azure2019,async,test,no_budget_horizon,72,1700000948,0,1700000948,3318,-211.4292008250204,-128.69913396261893,0.7994233235158934,0.671875,72.0,0.0,2026.883288838406,88.21181219951904,0.39210875,0.7969162999999998,1.0,829
azure2019,async,test,blackbox_matched_weight,72,1700000948,0,1700000948,3318,-77.32276714608984,-37.26141657406883,0.8699083001795828,0.40625,72.0,0.0,855.974488879378,57.21315555941108,0.25840465625,0.4210641499999998,1.0,829
azure2019,async,test,dap,72,1700000948,1,1700100951,742,-2.353529041289812,8.731949282837647,0.938705401212718,0.234375,72.0,0.0,261.04750843588096,24.874677807077752,0.630784953125,0.91691975,1.0,829
azure2019,async,test,no_budget_horizon,72,1700000948,1,1700100951,742,-59.912399263791016,-26.806887891491236,0.893920440310291,0.390625,72.0,0.0,665.3951122457775,43.04938642890164,0.516858359375,0.7667842,1.0,829
azure2019,async,test,blackbox_matched_weight,72,1700000948,1,1700100951,742,-6.85320714251344,5.888779318396556,0.9359287788209868,0.25,72.0,0.0,283.7511986711654,26.001491404894598,0.287515328125,0.3710478,1.0,829
azure2019,async,test,dap,72,1700000948,2,1700200954,1693,39.96770479481141,33.180925920913566,0.9726013541439988,0.078125,72.0,0.0,54.32166568279851,10.838402848460706,0.6596143906249999,0.7701172999999999,1.0,829
azure2019,async,test,no_budget_horizon,72,1700000948,2,1700200954,1693,-26.43214673332715,-5.721194552247548,0.910332375028649,0.296875,72.0,0.0,431.1771413958807,35.47087133473534,0.553223828125,0.76213455,1.0,829
azure2019,async,test,blackbox_matched_weight,72,1700000948,2,1700200954,1693,17.81035283199181,20.59864157774346,0.9528794620008784,0.171875,72.0,0.0,141.49656842366556,18.64002242865663,0.304372953125,0.3645536,1.0,829
azure2019,async,test,dap,72,1700000948,3,1700300957,3281,-60.04897890299173,-26.895785756537432,0.889797152482678,0.390625,72.0,0.0,663.9038462002956,47.77802426368813,0.5261961562499999,0.7805342999999999,1.0,829
azure2019,async,test,no_budget_horizon,72,1700000948,3,1700300957,3281,-213.33088072580185,-130.94305037490574,0.8054131695991441,0.6875,72.0,0.0,2021.9122201183425,84.3623782300628,0.381814046875,0.7522106000000001,1.0,829
azure2019,async,test,blackbox_matched_weight,72,1700000948,3,1700300957,3281,-85.68616683369078,-43.43332285154792,0.8739867694775316,0.453125,72.0,0.0,863.3967218403495,54.63255551996394,0.2417153125,0.37777255,1.0,829
azure2019,async,test,dap,72,1700000948,4,1700400960,3117,33.213150805185606,29.34847736032347,0.96918766324851,0.109375,72.0,0.0,74.19109701186507,12.212983061576368,0.723159390625,1.00808645,1.0,829
azure2019,async,test,no_budget_horizon,72,1700000948,4,1700400960,3117,-37.859876105414784,-13.182354558150196,0.9143540105791932,0.34375,72.0,0.0,474.1900131431463,33.94721492642667,0.549755953125,0.8546592999999999,1.0,829
azure2019,async,test,blackbox_matched_weight,72,1700000948,4,1700400960,3117,28.769187154813597,26.782437585995005,0.9653265532127224,0.125,72.0,0.0,93.22928978657248,13.743398357445717,0.31341365625,0.38006805,1.0,829
azure2019,http,test,dap,72,1700000948,0,1701000951,677,46.40409068920586,36.71098883323156,0.9786093122515952,0.046875,72.0,0.0,37.07591990339945,8.372654911585855,0.721625078125,0.8821579499999997,1.0,829
azure2019,http,test,no_budget_horizon,72,1700000948,0,1701000951,677,9.9221294583254,16.001096316902363,0.949069503746997,0.203125,72.0,0.0,175.04730304340023,19.93500511146558,0.64797859375,1.0224066,1.0,829
azure2019,http,test,blackbox_matched_weight,72,1700000948,0,1701000951,677,29.792880928254483,27.390929757669543,0.9654289490438634,0.125,72.0,0.0,86.93132098964307,13.531658401594356,0.31691903125,0.4041456999999999,1.0,829
azure2019,http,test,dap,72,1700000948,1,1701100954,830,-47.59326413236781,-19.097832578201054,0.90137349338289,0.359375,72.0,0.0,565.9922231938189,41.2889176652499,0.5331175312499999,0.8273438999999999,1.0,829
azure2019,http,test,no_budget_horizon,72,1700000948,1,1701100954,830,-172.47721103575023,-103.71037446354892,0.8359136034487399,0.65625,72.0,0.0,1547.6554943363824,68.69299085583937,0.39301721875,0.772273,1.0,829
azure2019,http,test,blackbox_matched_weight,72,1700000948,1,1701100954,830,-40.3164980701044,-14.567076064216192,0.9069182493617371,0.34375,72.0,0.0,507.63463320673526,38.96766569215396,0.268618359375,0.4132191999999998,1.0,829
azure2019,http,test,dap,72,1700000948,2,1701200957,4093,57.87552309556051,42.98882246332439,0.9975491445781492,0.0,72.0,0.0,4.354406134958845,0.9394790669520612,0.76101728125,0.9694334,1.0,829
azure2019,http,test,no_budget_horizon,72,1700000948,2,1701200957,4093,26.293378060210728,25.52417965061129,0.9653471050900628,0.140625,72.0,0.0,99.5815049766698,13.283390397868036,0.6409836718749999,0.7999273499999999,1.0,829
azure2019,http,test,blackbox_matched_weight,72,1700000948,2,1701200957,4093,56.37757145460053,42.14186832999254,0.9907968312460916,0.0,72.0,0.0,11.896472079422304,3.5278231089596237,0.3453276249999999,0.3950263499999999,1.0,829
azure2019,http,test,dap,72,1700000948,3,1701300960,2064,58.82677295231805,43.60805512808479,1.0,0.0,64.0,0.0,0.2344114768441638,0.0,0.746306671875,0.813777,1.0,829
azure2019,http,test,no_budget_horizon,72,1700000948,3,1701300960,2064,55.30176830151868,41.68466995076781,0.9902613720641804,0.0,72.0,0.0,17.269976316895836,3.366192163959429,0.6780519843749999,0.79245345,1.0,829
azure2019,http,test,blackbox_matched_weight,72,1700000948,3,1701300960,2064,58.82677295231805,43.60805512808479,1.0,0.0,64.0,0.0,0.2344114768441638,0.0,0.363698046875,0.39028735,1.0,829
azure2019,http,test,dap,72,1700000948,4,1701400963,1802,58.766512072401255,43.580155979891,1.0,0.0,61.0,0.0,0.4605859655961737,0.0,0.772937515625,0.8865833499999998,1.0,829
azure2019,http,test,no_budget_horizon,72,1700000948,4,1701400963,1802,55.24906220129249,41.66913679666534,0.9872703823747164,0.0,72.0,0.0,18.16272983344374,4.260159080151052,0.70469225,0.8926019499999999,1.0,829
azure2019,http,test,blackbox_matched_weight,72,1700000948,4,1701400963,1802,58.83281761909892,43.61878282205511,1.0,0.0,64.0,0.0,0.2071480977843371,0.0,0.3777698124999999,0.4593101,1.0,829
azure2019,async,test,dap,96,1700000939,0,1700000939,470,56.9010589890876,42.18933101331723,1.0,0.0,43.0,0.0,8.008688326374452,0.0,0.996547734375,1.8486226,1.0,820
azure2019,async,test,no_budget_horizon,96,1700000939,0,1700000939,470,57.69074922750301,42.74649199059741,1.0,0.0,49.0,0.0,4.9254503198882365,0.0,1.761619484375,1.8244133,1.0,820
azure2019,async,test,blackbox_matched_weight,96,1700000939,0,1700000939,470,57.347055261011576,42.42968894854652,1.0,0.0,53.0,0.0,6.318020649051939,0.0,1.305849578125,1.38966475,1.0,820
azure2019,async,test,dap,96,1700000939,1,1700100942,521,57.76773008515688,42.87038679665884,1.0,0.0,59.0,0.0,4.602145001978367,0.0,1.68720946875,1.77481105,1.0,820
azure2019,async,test,no_budget_horizon,96,1700000939,1,1700100942,521,57.7276985664912,42.77867298961535,1.0,0.0,61.0,0.0,4.996882773691232,0.0,1.6968851875,1.7925011,1.0,820
azure2019,async,test,blackbox_matched_weight,96,1700000939,1,1700100942,521,58.02889617757758,42.96252276336894,1.0000000000000002,0.0,62.0,0.0,3.53491434653192,0.0,1.312499890625,1.3637879,1.0,820
azure2019,async,test,dap,96,1700000939,2,1700200945,1293,16.237858523054943,19.50182887797247,0.9423854452208468,0.15625,96.0,0.0,180.2482838688943,25.49974001770264,1.52022728125,1.800372,1.0,820
azure2019,async,test,no_budget_horizon,96,1700000939,2,1700200945,1293,14.704756358770464,18.51403104765167,0.9423854452208468,0.15625,96.0,0.0,189.39021230414957,25.49974001770264,1.49791153125,1.75949695,1.0,820
azure2019,async,test,blackbox_matched_weight,96,1700000939,2,1700200945,1293,9.613974328106991,15.605342115364376,0.9342628066377392,0.171875,96.0,0.0,225.92145258097187,29.094754730928244,1.072614484375,1.32040735,1.0,820
azure2019,async,test,dap,96,1700000939,3,1700300948,4068,54.2396266226313,40.16526709498992,1.0,0.0,91.0,0.0,22.18705287222401,0.0,1.124393515625,1.67655265,1.0,820
azure2019,async,test,no_budget_horizon,96,1700000939,3,1700300948,4068,54.69430588470564,40.45623216010355,1.0,0.0,90.0,0.0,19.531716126426154,0.0,1.497879046875,1.84010545,1.0,820
azure2019,async,test,blackbox_matched_weight,96,1700000939,3,1700300948,4068,48.50709295946193,36.552271973650335,1.0,0.0,92.0,0.0,52.437575526508994,0.0,1.36582109375,1.4122789,1.0,820
azure2019,async,test,dap,96,1700000939,4,1700400951,1537,56.69951416802962,42.12027552747541,1.0,0.0,70.0,0.0,10.40914646827812,0.0,1.719156140625,1.790989,1.0,820
azure2019,async,test,no_budget_horizon,96,1700000939,4,1700400951,1537,56.53777315277912,42.00827165088623,1.0,0.0,71.0,0.0,11.20691865669106,0.0,1.74032625,1.8084097,1.0,820
azure2019,async,test,blackbox_matched_weight,96,1700000939,4,1700400951,1537,55.98575804947031,41.55165529744754,1.0,0.0,71.0,0.0,13.70868449985555,0.0,1.34961765625,1.3911372,1.0,820
azure2019,http,test,dap,96,1700000939,0,1701000942,3740,58.11790045033399,43.07624165622231,1.0,0.0,66.0,0.0,3.347339745215118,0.0,1.7270459375,1.809126,1.0,820
azure2019,http,test,no_budget_horizon,96,1700000939,0,1701000942,3740,58.11790045033399,43.07624165622231,1.0,0.0,66.0,0.0,3.347339745215118,0.0,1.720951578125,1.8234338,1.0,820
azure2019,http,test,blackbox_matched_weight,96,1700000939,0,1701000942,3740,56.41199183371471,41.9626672208447,1.0,0.0,66.0,0.0,11.263006630754171,0.0,1.299080359375,1.33817235,1.0,820
azure2019,http,test,dap,96,1700000939,1,1701100945,306,56.710942213046856,42.042911487790256,1.0,0.0,39.0,0.0,8.374341882667155,0.0,1.701289671875,1.7673536,1.0,820
azure2019,http,test,no_budget_horizon,96,1700000939,1,1701100945,306,57.940834762164094,42.980303676438965,1.0,0.0,52.0,0.0,3.6047868893799793,0.0,1.74190978125,1.835737,1.0,820
azure2019,http,test,blackbox_matched_weight,96,1700000939,1,1701100945,306,57.18081940091864,42.33476811475831,1.0,0.0,48.0,0.0,6.831269312957623,0.0,1.346068359375,1.43220775,1.0,820
azure2019,http,test,dap,96,1700000939,2,1701200948,1221,57.31239801940899,42.38306053159046,0.9999999999999996,0.0,65.0,0.0,6.9709946046083004,0.0,1.71613246875,1.805318,1.0,820
azure2019,http,test,no_budget_horizon,96,1700000939,2,1701200948,1221,57.31239801940899,42.38306053159046,0.9999999999999996,0.0,65.0,0.0,6.9709946046083004,0.0,1.5897476406250002,1.9979320499999995,1.0,820
azure2019,http,test,blackbox_matched_weight,96,1700000939,2,1701200948,1221,57.53519490913226,42.62352853934836,1.0,0.0,66.0,0.0,6.018199290092847,0.0,1.411399484375,1.4787552,1.0,820
azure2019,http,test,dap,96,1700000939,3,1701300951,1135,54.6188833086858,40.57122217039421,1.0,0.0,74.0,0.0,19.289627448471183,0.0,1.8221596875,1.9258907,1.0,820
azure2019,http,test,no_budget_horizon,96,1700000939,3,1701300951,1135,54.51903376376269,40.47958669535562,1.0,0.0,74.0,0.0,19.778372805664176,0.0,1.790105265625,1.92155285,1.0,820
azure2019,http,test,blackbox_matched_weight,96,1700000939,3,1701300951,1135,50.43857534214693,37.8331305298204,1.0,0.0,74.0,0.0,40.248969923623264,0.0,1.339179625,1.4095154,1.0,820
azure2019,http,test,dap,96,1700000939,4,1701400954,1168,54.64277357101858,40.48095150117267,1.0,0.0,74.0,0.0,19.221344767204645,0.0,1.814781,1.9511991,1.0,820
azure2019,http,test,no_budget_horizon,96,1700000939,4,1701400954,1168,54.78608823555941,40.50740049900583,1.0,0.0,73.0,0.0,18.58178287964762,0.0,1.797805921875,1.89195945,1.0,820
azure2019,http,test,blackbox_matched_weight,96,1700000939,4,1701400954,1168,49.27997805862212,36.95933202646515,1.0,0.0,74.0,0.0,46.082555365684655,0.0,1.3698720625,1.4319371499999998,1.0,820
azure2019,async,test,dap,96,1700000940,0,1700000940,3860,27.78555432611113,26.13045444542912,0.958241024490772,0.125,96.0,0.0,108.3208417015458,17.8473289017046,0.7054779375,1.0073151,1.0,821
azure2019,async,test,no_budget_horizon,96,1700000940,0,1700000940,3860,38.74915941205319,29.41518684775229,0.9876151638045042,0.015625,96.0,0.0,96.60233773803202,5.293143384849273,0.8471688749999999,1.4489524999999992,1.0,821
azure2019,async,test,blackbox_matched_weight,96,1700000940,0,1700000940,3860,7.58474662459363,14.659762328772466,0.9400572888364302,0.203125,96.0,0.0,206.669692792293,25.61885842145962,0.3524460781249999,0.5616519,1.0,821
azure2019,async,test,dap,96,1700000940,1,1700100943,14,58.00815210308163,43.06396054766323,1.0,0.0,23.0,0.0,3.4367180408555047,0.0,0.7571079218750001,0.7899548000000001,1.0,821
azure2019,async,test,no_budget_horizon,96,1700000940,1,1700100943,14,56.00956730822324,41.65800759884836,1.0,0.0,14.0,0.0,11.44614046705792,0.0,1.1100058125,1.9301431,1.0,821
azure2019,async,test,blackbox_matched_weight,96,1700000940,1,1700100943,14,58.690171853481786,43.52188501302403,1.0,0.0,61.0,0.0,0.7800989948142361,0.0,0.38958003125,0.5252738999999997,1.0,821
azure2019,async,test,dap,96,1700000940,2,1700200946,2751,55.938572132887,41.54284552153527,1.0,0.0,76.0,0.0,13.215002669916307,0.0,0.991507296875,1.9091574,1.0,821
azure2019,async,test,no_budget_horizon,96,1700000940,2,1700200946,2751,50.13362970977211,37.28584183407747,1.0000000000000002,0.0,73.0,0.0,43.815555169952326,0.0,0.801446828125,1.1033750999999998,1.0,821
azure2019,async,test,blackbox_matched_weight,96,1700000940,2,1700200946,2751,55.45883296130529,41.40761299205472,1.0,0.0,82.0,0.0,15.483183247484035,0.0,0.3636274375,0.3944726499999999,1.0,821
azure2019,async,test,dap,96,1700000940,3,1700300949,1113,-60.523632251288674,-26.80847720692937,0.8845951527145065,0.359375,96.0,0.0,728.7188853417749,54.2331352627648,0.5757488125000001,0.765899,1.0,821
azure2019,async,test,no_budget_horizon,96,1700000940,3,1700300949,1113,-32.67022340155258,-10.44563886356442,0.9085934424695292,0.28125,96.0,0.0,499.4401608080749,42.95542444755566,0.575604078125,0.7626164000000001,1.0,821
azure2019,async,test,blackbox_matched_weight,96,1700000940,3,1700300949,1113,-107.20416329373064,-56.299861482459285,0.8521120985005645,0.453125,96.0,0.0,1148.237956193742,69.49816021075823,0.2427101875,0.36895655,1.0,821
azure2019,async,test,dap,96,1700000940,4,1700400952,1102,-41.44196731231095,-14.62138343341716,0.8899809466186256,0.296875,96.0,0.0,617.3943039777007,51.98218707918284,0.6099471875,0.8591089,1.0,821
azure2019,async,test,no_budget_horizon,96,1700000940,4,1700400952,1102,-34.897064497407705,-11.766605782187636,0.9020397139371278,0.28125,96.0,0.0,533.5678648413016,46.28461852692659,0.61414990625,0.8229525999999999,1.0,821
azure2019,async,test,blackbox_matched_weight,96,1700000940,4,1700400952,1102,-91.27182307976288,-45.5114303932464,0.8524316212031571,0.40625,96.0,0.0,1042.7277838369478,69.72362366178878,0.2508536718749999,0.3706483,1.0,821
azure2019,http,test,dap,96,1700000940,0,1701000943,886,48.689742198869,37.752343517735625,0.982253767824842,0.03125,96.0,0.0,33.35533160655804,7.388205081651133,0.7435682031249999,0.8341109,1.0,821
azure2019,http,test,no_budget_horizon,96,1700000940,0,1701000943,886,42.53896567390472,31.61039372354262,1.0000000000000002,0.0,92.0,0.0,85.2008843114805,0.0,0.8318431718750001,1.0019774499999998,1.0,821
azure2019,http,test,blackbox_matched_weight,96,1700000940,0,1701000943,886,32.870585725714875,29.183319706834634,0.9675418647004204,0.109375,96.0,0.0,79.59660214139872,13.513142271234702,0.38310021875,0.5443176999999999,1.0,821
azure2019,http,test,dap,96,1700000940,1,1701100946,3676,58.38795744631472,43.32655244311701,1.0,0.0,64.0,0.0,2.228285566084436,0.0,0.788075859375,0.9160576,1.0,821
azure2019,http,test,no_budget_horizon,96,1700000940,1,1701100946,3676,56.03364208008118,41.64983352509133,1.0,0.0,56.0,0.0,12.141336114393042,0.0,0.7912495625,0.9054113,1.0,821
azure2019,http,test,blackbox_matched_weight,96,1700000940,1,1701100946,3676,58.38795744631472,43.32655244311701,1.0,0.0,68.0,0.0,2.228285566084436,0.0,0.41348034375,0.5137641499999998,1.0,821
azure2019,http,test,dap,96,1700000940,2,1701200949,840,35.773828032850616,30.65427131943588,0.965434861316556,0.09375,96.0,0.0,73.99159013730545,14.57820107926037,0.748008046875,1.0910873499999998,1.0,821
azure2019,http,test,no_budget_horizon,96,1700000940,2,1701200949,840,41.91887983047668,31.143580939419437,0.9972592070382924,0.0,95.0,0.0,88.77522119278078,1.155957488795793,0.7785140312500001,0.9063852499999998,1.0,821
azure2019,http,test,blackbox_matched_weight,96,1700000940,2,1701200949,840,18.951007057781165,21.31586950863909,0.947769651625604,0.15625,96.0,0.0,154.13627296813823,22.028684103225363,0.36597646875,0.5850207499999999,1.0,821
azure2019,http,test,dap,96,1700000940,3,1701300952,3544,57.861176315191656,42.98044323127101,1.0,0.0,53.0,0.0,4.109640480565247,0.0,0.7915270937500001,0.92295715,1.0,821
azure2019,http,test,no_budget_horizon,96,1700000940,3,1701300952,3544,54.58298036383147,40.6387198220486,1.0,0.0,34.0,0.0,17.466894726104186,0.0,0.7755029375,0.8393900999999999,1.0,821
azure2019,http,test,blackbox_matched_weight,96,1700000940,3,1701300952,3544,58.72607172528356,43.557785012701885,1.0,0.0,67.0,0.0,0.6876125571308647,0.0,0.42895171875,0.6340497999999992,1.0,821
azure2019,http,test,dap,96,1700000940,4,1701400955,4127,57.20755205388281,42.345843534954,1.0,0.0,71.0,0.0,7.472233015520009,0.0,0.804647703125,1.0029666,1.0,821
azure2019,http,test,no_budget_horizon,96,1700000940,4,1701400955,4127,53.14449653694902,39.39489914843816,1.0,0.0,65.0,0.0,26.762636412851705,0.0,0.76818740625,0.81258245,1.0,821
azure2019,http,test,blackbox_matched_weight,96,1700000940,4,1701400955,4127,57.4293482405976,42.55234672734884,1.0,0.0,77.0,0.0,6.439791991485403,0.0,0.388193453125,0.40924465,1.0,821
azure2019,async,test,dap,96,1700000941,0,1700000941,3252,44.21985294451906,35.018076934009365,0.9786908783956044,0.046875,96.0,0.0,48.33399072676086,9.107532667291633,1.01625346875,1.78746145,1.0,822
azure2019,async,test,no_budget_horizon,96,1700000941,0,1700000941,3252,47.91386953757565,36.36961849594576,0.9873358255251244,0.015625,96.0,0.0,46.16102245041334,5.412676546480505,1.190568734375,1.80493705,1.0,822
azure2019,async,test,blackbox_matched_weight,96,1700000941,0,1700000941,3252,35.08799936168468,29.7128502150285,0.9726062950704836,0.078125,96.0,0.0,81.70915925471394,11.708087604711835,0.360135328125,0.4689939999999999,1.0,822
azure2019,async,test,dap,96,1700000941,1,1700100944,98,58.13165569149923,43.10188994759215,1.0000000000000002,0.0,12.0,0.0,3.2651115711888243,0.0,1.70289953125,1.8593508,1.0,822
azure2019,async,test,no_budget_horizon,96,1700000941,1,1700100944,98,58.640158746562975,43.47222139166665,1.0,0.0,66.0,0.0,1.0941692797955227,0.0,1.43799865625,1.7478567999999997,1.0,822
azure2019,async,test,blackbox_matched_weight,96,1700000941,1,1700100944,98,58.543557727567176,43.394330270262806,1.0000000000000002,0.0,25.0,0.0,1.3380171731880752,0.0,0.3771451718749999,0.4890776999999999,1.0,822
azure2019,async,test,dap,96,1700000941,2,1700200947,540,57.19666693556708,42.27030706893184,1.0,0.0,65.0,0.0,7.523091530348825,0.0,1.716460796875,1.93556365,1.0,822
azure2019,async,test,no_budget_horizon,96,1700000941,2,1700200947,540,57.46216566888128,42.46578278510217,1.0,0.0,69.0,0.0,6.510622707298088,0.0,1.865292625,1.97032505,1.0,822
azure2019,async,test,blackbox_matched_weight,96,1700000941,2,1700200947,540,56.59643111460245,41.94415829198004,1.0,0.0,67.0,0.0,9.95386427690557,0.0,1.2567116875000002,1.5428509499999996,1.0,822
azure2019,async,test,dap,96,1700000941,3,1700300950,297,57.28801093455534,42.45625290029617,1.0,0.0,35.0,0.0,6.328530821864341,0.0,1.766226390625,2.0827458999999995,1.0,822
azure2019,async,test,no_budget_horizon,96,1700000941,3,1700300950,297,58.68836653764509,43.48043889074911,1.0,0.0,67.0,0.0,0.8494757839417888,0.0,1.079576296875,1.3742088499999998,1.0,822
azure2019,async,test,blackbox_matched_weight,96,1700000941,3,1700300950,297,57.050557366099184,42.16413381024642,1.0,0.0,45.0,0.0,7.643797476129775,0.0,0.449996890625,0.6723197999999999,1.0,822
azure2019,async,test,dap,96,1700000941,4,1700400953,1207,21.4868848099462,22.14383571834912,0.9492935372858724,0.140625,96.0,0.0,143.31490174204222,22.43539132790979,1.54353,2.03875085,1.0,822
azure2019,async,test,no_budget_horizon,96,1700000941,4,1700400953,1207,24.9757845613978,23.838747105621454,0.9551054918959958,0.125,96.0,0.0,123.6092207796222,19.86385568770357,1.66833240625,1.92451455,1.0,822
azure2019,async,test,blackbox_matched_weight,96,1700000941,4,1700400953,1207,15.829017295831662,17.637420182010754,0.9471183044775434,0.140625,96.0,0.0,181.39831790148327,23.39783667850161,1.260701734375,1.4728184,1.0,822
azure2019,http,test,dap,96,1700000941,0,1701000944,3466,58.45673024533516,43.29776866731364,1.0,0.0,59.0,0.0,1.7091274417485185,0.0,1.860162328125,1.9876556,1.0,822
azure2019,http,test,no_budget_horizon,96,1700000941,0,1701000944,3466,58.88,43.64512314764825,1.0,0.0,65.0,0.0,0.0,0.0,1.816882703125,2.01448655,1.0,822
azure2019,http,test,blackbox_matched_weight,96,1700000941,0,1701000944,3466,56.62259276708552,41.91769655918037,1.0,0.0,49.0,0.0,9.061413052020235,0.0,1.355334234375,1.4878280499999998,1.0,822
azure2019,http,test,dap,96,1700000941,1,1701100947,1364,58.10720742994482,43.09073063356095,1.0000000000000002,0.0,53.0,0.0,3.002729727162968,0.0,1.74304725,1.89028765,1.0,822
azure2019,http,test,no_budget_horizon,96,1700000941,1,1701100947,1364,58.88,43.64512314764825,1.0,0.0,65.0,0.0,0.0,0.0,1.762568375,1.86117905,1.0,822
azure2019,http,test,blackbox_matched_weight,96,1700000941,1,1701100947,1364,56.6525847985552,41.951064177967694,1.0,0.0,45.0,0.0,8.739411806647723,0.0,1.32695771875,1.3887600999999998,1.0,822
azure2019,http,test,dap,96,1700000941,2,1701200950,744,53.75126753413042,39.64842557780898,1.0,0.0,88.0,0.0,23.75707080527,0.0,1.79396225,1.88201475,1.0,822
azure2019,http,test,no_budget_horizon,96,1700000941,2,1701200950,744,45.58959063291752,33.357666717073286,1.0,0.0,86.0,0.0,70.13644070015036,0.0,1.810314546875,1.8967654,1.0,822
azure2019,http,test,blackbox_matched_weight,96,1700000941,2,1701200950,744,49.45594619813588,36.04991181526585,1.0,0.0,91.0,0.0,48.02991915148364,0.0,1.365726078125,1.4202500999999998,1.0,822
azure2019,http,test,dap,96,1700000941,3,1701300953,4141,56.12986845695413,41.41885002746996,1.0,0.0,68.0,0.0,12.674028935472386,0.0,1.80765959375,1.8853929,1.0,822
azure2019,http,test,no_budget_horizon,96,1700000941,3,1701300953,4141,52.8786216213154,38.55894598309579,1.0,0.0,67.0,0.0,28.65072306362809,0.0,1.800242796875,1.88032845,1.0,822
azure2019,http,test,blackbox_matched_weight,96,1700000941,3,1701300953,4141,54.18926705650781,39.507501389630455,1.0,0.0,69.0,0.0,22.364647457263903,0.0,1.31332909375,1.3607634000000002,1.0,822
azure2019,http,test,dap,96,1700000941,4,1701400956,246,58.443611906901765,43.29450636590677,1.0,0.0,56.0,0.0,1.6542916370599483,0.0,1.72092671875,1.8325877,1.0,822
azure2019,http,test,no_budget_horizon,96,1700000941,4,1701400956,246,58.88,43.64512314764825,1.0,0.0,65.0,0.0,0.0,0.0,1.76408871875,1.85110025,1.0,822
azure2019,http,test,blackbox_matched_weight,96,1700000941,4,1701400956,246,56.426448469889785,41.84311494579912,1.0,0.0,46.0,0.0,9.545063584350764,0.0,1.326302546875,1.4185826,1.0,822
azure2019,async,test,dap,96,1700000942,0,1700000942,1105,-52.61298964692442,-21.48978361061652,0.8845984018700914,0.328125,96.0,0.0,699.4980392712137,54.472229429091286,0.56285528125,0.7665071,1.0,823
azure2019,async,test,no_budget_horizon,96,1700000942,0,1700000942,1105,-52.968654079841286,-21.80351892822287,0.8845984018700914,0.328125,96.0,0.0,701.4317641964024,54.472229429091286,0.572615109375,0.8179910499999998,1.0,823
azure2019,async,test,blackbox_matched_weight,96,1700000942,0,1700000942,1105,-50.17649348700384,-20.273610098980324,0.8892591899183626,0.328125,96.0,0.0,660.2438250563862,52.27222942909128,0.3162210937499999,0.40107725,1.0,823
azure2019,async,test,dap,96,1700000942,1,1700100945,4107,33.65959974868456,29.72577505940324,0.9660109878337868,0.109375,96.0,0.0,74.77223612581659,13.830371359662196,1.5257636875,1.7798089,1.0,823
azure2019,async,test,no_budget_horizon,96,1700000942,1,1700100945,4107,49.96227407596984,38.617478661455806,0.9807361506288148,0.03125,96.0,0.0,26.987499602340268,7.838597642002789,1.589930609375,1.750025,1.0,823
azure2019,async,test,blackbox_matched_weight,96,1700000942,1,1700100945,4107,17.78496128713417,20.652024122285237,0.952945771146002,0.171875,96.0,0.0,142.04024538071144,19.14670117245209,1.115148578125,1.3799882499999998,1.0,823
azure2019,async,test,dap,96,1700000942,2,1700200948,3663,-11.776972123377249,3.2636741749984823,0.9158119979780308,0.25,96.0,0.0,349.65958250438666,37.64553972772938,1.38816815625,1.77993315,1.0,823
azure2019,async,test,no_budget_horizon,96,1700000942,2,1700200948,3663,-11.754147236488803,3.280898741039789,0.9158119979780308,0.25,96.0,0.0,349.5651249823054,37.64553972772938,1.376653390625,1.7354815,1.0,823
azure2019,async,test,blackbox_matched_weight,96,1700000942,2,1700200948,3663,-17.315099910619594,-0.0105240773199648,0.911213791772192,0.265625,96.0,0.0,387.7939993558673,39.70167540313152,0.966439484375,1.35194355,1.0,823
azure2019,async,test,dap,96,1700000942,3,1700300951,2057,10.879952716225633,16.713169953247785,0.9440928822064332,0.1875,96.0,0.0,196.2891217694462,23.23413171613045,0.7189415937499999,0.9897243,1.0,823
azure2019,async,test,no_budget_horizon,96,1700000942,3,1700300951,2057,28.550844578676333,26.80119522731888,0.9623803783961928,0.125,96.0,0.0,101.10661431801132,15.634131716130447,0.746934625,1.0092392,1.0,823
azure2019,async,test,blackbox_matched_weight,96,1700000942,3,1700300951,2057,10.84385771665812,16.69306525762229,0.9440928822064334,0.1875,96.0,0.0,196.4499057398429,23.23413171613045,0.348938421875,0.557604,1.0,823
azure2019,async,test,dap,96,1700000942,4,1700400954,3377,-5.502091390955052,7.275705379860927,0.917278289553815,0.21875,96.0,0.0,336.37835950226406,36.49974932232608,0.650225109375,0.8821725499999997,1.0,823
azure2019,async,test,no_budget_horizon,96,1700000942,4,1700400954,3377,-2.493460066879008,8.989679564534104,0.9219526971176256,0.21875,96.0,0.0,303.8205329294749,34.43723509976937,0.798172390625,1.9209971999999973,1.0,823
azure2019,async,test,blackbox_matched_weight,96,1700000942,4,1700400954,3377,-5.502091390955052,7.275705379860927,0.917278289553815,0.21875,96.0,0.0,336.37835950226406,36.49974932232608,0.32052734375,0.4787205999999999,1.0,823
azure2019,http,test,dap,96,1700000942,0,1701000945,3725,58.54312813143213,43.4109632742661,1.0,0.0,68.0,0.0,1.469562773683803,0.0,0.8048730625,1.0521575,1.0,823
azure2019,http,test,no_budget_horizon,96,1700000942,0,1701000945,3725,58.498070647048685,43.36854254713714,1.0,0.0,67.0,0.0,1.667166548814543,0.0,0.78130821875,0.9106912999999998,1.0,823
azure2019,http,test,blackbox_matched_weight,96,1700000942,0,1701000945,3725,58.6564539525307,43.509268222031096,1.0,0.0,81.0,0.0,0.9763979347830132,0.0,0.3657619374999999,0.3881128,1.0,823
azure2019,http,test,dap,96,1700000942,1,1701100948,3563,58.88,43.64512314764825,1.0,0.0,65.0,0.0,0.0,0.0,0.76620053125,0.8535162499999998,1.0,823
azure2019,http,test,no_budget_horizon,96,1700000942,1,1701100948,3563,58.88,43.64512314764825,1.0,0.0,65.0,0.0,0.0,0.0,0.7841117656250001,0.9214867,1.0,823
azure2019,http,test,blackbox_matched_weight,96,1700000942,1,1701100948,3563,58.57315374757695,43.41315051459917,1.0,0.0,62.0,0.0,1.2362601991833833,0.0,0.3907905,0.4991141499999997,1.0,823
azure2019,http,test,dap,96,1700000942,2,1701200951,3471,58.88,43.64512314764825,1.0,0.0,64.0,0.0,0.0,0.0,0.7931538437500001,0.8990301999999997,1.0,823
azure2019,http,test,no_budget_horizon,96,1700000942,2,1701200951,3471,58.81387806743263,43.58471962181101,1.0,0.0,63.0,0.0,0.2931326009730224,0.0,0.819198921875,0.9808011999999998,1.0,823
azure2019,http,test,blackbox_matched_weight,96,1700000942,2,1701200951,3471,58.88,43.64512314764825,1.0,0.0,65.0,0.0,0.0,0.0,0.391550734375,0.5510659499999999,1.0,823
azure2019,http,test,dap,96,1700000942,3,1701300954,99,58.767152149515695,43.56433471733928,1.0,0.0,62.0,0.0,0.4407002463355534,0.0,0.8959837812500001,1.15456925,1.0,823
azure2019,http,test,no_budget_horizon,96,1700000942,3,1701300954,99,58.80601762518821,43.59059724825674,1.0,0.0,63.0,0.0,0.294769548533031,0.0,0.82876525,1.1444192,1.0,823
azure2019,http,test,blackbox_matched_weight,96,1700000942,3,1701300954,99,58.29394291795013,43.25071443800498,1.0,0.0,59.0,0.0,2.2500444660364805,0.0,0.35620584375,0.37243445,1.0,823
azure2019,http,test,dap,96,1700000942,4,1701400957,3322,58.88,43.64512314764825,1.0,0.0,65.0,0.0,0.0,0.0,0.734704,0.7603209,1.0,823
azure2019,http,test,no_budget_horizon,96,1700000942,4,1701400957,3322,58.88,43.64512314764825,1.0,0.0,65.0,0.0,0.0,0.0,0.7229578125,0.7487679,1.0,823
azure2019,http,test,blackbox_matched_weight,96,1700000942,4,1701400957,3322,58.789055271780825,43.58304840551028,1.0,0.0,65.0,0.0,0.4083492672666722,0.0,0.35575484375,0.3863138999999999,1.0,823
azure2019,async,test,dap,96,1700000943,0,1700000943,3767,32.41914855434078,28.88534618234494,0.9637035718597045,0.109375,96.0,0.0,85.56945223062026,15.391022209468144,1.1277814687499998,1.80912525,1.0,824
azure2019,async,test,no_budget_horizon,96,1700000943,0,1700000943,3767,32.01399503867061,28.531632232019003,0.9637035718597045,0.109375,96.0,0.0,87.81694004025928,15.391022209468144,1.573577078125,1.8464598,1.0,824
azure2019,async,test,blackbox_matched_weight,96,1700000943,0,1700000943,3767,30.654488985007514,27.757905222310495,0.9637035718597046,0.109375,96.0,0.0,94.75485720316048,15.391022209468144,1.223907328125,1.4855379,1.0,824
azure2019,async,test,dap,96,1700000943,1,1700100946,2977,56.98710220703919,42.37506434538629,1.0000000000000002,0.0,74.0,0.0,8.667143673200766,0.0,1.71481078125,1.81759885,1.0,824
azure2019,async,test,no_budget_horizon,96,1700000943,1,1700100946,2977,57.93585491009891,42.98838071765528,1.0,0.0,77.0,0.0,4.23855905352308,0.0,1.77743065625,1.9105026,1.0,824
azure2019,async,test,blackbox_matched_weight,96,1700000943,1,1700100946,2977,57.7219888896244,42.844814080078194,1.0,0.0,85.0,0.0,5.38260318605497,0.0,1.390650203125,1.4624623,1.0,824
azure2019,async,test,dap,96,1700000943,2,1700200949,2810,55.74952249450356,41.472591875176576,1.0000000000000002,0.0,79.0,0.0,14.034467310505756,0.0,1.858437734375,1.9276135,1.0,824
azure2019,async,test,no_budget_horizon,96,1700000943,2,1700200949,2810,57.12426689275903,42.32070297184689,1.0000000000000002,0.0,83.0,0.0,7.76556670918682,0.0,0.976702078125,1.89494085,1.0,824
azure2019,async,test,blackbox_matched_weight,96,1700000943,2,1700200949,2810,56.09487472803741,41.76936650611726,1.0000000000000002,0.0,89.0,0.0,12.843123796783331,0.0,0.389262875,0.5081302499999998,1.0,824
azure2019,async,test,dap,96,1700000943,3,1700300952,1223,0.878425610139681,10.73634987512579,0.9326192559368728,0.21875,96.0,0.0,253.0579666653457,29.60691146898423,0.650213625,0.8968518999999998,1.0,824
azure2019,async,test,no_budget_horizon,96,1700000943,3,1700300952,1223,-4.114267150215455,7.823921694396997,0.9276123967413712,0.234375,96.0,0.0,286.34101155248896,31.806911468984225,0.61634634375,0.76065535,1.0,824
azure2019,async,test,blackbox_matched_weight,96,1700000943,3,1700300952,1223,0.0884641087572752,10.271866426365474,0.9319569073633498,0.21875,96.0,0.0,259.44979860452827,29.89794558934848,0.30052596875,0.3818274499999999,1.0,824
azure2019,async,test,dap,96,1700000943,4,1700400955,2144,42.29028452097885,34.20617465674506,0.974980766328572,0.0625,96.0,0.0,51.10126156602403,10.52388353462587,0.686935109375,0.8860695499999997,1.0,824
azure2019,async,test,no_budget_horizon,96,1700000943,4,1700400955,2144,35.982468996365625,30.75193876990262,0.9693993143828996,0.09375,96.0,0.0,69.72812874110821,12.8716193206922,0.67258015625,0.8012398,1.0,824
azure2019,async,test,blackbox_matched_weight,96,1700000943,4,1700400955,2144,37.00017623024896,31.273224397926832,0.9715553884881256,0.078125,96.0,0.0,71.83449814779414,11.964706140480242,0.323894578125,0.3696040499999999,1.0,824
azure2019,http,test,dap,96,1700000943,0,1701000946,3911,58.41649839014337,43.26555199164035,1.0,0.0,68.0,0.0,2.0367143185620096,0.0,0.745648984375,0.7982718999999999,1.0,824
azure2019,http,test,no_budget_horizon,96,1700000943,0,1701000946,3911,58.580722128913706,43.42851345362071,1.0,0.0,69.0,0.0,1.3107599426638252,0.0,0.782548796875,1.1025044,1.0,824
azure2019,http,test,blackbox_matched_weight,96,1700000943,0,1701000946,3911,58.53671076383745,43.3817176917136,1.0,0.0,75.0,0.0,1.5259610457010195,0.0,0.360137265625,0.4035079499999998,1.0,824
azure2019,http,test,dap,96,1700000943,1,1701100949,3508,58.39542619787687,43.2799661764799,1.0,0.0,55.0,0.0,1.863280119929957,0.0,0.745521546875,0.8194713999999998,1.0,824
azure2019,http,test,no_budget_horizon,96,1700000943,1,1701100949,3508,58.78438068894076,43.57276510267009,1.0,0.0,62.0,0.0,0.384707739268511,0.0,0.747193609375,0.8265264499999998,1.0,824
azure2019,http,test,blackbox_matched_weight,96,1700000943,1,1701100949,3508,58.5315699435775,43.34242549663753,1.0,0.0,58.0,0.0,1.3559813897984352,0.0,0.363299859375,0.4339575499999997,1.0,824
azure2019,http,test,dap,96,1700000943,2,1701200952,433,58.62955584932048,43.48988518817263,1.0000000000000002,0.0,64.0,0.0,1.135161859714521,0.0,0.753949109375,0.83067825,1.0,824
azure2019,http,test,no_budget_horizon,96,1700000943,2,1701200952,433,58.88,43.64512314764825,1.0,0.0,65.0,0.0,0.0,0.0,0.766687546875,0.8507007999999999,1.0,824
azure2019,http,test,blackbox_matched_weight,96,1700000943,2,1701200952,433,58.75898937405479,43.56966994931973,1.0,0.0,65.0,0.0,0.5518137046427176,0.0,0.35988309375,0.3943805999999999,1.0,824
azure2019,http,test,dap,96,1700000943,3,1701300955,1756,58.07996970115671,43.07623686135644,0.9999999999999998,0.0,30.0,0.0,2.9981557197075093,0.0,0.7520490625,0.8181763,1.0,824
azure2019,http,test,no_budget_horizon,96,1700000943,3,1701300955,1756,58.12676978657451,43.03278779604347,0.9999999999999998,0.0,36.0,0.0,2.831166479167236,0.0,0.7623937968749999,0.8416119999999999,1.0,824
azure2019,http,test,blackbox_matched_weight,96,1700000943,3,1701300955,1756,58.14970840311739,43.06182800379674,0.9999999999999998,0.0,43.0,0.0,2.8278069880251837,0.0,0.358726,0.3758194,1.0,824
azure2019,http,test,dap,96,1700000943,4,1701400958,2871,58.146632336895685,43.0978357109468,1.0,0.0,46.0,0.0,2.767504500216148,0.0,0.85040134375,1.02202665,1.0,824
azure2019,http,test,no_budget_horizon,96,1700000943,4,1701400958,2871,58.74004815259711,43.5170341713097,1.0,0.0,59.0,0.0,0.5249533087116651,0.0,0.782997203125,0.92801785,1.0,824
azure2019,http,test,blackbox_matched_weight,96,1700000943,4,1701400958,2871,58.68157815218484,43.4688992226351,1.0,0.0,60.0,0.0,0.7595093039718162,0.0,0.3689818125,0.4059791,1.0,824
azure2019,async,test,dap,96,1700000944,0,1700000944,2581,20.195577208864293,21.91203700650221,0.9518163137974884,0.15625,96.0,0.0,140.89577938626562,20.53321746225038,1.099131671875,1.9960738,1.0,825
azure2019,async,test,no_budget_horizon,96,1700000944,0,1700000944,2581,20.162963138583464,21.85644190972797,0.9518163137974888,0.15625,96.0,0.0,141.2607329381345,20.53321746225038,0.668191,0.8450308499999999,1.0,825
azure2019,async,test,blackbox_matched_weight,96,1700000944,0,1700000944,2581,31.73671592142679,27.02346815099224,0.9681882695729374,0.078125,96.0,0.0,102.36272591234987,13.556396992211024,0.329369703125,0.3887174999999999,1.0,825
azure2019,async,test,dap,96,1700000944,1,1700100947,1541,57.32639295748099,42.46164799774864,1.0,0.0,73.0,0.0,7.631085702428789,0.0,0.77261075,0.8604202499999999,1.0,825
azure2019,async,test,no_budget_horizon,96,1700000944,1,1700100947,1541,58.07144068945861,43.028067674648014,1.0,0.0,74.0,0.0,3.91611739033851,0.0,0.7762100937499999,0.8829345,1.0,825
azure2019,async,test,blackbox_matched_weight,96,1700000944,1,1700100947,1541,56.92237947095755,42.11104060484404,1.0,0.0,78.0,0.0,9.369731435538494,0.0,0.37996653125,0.4155500499999999,1.0,825
azure2019,async,test,dap,96,1700000944,2,1700200950,154,58.470984618396486,43.292999347077576,1.0,0.0,13.0,0.0,1.569491511336131,0.0,0.775043578125,0.86206415,1.0,825
azure2019,async,test,no_budget_horizon,96,1700000944,2,1700200950,154,58.72876675545806,43.515783787393936,1.0,0.0,15.0,0.0,0.5947100912494729,0.0,0.784170875,0.9210212499999998,1.0,825
azure2019,async,test,blackbox_matched_weight,96,1700000944,2,1700200950,154,58.70664765048152,43.51518819023415,1.0,0.0,39.0,0.0,0.7043538147414568,0.0,0.360031078125,0.3732283,1.0,825
azure2019,async,test,dap,96,1700000944,3,1700300953,818,56.72019088618539,41.87223922336557,1.0,0.0,79.0,0.0,9.872117160164766,0.0,0.771337875,0.8802417499999999,1.0,825
azure2019,async,test,no_budget_horizon,96,1700000944,3,1700300953,818,57.29762225372483,42.39123045126286,1.0,0.0,82.0,0.0,7.177207689062756,0.0,0.7642229218750001,0.8830095499999999,1.0,825
azure2019,async,test,blackbox_matched_weight,96,1700000944,3,1700300953,818,53.97315664398563,39.45854952453237,1.0,0.0,83.0,0.0,23.02146891225562,0.0,0.357123734375,0.3813508,1.0,825
azure2019,async,test,dap,96,1700000944,4,1700400956,1338,-0.2197486659184084,10.038980555159249,0.9367566999862624,0.21875,96.0,0.0,267.7158535621595,27.721780580539946,0.6087597499999999,0.7866843999999998,1.0,825
azure2019,async,test,no_budget_horizon,96,1700000944,4,1700400956,1338,5.733415930705189,13.244070986175132,0.9445133164641252,0.203125,96.0,0.0,221.463806212053,24.321780580539944,0.6344684375,0.8042514,1.0,825
azure2019,async,test,blackbox_matched_weight,96,1700000944,4,1700400956,1338,0.0747962733867906,9.353852819192683,0.9419386039291164,0.203125,96.0,0.0,258.156236847776,25.450368366723943,0.303344421875,0.38582675,1.0,825
azure2019,http,test,dap,96,1700000944,0,1701000947,988,16.166786672812833,19.62173443356744,0.9530860596621012,0.171875,96.0,0.0,157.54702067981955,19.873617624614425,0.66521840625,0.9319542499999998,1.0,825
azure2019,http,test,no_budget_horizon,96,1700000944,0,1701000947,988,12.80965168486659,17.781979706220035,0.9507254456448628,0.1875,96.0,0.0,171.27904427052593,20.873617624614425,0.628809375,0.79817655,1.0,825
azure2019,http,test,blackbox_matched_weight,96,1700000944,0,1701000947,988,40.55532596968237,32.181948995644376,0.9790637818842448,0.046875,96.0,0.0,66.83503343858627,8.86897136205631,0.339054765625,0.39423895,1.0,825
azure2019,http,test,dap,96,1700000944,1,1701100950,744,54.88620325733006,40.82601682259433,0.9895723281084696,0.0,96.0,0.0,19.18211918642417,4.2680614532209376,0.7284850468749999,0.8161409999999998,1.0,825
azure2019,http,test,no_budget_horizon,96,1700000944,1,1701100950,744,52.35710043877293,39.76047297713704,0.984554071510666,0.015625,96.0,0.0,23.783970689927934,6.322041264846405,0.70636465625,0.7785974999999999,1.0,825
azure2019,http,test,blackbox_matched_weight,96,1700000944,1,1701100950,744,50.52180922200357,37.14864034971331,0.9980786866547632,0.0,96.0,0.0,40.255254325620726,0.7863963800995029,0.352239640625,0.3699768,1.0,825
azure2019,http,test,dap,96,1700000944,2,1701200953,2202,58.47569634152893,43.32714009712964,1.0,0.0,64.0,0.0,1.833041886629492,0.0,0.738775640625,0.78328605,1.0,825
azure2019,http,test,no_budget_horizon,96,1700000944,2,1701200953,2202,58.75735960113021,43.56119340587775,1.0,0.0,65.0,0.0,0.5332658904205925,0.0,0.763677515625,0.8564208999999999,1.0,825
azure2019,http,test,blackbox_matched_weight,96,1700000944,2,1701200953,2202,58.47569634152893,43.32714009712964,1.0,0.0,68.0,0.0,1.833041886629492,0.0,0.380784875,0.5527048,1.0,825
azure2019,http,test,dap,96,1700000944,3,1701300956,888,39.4542390255372,32.676428284048555,0.973748827010703,0.078125,96.0,0.0,58.03570435086071,10.911083997274408,0.665099671875,0.7737693499999999,1.0,825
azure2019,http,test,no_budget_horizon,96,1700000944,3,1701300956,888,25.058157052787223,24.816723821997822,0.9605460653362796,0.140625,96.0,0.0,113.02482100452838,16.398703224208113,0.6346324999999999,0.7685500499999999,1.0,825
azure2019,http,test,blackbox_matched_weight,96,1700000944,3,1701300956,888,42.52796117594645,32.9562275682487,0.9832630565293424,0.03125,96.0,0.0,63.94316704292809,6.956572803068061,0.328110578125,0.37150405,1.0,825
azure2019,http,test,dap,96,1700000944,4,1701400959,3256,58.39544037887679,43.26171934842358,1.0,0.0,45.0,0.0,1.8825294014675291,0.0,0.74560809375,0.7720652,1.0,825
azure2019,http,test,no_budget_horizon,96,1700000944,4,1701400959,3256,58.787521551008766,43.570427596070985,1.0,0.0,53.0,0.0,0.3436967775996278,0.0,0.742465953125,0.8205438499999999,1.0,825
azure2019,http,test,blackbox_matched_weight,96,1700000944,4,1701400959,3256,58.6892203507817,43.53650885747979,1.0,0.0,66.0,0.0,0.7398881648330997,0.0,0.4063896875,0.6088870999999998,1.0,825
azure2019,async,test,dap,96,1700000945,0,1700000945,3567,47.17529219307221,36.447782677979085,0.9809138088596348,0.03125,96.0,0.0,41.51926923204791,8.08903549081475,1.68560440625,1.85993695,1.0,826
azure2019,async,test,no_budget_horizon,96,1700000945,0,1700000945,3567,28.616587168599867,26.571069198741775,0.9622908152770748,0.125,96.0,0.0,97.84029171550613,15.981760389495683,1.5083369374999998,1.7619681,1.0,826
azure2019,async,test,blackbox_matched_weight,96,1700000945,0,1700000945,3567,45.78106252829508,34.64046782493543,0.9840377490325598,0.015625,96.0,0.0,58.18053582742202,6.765059284973988,1.241260734375,1.35995195,1.0,826
azure2019,async,test,dap,96,1700000945,1,1700100948,2615,55.777146894027965,41.29817913175907,0.995119460207943,0.0,96.0,0.0,14.390980478649787,2.0092752344111977,1.700975265625,1.80454945,1.0,826
azure2019,async,test,no_budget_horizon,96,1700000945,1,1700100948,2615,56.049027123675536,41.67535233481455,0.9946024342438116,0.0,96.0,0.0,12.881308561170684,2.2221302688005355,1.6731668437499998,1.77291785,1.0,826
azure2019,async,test,blackbox_matched_weight,96,1700000945,1,1700100948,2615,54.264829059798245,40.139675761273296,0.9948655172012144,0.0,96.0,0.0,21.765453050911667,2.1138213330214377,1.260772640625,1.335823,1.0,826
azure2019,async,test,dap,96,1700000945,2,1700200951,3775,38.71546533787935,31.9672355423177,0.9737414418451128,0.078125,96.0,0.0,61.90108320849227,11.089857228024677,1.379712921875,1.7819071,1.0,826
azure2019,async,test,no_budget_horizon,96,1700000945,2,1700200951,3775,36.24691979841556,30.779611641630098,0.9719426737247412,0.09375,96.0,0.0,66.73006619674379,11.849536473304664,0.925884125,1.8111663,1.0,826
azure2019,async,test,blackbox_matched_weight,96,1700000945,2,1700200951,3775,39.30356090886016,31.939626826139023,0.9761092413230475,0.0625,96.0,0.0,66.58362595788262,10.089857228024677,0.35780003125,0.5634826,1.0,826
azure2019,async,test,dap,96,1700000945,3,1700300954,3539,44.42556404985922,34.93762484850748,0.9746689969963224,0.046875,96.0,0.0,49.05649582889028,10.65029075517426,0.734271875,0.96114135,1.0,826
azure2019,async,test,no_budget_horizon,96,1700000945,3,1700300954,3539,38.59043604310028,32.27707060627827,0.967154023173652,0.078125,96.0,0.0,65.84551346707015,13.809923092564985,0.7240685625000001,1.0382269,1.0,826
azure2019,async,test,blackbox_matched_weight,96,1700000945,3,1700300954,3539,41.50303502019089,32.42892907069675,0.9770474299974468,0.046875,96.0,0.0,63.19863350715843,9.65029075517426,0.3830505625,0.5277083,1.0,826
azure2019,async,test,dap,96,1700000945,4,1700400957,2876,56.61719763727869,41.853210632145895,1.0,0.0,86.0,0.0,10.728303605378212,0.0,0.792171375,0.9852164499999996,1.0,826
azure2019,async,test,no_budget_horizon,96,1700000945,4,1700400957,2876,57.663115393584505,42.771945519685616,1.0,0.0,90.0,0.0,5.519343047748112,0.0,0.7638551250000001,0.8605539999999999,1.0,826
azure2019,async,test,blackbox_matched_weight,96,1700000945,4,1700400957,2876,51.98363334591792,38.4475142311828,1.0,0.0,89.0,0.0,34.788668783554,0.0,0.382471140625,0.5657581499999996,1.0,826
azure2019,http,test,dap,96,1700000945,0,1701000948,3810,58.35456712732946,43.2639056031655,1.0,0.0,68.0,0.0,2.3074143376389307,0.0,0.753992109375,0.8176435999999999,1.0,826
azure2019,http,test,no_budget_horizon,96,1700000945,0,1701000948,3810,58.23338295128082,43.198437205075365,1.0,0.0,66.0,0.0,2.8468072489204017,0.0,0.756363640625,0.8391631999999999,1.0,826
azure2019,http,test,blackbox_matched_weight,96,1700000945,0,1701000948,3810,58.37129053186844,43.27305592504239,1.0,0.0,72.0,0.0,2.235127946946455,0.0,0.3697979999999999,0.3913817,1.0,826
azure2019,http,test,dap,96,1700000945,1,1701100951,1990,58.59608071784926,43.43239510022116,1.0,0.0,60.0,0.0,1.1221830040684022,0.0,0.79462959375,0.99863915,1.0,826
azure2019,http,test,no_budget_horizon,96,1700000945,1,1701100951,1990,57.29671553212775,42.42708389920457,1.0000000000000002,0.0,47.0,0.0,6.206827375447761,0.0,0.7896242812500001,1.0746414499999988,1.0,826
azure2019,http,test,blackbox_matched_weight,96,1700000945,1,1701100951,1990,56.60798702695533,41.92590584602215,1.0000000000000002,0.0,44.0,0.0,8.876238407504296,0.0,0.37253953125,0.4290464499999998,1.0,826
azure2019,http,test,dap,96,1700000945,2,1701200954,1533,57.94533397626235,42.901994437254274,1.0,0.0,50.0,0.0,3.6233563801329023,0.0,0.769536984375,0.8740363999999999,1.0,826
azure2019,http,test,no_budget_horizon,96,1700000945,2,1701200954,1533,57.22026544400343,42.37727269822582,1.0,0.0,42.0,0.0,6.387180666870413,0.0,0.7526584218750001,0.8430488499999998,1.0,826
azure2019,http,test,blackbox_matched_weight,96,1700000945,2,1701200954,1533,56.637660345170346,41.9373718182092,1.0,0.0,38.0,0.0,8.704433929279851,0.0,0.36685771875,0.4247087999999998,1.0,826
azure2019,http,test,dap,96,1700000945,3,1701300957,1822,57.77812163801393,42.75150936086102,1.0,0.0,41.0,0.0,4.210234671550944,0.0,0.776381359375,0.9639447499999998,1.0,826
azure2019,http,test,no_budget_horizon,96,1700000945,3,1701300957,1822,57.16617874775517,42.2448723325976,1.0,0.0,37.0,0.0,6.580692904855927,0.0,0.75102734375,0.8244157,1.0,826
azure2019,http,test,blackbox_matched_weight,96,1700000945,3,1701300957,1822,57.19190913609955,42.33493993103417,1.0,0.0,40.0,0.0,6.568889094531363,0.0,0.3639843124999999,0.4011199,1.0,826
azure2019,http,test,dap,96,1700000945,4,1701400960,3394,58.63623560595612,43.44813319167571,1.0,0.0,63.0,0.0,1.0425272908302672,0.0,0.749056796875,0.79764085,1.0,826
azure2019,http,test,no_budget_horizon,96,1700000945,4,1701400960,3394,58.06342855320263,42.992600068926,1.0,0.0,56.0,0.0,3.261258530213701,0.0,0.735947171875,0.8013139499999999,1.0,826
azure2019,http,test,blackbox_matched_weight,96,1700000945,4,1701400960,3394,56.92384247666087,42.04842506270844,1.0,0.0,53.0,0.0,8.106601701906964,0.0,0.3573610625,0.3753540499999999,1.0,826
azure2019,async,test,dap,96,1700000946,0,1700000946,839,57.90343664626136,42.85505289830686,1.0,0.0,76.0,0.0,4.393291070872869,0.0,0.92346859375,1.7419092,1.0,827
azure2019,async,test,no_budget_horizon,96,1700000946,0,1700000946,839,57.80757435368383,42.80044962118247,1.0,0.0,75.0,0.0,4.764599378702239,0.0,0.78516415625,0.8822021,1.0,827
azure2019,async,test,blackbox_matched_weight,96,1700000946,0,1700000946,839,58.50704602657688,43.34780227769845,1.0,0.0,84.0,0.0,1.734750184218548,0.0,0.3793202968749999,0.4768095499999999,1.0,827
azure2019,async,test,dap,96,1700000946,1,1700100949,1383,52.91174206339305,39.92775342272424,0.9863096563763972,0.015625,96.0,0.0,20.1525521937685,5.688911748904566,0.766887921875,0.9618307499999998,1.0,827
azure2019,async,test,no_budget_horizon,96,1700000946,1,1700100949,1383,54.3533880532744,40.690760925525325,0.98909491336887,0.0,96.0,0.0,22.63658115812163,4.531520695485014,1.0153327343749998,1.82485355,1.0,827
azure2019,async,test,blackbox_matched_weight,96,1700000946,1,1700100949,1383,39.062160213727495,32.70847629944696,0.9610714691789112,0.078125,96.0,0.0,69.31027920386452,16.176436650857873,0.34161165625,0.39472875,1.0,827
azure2019,async,test,dap,96,1700000946,2,1700200952,3333,-1.234265104945441,9.343979628751656,0.9364581905721464,0.234375,96.0,0.0,248.24337779218612,27.817783475985685,0.632052328125,0.8364294,1.0,827
azure2019,async,test,no_budget_horizon,96,1700000946,2,1700200952,3333,4.72871649389495,12.782097629477834,0.9403649100682184,0.203125,96.0,0.0,224.7506294966932,26.107472138903965,0.640849078125,0.9858871999999994,1.0,827
azure2019,async,test,blackbox_matched_weight,96,1700000946,2,1700200952,3333,-13.923107594522364,1.8352900766110545,0.9252117650704286,0.265625,96.0,0.0,338.4736627459481,32.7413233043692,0.284808078125,0.3903200999999999,1.0,827
azure2019,async,test,dap,96,1700000946,3,1700300955,1668,57.93026056774855,43.04188261979783,1.0,0.0,70.0,0.0,4.200632944977441,0.0,0.7693897656249999,0.8414750499999999,1.0,827
azure2019,async,test,no_budget_horizon,96,1700000946,3,1700300955,1668,57.79712246525246,42.96492945058489,1.0,0.0,69.0,0.0,4.823661506517438,0.0,0.7491110781250001,0.7926387,1.0,827
azure2019,async,test,blackbox_matched_weight,96,1700000946,3,1700300955,1668,58.67758389267983,43.521013416638354,1.0,0.0,77.0,0.0,0.8833799777474924,0.0,0.3643136875,0.40047945,1.0,827
azure2019,async,test,dap,96,1700000946,4,1700400958,3470,13.2609869073851,17.92747363364097,0.9526423840376722,0.1875,96.0,0.0,166.90984700702882,20.258941716566103,0.77147640625,1.6858932999999985,1.0,827
azure2019,async,test,no_budget_horizon,96,1700000946,4,1700400958,3470,17.559137716019908,20.41773819147112,0.9563672140282432,0.171875,96.0,0.0,144.83267875796042,18.66551028743487,0.698363484375,1.0335739,1.0,827
azure2019,async,test,blackbox_matched_weight,96,1700000946,4,1700400958,3470,-1.0328107430843558,9.575752679114244,0.9409567576760176,0.234375,96.0,0.0,247.58438781710737,25.25789317498939,0.321721140625,0.5113979,1.0,827
azure2019,http,test,dap,96,1700000946,0,1701000949,477,58.87681996249528,43.64262466169384,1.0,0.0,66.0,0.0,0.013650865869927,0.0,1.5255956406250002,1.8593058,1.0,827
azure2019,http,test,no_budget_horizon,96,1700000946,0,1701000949,477,58.87681996249528,43.64262466169384,1.0,0.0,66.0,0.0,0.013650865869927,0.0,1.7774130781250002,1.9053257,1.0,827
azure2019,http,test,blackbox_matched_weight,96,1700000946,0,1701000949,477,58.87681996249528,43.64262466169384,1.0,0.0,68.0,0.0,0.013650865869927,0.0,1.3453508749999998,1.39209215,1.0,827
azure2019,http,test,dap,96,1700000946,1,1701100952,3137,58.41604981015281,43.33093194415103,1.0000000000000002,0.0,13.0,0.0,1.7359783853984787,0.0,1.685844484375,1.7650646,1.0,827
azure2019,http,test,no_budget_horizon,96,1700000946,1,1701100952,3137,57.833782260941945,42.89734661326466,1.0,0.0,10.0,0.0,4.091086549291878,0.0,1.726473484375,1.777628,1.0,827
azure2019,http,test,blackbox_matched_weight,96,1700000946,1,1701100952,3137,58.45749057819758,43.31786467222203,1.0000000000000002,0.0,36.0,0.0,1.604322763654964,0.0,0.44154934375,1.2874061999999975,1.0,827
azure2019,http,test,dap,96,1700000946,2,1701200955,279,58.52492514549709,43.39034908004808,1.0,0.0,58.0,0.0,1.3432826770380322,0.0,1.246085453125,1.8383388,1.0,827
azure2019,http,test,no_budget_horizon,96,1700000946,2,1701200955,279,57.82605329500706,42.914331493628175,1.0,0.0,50.0,0.0,4.036792692358051,0.0,1.729762328125,1.82858675,1.0,827
azure2019,http,test,blackbox_matched_weight,96,1700000946,2,1701200955,279,58.831395985788006,43.61542039665281,1.0,0.0,64.0,0.0,0.1834659936195839,0.0,1.312167015625,1.354416,1.0,827
azure2019,http,test,dap,96,1700000946,3,1701300958,502,58.47086344162248,43.39889981362201,1.0,0.0,68.0,0.0,1.809910062546641,0.0,1.78539340625,1.8894868,1.0,827
azure2019,http,test,no_budget_horizon,96,1700000946,3,1701300958,502,57.882960098451136,43.03186734727649,1.0,0.0,67.0,0.0,4.458164720098756,0.0,1.814327015625,1.8915461,1.0,827
azure2019,http,test,blackbox_matched_weight,96,1700000946,3,1701300958,502,58.75408927862743,43.56677515083186,1.0,0.0,75.0,0.0,0.5533478216966117,0.0,1.35536596875,1.4581798,1.0,827
azure2019,http,test,dap,96,1700000946,4,1701400961,2525,58.56883126820089,43.34434208539027,1.0,0.0,65.0,0.0,1.3707833976882924,0.0,1.777051359375,1.87064005,1.0,827
azure2019,http,test,no_budget_horizon,96,1700000946,4,1701400961,2525,58.47259432976625,43.28437356465312,1.0,0.0,64.0,0.0,1.7450319021304264,0.0,1.7396306249999998,1.79588705,1.0,827
azure2019,http,test,blackbox_matched_weight,96,1700000946,4,1701400961,2525,58.84312960808511,43.60871881763615,1.0,0.0,69.0,0.0,0.1601946547865793,0.0,1.3350102812500002,1.38643065,1.0,827
azure2019,async,test,dap,96,1700000947,0,1700000947,2494,20.361295609743067,21.304965344861024,0.955925294343158,0.140625,96.0,0.0,147.09338583144324,19.488557591849705,0.6952658125,0.88353745,1.0,828
azure2019,async,test,no_budget_horizon,96,1700000947,0,1700000947,2494,0.5597131745884689,5.347330357637698,0.956280657555169,0.125,96.0,0.0,298.92534986015266,19.331426277639263,0.6846685,0.8683247499999999,1.0,828
azure2019,async,test,blackbox_matched_weight,96,1700000947,0,1700000947,2494,3.3086553863719352,10.609855938614784,0.9436026103236128,0.1875,96.0,0.0,238.06250916511584,24.937291363796984,0.31308478125,0.41515515,1.0,828
azure2019,async,test,dap,96,1700000947,1,1700100950,265,57.520287986995655,42.80271716378205,1.0,0.0,29.0,0.0,5.389102026942456,0.0,0.747029703125,0.8218909999999999,1.0,828
azure2019,async,test,no_budget_horizon,96,1700000947,1,1700100950,265,58.25066929254806,43.23399765828201,1.0,0.0,36.0,0.0,2.6790040363297614,0.0,0.7412335624999999,0.78250765,1.0,828
azure2019,async,test,blackbox_matched_weight,96,1700000947,1,1700100950,265,58.108865719351215,43.17519713131729,1.0,0.0,65.0,0.0,3.241143312917738,0.0,0.363276828125,0.3833419,1.0,828
azure2019,async,test,dap,96,1700000947,2,1700200953,3421,12.997409259960229,17.105076465026187,0.9472444949491068,0.171875,96.0,0.0,180.42250608062756,23.513357479535024,0.707102609375,1.0505949999999995,1.0,828
azure2019,async,test,no_budget_horizon,96,1700000947,2,1700200953,3421,-1.065479593347033,6.478068989005764,0.95114489898789,0.15625,96.0,0.0,282.1988593354933,21.77493047765035,0.6729935,0.8772347999999999,1.0,828
azure2019,async,test,blackbox_matched_weight,96,1700000947,2,1700200953,3421,7.977996843432479,14.007755228969488,0.9448642263285156,0.1875,96.0,0.0,202.65528991330592,24.574253530464503,0.323315140625,0.4952760999999996,1.0,828
azure2019,async,test,dap,96,1700000947,3,1700300956,2894,55.97171360274566,41.34087597318341,1.0,0.0,77.0,0.0,13.223058271859337,0.0,0.9239340625,1.8647188,1.0,828
azure2019,async,test,no_budget_horizon,96,1700000947,3,1700300956,2894,26.30611812342842,20.063957109721493,1.0,0.0,74.0,0.0,191.8306878769785,0.0,1.748333578125,1.8499639,1.0,828
azure2019,async,test,blackbox_matched_weight,96,1700000947,3,1700300956,2894,49.16818320896154,35.509924214328535,1.0,0.0,89.0,0.0,48.17800654595007,0.0,1.3150318593750003,1.3804749,1.0,828
azure2019,async,test,dap,96,1700000947,4,1700400959,310,56.84513830783122,42.187681155364274,1.0,0.0,35.0,0.0,7.921767867947392,0.0,1.7270552812500002,1.79000255,1.0,828
azure2019,async,test,no_budget_horizon,96,1700000947,4,1700400959,310,56.88998408454281,42.4296821031818,1.0,0.0,48.0,0.0,9.467660690281043,0.0,1.7503076562500002,1.8416308,1.0,828
azure2019,async,test,blackbox_matched_weight,96,1700000947,4,1700400959,310,58.40195643695535,43.31282594825206,1.0,0.0,73.0,0.0,1.9549504539716684,0.0,1.3709124375,1.4588051,1.0,828
azure2019,http,test,dap,96,1700000947,0,1701000950,692,54.52626906509262,40.37422499539524,1.0,0.0,76.0,0.0,19.840593498618045,0.0,1.724130578125,1.7932099499999998,1.0,828
azure2019,http,test,no_budget_horizon,96,1700000947,0,1701000950,692,35.12909673872146,28.11488555575689,0.99487151195205,0.0,71.0,0.0,137.8611855059263,2.024464163179552,1.715647390625,1.7982280999999998,1.0,828
azure2019,http,test,blackbox_matched_weight,96,1700000947,0,1701000950,692,51.504468580714494,38.22029386835635,1.0,0.0,89.0,0.0,34.86208613162032,0.0,1.323037421875,1.4026317499999998,1.0,828
azure2019,http,test,dap,96,1700000947,1,1701100953,2239,57.494045014369135,42.75771545325664,1.0,0.0,57.0,0.0,5.658822838293718,0.0,0.8377523125,1.7489456999999995,1.0,828
azure2019,http,test,no_budget_horizon,96,1700000947,1,1701100953,2239,58.519413679637246,43.39578117639966,1.0,0.0,64.0,0.0,1.617288835074408,0.0,1.1859142187499998,1.8234121,1.0,828
azure2019,http,test,blackbox_matched_weight,96,1700000947,1,1701100953,2239,58.21961739921345,43.23774714871237,1.0,0.0,74.0,0.0,2.745619426433336,0.0,0.3644291093749999,0.3889907499999999,1.0,828
azure2019,http,test,dap,96,1700000947,2,1701200956,4180,57.43964566583071,42.76991451193546,1.0,0.0,58.0,0.0,5.868729568566352,0.0,0.7957721874999999,0.9506926,1.0,828
azure2019,http,test,no_budget_horizon,96,1700000947,2,1701200956,4180,58.41490224107338,43.27801983313792,1.0,0.0,64.0,0.0,2.103700222722937,0.0,0.780635265625,0.9896766,1.0,828
azure2019,http,test,blackbox_matched_weight,96,1700000947,2,1701200956,4180,58.06407032841707,43.14202741925308,1.0,0.0,73.0,0.0,3.3778870300108954,0.0,0.371683953125,0.4588364999999997,1.0,828
azure2019,http,test,dap,96,1700000947,3,1701300959,3606,57.73441480213254,42.87100483071583,1.0,0.0,58.0,0.0,4.73862084810341,0.0,0.75219059375,0.8882914999999998,1.0,828
azure2019,http,test,no_budget_horizon,96,1700000947,3,1701300959,3606,58.65262833143911,43.51446964395025,1.0,0.0,64.0,0.0,1.0212336299886546,0.0,0.766675875,0.87634735,1.0,828
azure2019,http,test,blackbox_matched_weight,96,1700000947,3,1701300959,3606,58.41917742057275,43.388738815710944,1.0,0.0,74.0,0.0,1.922609333149244,0.0,0.378595453125,0.4670831499999999,1.0,828
azure2019,http,test,dap,96,1700000947,4,1701400962,1265,58.15611931084589,43.18127118193081,1.0,0.0,62.0,0.0,3.024596457017414,0.0,0.7821592343750001,0.9056530499999998,1.0,828
azure2019,http,test,no_budget_horizon,96,1700000947,4,1701400962,1265,58.43410137728226,43.34890164966188,1.0,0.0,64.0,0.0,2.0242913017141966,0.0,0.7955375312499999,0.9471688,1.0,828
azure2019,http,test,blackbox_matched_weight,96,1700000947,4,1701400962,1265,58.446103191625,43.363347666312606,1.0,0.0,70.0,0.0,1.7802715810830565,0.0,0.388769125,0.5208776499999997,1.0,828
azure2019,async,test,dap,96,1700000948,0,1700000948,3318,-6.368293615865691,6.61239557949498,0.9241488501896388,0.234375,96.0,0.0,316.814077546674,33.35865116261085,0.60885715625,0.7796152,1.0,829
azure2019,async,test,no_budget_horizon,96,1700000948,0,1700000948,3318,-17.613728799363482,-0.0954740971363334,0.9141653413195612,0.265625,96.0,0.0,394.88903089793126,37.74930826679966,0.5915897968749999,0.78439875,1.0,829
azure2019,async,test,blackbox_matched_weight,96,1700000948,0,1700000948,3318,-7.965801736227001,5.680717537390092,0.9218750427313992,0.234375,96.0,0.0,333.8425193918398,34.358651162610855,0.289677375,0.3709332499999999,1.0,829
azure2019,async,test,dap,96,1700000948,1,1700100951,742,49.84643040317421,38.69920317763225,0.9832155399495568,0.03125,96.0,0.0,28.063114979622465,6.811497981567205,0.682633515625,0.7620251499999999,1.0,829
azure2019,async,test,no_budget_horizon,96,1700000948,1,1700100951,742,49.94894290506944,38.74116613706419,0.9832155399495568,0.03125,96.0,0.0,27.47546691528397,6.811497981567205,0.6760079843750001,0.8063863499999997,1.0,829
azure2019,async,test,blackbox_matched_weight,96,1700000948,1,1700100951,742,30.15303541792144,27.72835760350645,0.9678646879496384,0.125,96.0,0.0,85.90237995509818,13.041206718013576,0.31848409375,0.3796025,1.0,829
azure2019,async,test,dap,96,1700000948,2,1700200954,1693,58.07757658518699,43.11921571821033,1.0,0.0,91.0,0.0,3.839180127883859,0.0,0.7497298750000001,0.79796225,1.0,829
azure2019,async,test,no_budget_horizon,96,1700000948,2,1700200954,1693,58.25780854997042,43.24260593227763,0.9980865607445336,0.0,96.0,0.0,2.763772461170519,0.7569215495466457,0.77772671875,0.9897543,1.0,829
azure2019,async,test,blackbox_matched_weight,96,1700000948,2,1700200954,1693,50.22246135813786,38.9483067543835,0.9803382499012104,0.03125,96.0,0.0,26.501782779837647,7.77782848818304,0.332319203125,0.37017855,1.0,829
azure2019,async,test,dap,96,1700000948,3,1700300957,3281,2.0179212227568195,11.464957004519563,0.9332779572877312,0.21875,96.0,0.0,244.0818780688287,28.92708716195859,0.62971153125,0.8464072999999998,1.0,829
azure2019,async,test,no_budget_horizon,96,1700000948,3,1700300957,3281,-10.055165807131136,4.310980755589491,0.9226094963567836,0.25,96.0,0.0,325.8829574879019,33.5523577125668,0.5916398281249999,0.7765447,1.0,829
azure2019,async,test,blackbox_matched_weight,96,1700000948,3,1700300957,3281,-2.569619184905622,8.742036896703963,0.9297488815815196,0.234375,96.0,0.0,269.9039992519264,30.45710447565164,0.3624322343749999,0.63033065,1.0,829
azure2019,async,test,dap,96,1700000948,4,1700400960,3117,58.26504678420631,43.21177583382143,1.0,0.0,90.0,0.0,2.6789765007298003,0.0,0.75532159375,0.83179225,1.0,829
azure2019,async,test,no_budget_horizon,96,1700000948,4,1700400960,3117,58.28765508060494,43.21783464234393,1.0,0.0,89.0,0.0,2.580514881140353,0.0,0.915686046875,1.27495415,1.0,829
azure2019,async,test,blackbox_matched_weight,96,1700000948,4,1700400960,3117,47.52583957100963,37.42922631622099,0.9801783190132612,0.046875,96.0,0.0,30.33275564674713,7.856653524705672,0.393968375,0.6212626,1.0,829
azure2019,http,test,dap,96,1700000948,0,1701000951,677,58.370711378276,43.310960687514296,1.0,0.0,88.0,0.0,2.2315755796756926,0.0,0.914163140625,1.2908466499999998,1.0,829
azure2019,http,test,no_budget_horizon,96,1700000948,0,1701000951,677,58.19248295610429,43.14661148794636,1.0,0.0,87.0,0.0,3.0096649334984127,0.0,0.760556203125,0.8122787499999998,1.0,829
azure2019,http,test,blackbox_matched_weight,96,1700000948,0,1701000951,677,56.13425859196168,42.06929668651244,0.9876658576727044,0.0,96.0,0.0,13.902199453041106,4.8277791977274,0.368802125,0.4938725,1.0,829
azure2019,http,test,dap,96,1700000948,1,1701100954,830,8.514356930948711,15.29552207058099,0.9426270130455232,0.203125,96.0,0.0,197.42483878716612,24.01857893810763,0.631000234375,0.8333090999999999,1.0,829
azure2019,http,test,no_budget_horizon,96,1700000948,1,1701100954,830,2.4716373274269463,11.74560241431828,0.936930744517511,0.21875,96.0,0.0,236.44832634545244,26.403259997179504,0.68956621875,0.9297843,1.0,829
azure2019,http,test,blackbox_matched_weight,96,1700000948,1,1701100954,830,6.895114018228352,14.35751928947721,0.9402383210624412,0.203125,96.0,0.0,213.1530204134644,25.01857893810763,0.31494328125,0.4610142499999999,1.0,829
azure2019,http,test,dap,96,1700000948,2,1701200957,4093,58.54238534204144,43.41248114119459,1.0000000000000002,0.0,78.0,0.0,1.4638954315748132,0.0,0.82658540625,1.19059645,1.0,829
azure2019,http,test,no_budget_horizon,96,1700000948,2,1701200957,4093,58.493315652893386,43.36829162392287,1.0,0.0,78.0,0.0,1.679080970206062,0.0,1.1788219375,1.46460855,1.0,829
azure2019,http,test,blackbox_matched_weight,96,1700000948,2,1701200957,4093,58.64280248417563,43.48135759962232,1.0,0.0,94.0,0.0,1.0357293714888645,0.0,0.48063175,0.6531589,1.0,829
azure2019,http,test,dap,96,1700000948,3,1701300960,2064,58.88,43.64512314764825,1.0,0.0,65.0,0.0,0.0,0.0,1.042276,1.39244565,1.0,829
azure2019,http,test,no_budget_horizon,96,1700000948,3,1701300960,2064,58.82677295231805,43.60805512808479,1.0,0.0,64.0,0.0,0.2344114768441638,0.0,1.521712140625,3.815568599999992,1.0,829
azure2019,http,test,blackbox_matched_weight,96,1700000948,3,1701300960,2064,58.72611943437632,43.55747259243114,1.0,0.0,65.0,0.0,0.6153144939549948,0.0,0.546677953125,0.7082831999999999,1.0,829
azure2019,http,test,dap,96,1700000948,4,1701400963,1802,58.8487217970016,43.627245794896254,1.0,0.0,62.0,0.0,0.1160832200968648,0.0,1.3816159375,1.45500335,1.0,829
azure2019,http,test,no_budget_horizon,96,1700000948,4,1701400963,1802,58.75232730718279,43.53664785791042,1.0,0.0,55.0,0.0,0.4734169675964601,0.0,1.06263475,1.40059875,1.0,829
azure2019,http,test,blackbox_matched_weight,96,1700000948,4,1701400963,1802,58.780179449020814,43.58998149765358,1.0,0.0,66.0,0.0,0.4062787644587047,0.0,0.383439765625,0.4850736999999996,1.0,829
gentd26,image_conditioned,test,dap,120,1700000939,0,1700000939,66,-366.2879582129791,-226.86603684918245,0.8356509110827836,0.53125,120.0,0.0,5198.381679389311,296.8290076335877,1.444820390625,1.7861285999999998,9.100826972010177,820
gentd26,image_conditioned,test,no_budget_horizon,120,1700000939,0,1700000939,66,-366.2879582129791,-226.86603684918245,0.8356509110827836,0.53125,120.0,0.0,5198.381679389311,296.8290076335877,1.466596765625,1.80029755,9.100826972010177,820
gentd26,image_conditioned,test,blackbox_matched_weight,120,1700000939,0,1700000939,66,-393.47425348811953,-242.44111883552125,0.822549587710667,0.53125,120.0,0.0,5576.976081424935,320.4911577608142,1.1329453593749998,1.46073175,9.100826972010177,820
gentd26,image_conditioned,test,dap,120,1700000939,1,1700100942,73,-594.0032368249524,-367.3447451083753,0.725404839426842,0.640625,120.0,0.0,8167.801526717556,500.0,1.3451233125000002,1.8904357499999995,9.100826972010177,820
gentd26,image_conditioned,test,no_budget_horizon,120,1700000939,1,1700100942,73,-594.0032368249524,-367.3447451083753,0.725404839426842,0.640625,120.0,0.0,8167.801526717556,500.0,1.3089787187500002,1.80161045,9.100826972010177,820
gentd26,image_conditioned,test,blackbox_matched_weight,120,1700000939,1,1700100942,73,-629.3129545341012,-388.5495867076861,0.7142897141859943,0.640625,120.0,0.0,8659.16361323155,500.0,0.979450453125,1.35227265,9.100826972010177,820
gentd26,image_conditioned,test,dap,120,1700000939,2,1700200945,182,8.153160305343512,4.075854434575395,1.0,0.0,37.0,0.0,12.170992366412214,0.0,1.41121690625,1.81006115,9.100826972010177,820
gentd26,image_conditioned,test,no_budget_horizon,120,1700000939,2,1700200945,182,8.153160305343512,4.075854434575395,1.0,0.0,37.0,0.0,12.170992366412214,0.0,1.3214414375,1.8596113,9.100826972010177,820
gentd26,image_conditioned,test,blackbox_matched_weight,120,1700000939,2,1700200945,182,8.153160305343512,4.075854434575395,1.0,0.0,48.0,0.0,12.170992366412214,0.0,0.5052399375000001,1.37598575,9.100826972010177,820
gentd26,image_conditioned,test,dap,120,1700000939,3,1700300948,574,-1.1199999999999997,-0.6655502062416275,1.0,0.0,10.0,0.0,0.0,0.0,1.2834183437500002,1.87180595,9.100826972010177,820
gentd26,image_conditioned,test,no_budget_horizon,120,1700000939,3,1700300948,574,-1.1199999999999997,-0.6655502062416275,1.0,0.0,10.0,0.0,0.0,0.0,1.7448726875,1.8306188,9.100826972010177,820
gentd26,image_conditioned,test,blackbox_matched_weight,120,1700000939,3,1700300948,574,-1.1199999999999997,-0.6655502062416275,1.0,0.0,19.0,0.0,0.0,0.0,0.368196484375,0.38847135,9.100826972010177,820
gentd26,image_conditioned,test,dap,120,1700000939,4,1700400951,217,-218.7434867093352,-119.82081186318317,0.8255439920198624,0.265625,120.0,0.0,3221.464185750636,311.24230279898217,0.759985265625,1.6907502499999971,9.100826972010177,820
gentd26,image_conditioned,test,no_budget_horizon,120,1700000939,4,1700400951,217,-218.7434867093352,-119.82081186318317,0.8255439920198624,0.265625,120.0,0.0,3221.464185750636,311.24230279898217,0.670603953125,0.7605561000000001,9.100826972010177,820
gentd26,image_conditioned,test,blackbox_matched_weight,120,1700000939,4,1700400951,217,-338.8382883765029,-187.09930973996023,0.7455367024711727,0.265625,120.0,0.0,4812.5690203562335,453.9811704834606,0.307813828125,0.3692724,9.100826972010177,820
gentd26,txt2img,test,dap,120,1700000939,0,1701000942,528,31.746238589345552,23.259999739235184,1.0000000000000002,0.0,10.0,0.0,16.68045687450022,0.0,0.7881934374999999,0.9043673999999998,5.885345598073498,820
gentd26,txt2img,test,no_budget_horizon,120,1700000939,0,1701000942,528,29.929996942213712,21.81953321541145,1.0,0.0,8.0,0.0,29.68762224626809,0.0,0.808832140625,1.0723137999999994,5.885345598073498,820
gentd26,txt2img,test,blackbox_matched_weight,120,1700000939,0,1701000942,528,34.13353441288554,24.699622984800342,1.0000000000000002,0.0,18.0,0.0,1.3998830414009564,0.0,0.375416328125,0.4256495499999999,5.885345598073498,820
gentd26,txt2img,test,dap,120,1700000939,1,1701100945,43,-3.278917815175077,-2.6849760621841514,0.9999999999999998,0.046875,67.0,0.0,293.61754306052217,0.0,0.975655640625,1.79069795,5.885345598073498,820
gentd26,txt2img,test,no_budget_horizon,120,1700000939,1,1701100945,43,-4.2716745066150885,-3.23283200637069,1.0,0.046875,66.0,0.0,299.3004248037092,0.0,1.66617996875,1.85830875,5.885345598073498,820
gentd26,txt2img,test,blackbox_matched_weight,120,1700000939,1,1701100945,43,-1.398826122671187,-1.5687381289793163,0.9999999999999998,0.046875,79.0,0.0,281.197115021223,0.0,0.386218546875,0.5606010499999996,5.885345598073498,820
gentd26,txt2img,test,dap,120,1700000939,2,1701200948,172,7.97469078594913,4.778430645794693,0.997005988023952,0.0,37.0,0.0,39.66824683436029,0.9499902534500748,1.0733546875,1.7907896,5.885345598073498,820
gentd26,txt2img,test,no_budget_horizon,120,1700000939,2,1701200948,172,7.97469078594913,4.778430645794693,0.997005988023952,0.0,37.0,0.0,39.66824683436029,0.9499902534500748,0.8636703124999999,1.7052831,5.885345598073498,820
gentd26,txt2img,test,blackbox_matched_weight,120,1700000939,2,1701200948,172,8.196837166624656,4.907597157305129,0.997005988023952,0.0,40.0,0.0,37.99961013800312,0.9499902534500748,0.375866,0.5440895999999998,5.885345598073498,820
gentd26,txt2img,test,dap,120,1700000939,3,1701300951,160,6.200677860962657,6.265226571341297,0.9999999999999998,0.0,0.0,0.0,2.5999220276006376,0.0,1.19810921875,1.8569586,5.885345598073498,820
gentd26,txt2img,test,no_budget_horizon,120,1700000939,3,1701300951,160,6.200677860962657,6.265226571341297,0.9999999999999998,0.0,0.0,0.0,2.5999220276006376,0.0,0.7875298749999999,0.9113206,5.885345598073498,820
gentd26,txt2img,test,blackbox_matched_weight,120,1700000939,3,1701300951,160,6.729970760350239,6.778798942324167,1.0,0.0,5.0,0.0,0.0,0.0,0.3653420781249999,0.4045695,5.885345598073498,820
gentd26,txt2img,test,dap,120,1700000939,4,1701400954,164,7.507824379674713,6.1779516495496045,1.0,0.0,7.0,0.0,1.6686366963571686,0.0,0.84522559375,1.0735528,5.885345598073498,820
gentd26,txt2img,test,no_budget_horizon,120,1700000939,4,1701400954,164,7.507824379674713,6.1779516495496045,1.0,0.0,7.0,0.0,1.6686366963571686,0.0,1.097012265625,1.7949024,5.885345598073498,820
gentd26,txt2img,test,blackbox_matched_weight,120,1700000939,4,1701400954,164,7.729970760350239,6.297139362743622,1.0,0.0,10.0,0.0,0.0,0.0,0.358174984375,0.3771103499999999,5.885345598073498,820
gentd26,image_conditioned,test,dap,120,1700000940,0,1700000940,545,-0.1199999999999996,-0.6138769201016279,1.0,0.0,11.0,0.0,0.0,0.0,1.7867131875000002,1.83365905,9.100826972010177,821
gentd26,image_conditioned,test,no_budget_horizon,120,1700000940,0,1700000940,545,-0.1199999999999996,-0.6138769201016279,1.0,0.0,11.0,0.0,0.0,0.0,1.0456442812500002,1.85644615,9.100826972010177,821
gentd26,image_conditioned,test,blackbox_matched_weight,120,1700000940,0,1700000940,545,-0.1199999999999996,-0.6138769201016279,1.0,0.0,16.0,0.0,0.0,0.0,0.356121875,0.4086218999999998,9.100826972010177,821
gentd26,image_conditioned,test,dap,120,1700000940,1,1700100943,2,0.9777096249085536,1.7687670280809364,1.0,0.0,25.0,0.0,15.31603053435115,0.0,0.73727575,0.8113600999999998,9.100826972010177,821
gentd26,image_conditioned,test,no_budget_horizon,120,1700000940,1,1700100943,2,0.9777096249085536,1.7687670280809364,1.0,0.0,24.0,0.0,15.31603053435115,0.0,0.74973340625,0.8748529499999999,9.100826972010177,821
gentd26,image_conditioned,test,blackbox_matched_weight,120,1700000940,1,1700100943,2,0.9777096249085536,1.7687670280809364,1.0,0.0,37.0,0.0,15.31603053435115,0.0,0.390207515625,0.5527141999999999,9.100826972010177,821
gentd26,image_conditioned,test,dap,120,1700000940,2,1700200946,388,9.068890303961718,7.977632604989332,1.0,0.0,67.0,0.0,134.29007633587787,0.0,0.789752984375,1.351027099999997,9.100826972010177,821
gentd26,image_conditioned,test,no_budget_horizon,120,1700000940,2,1700200946,388,7.41832430504182,6.516837367189118,1.0,0.0,61.0,0.0,157.0523536895675,0.0,1.23788309375,1.88268335,9.100826972010177,821
gentd26,image_conditioned,test,blackbox_matched_weight,120,1700000940,2,1700200946,388,8.625457058978867,7.5845800850205425,1.0,0.0,112.0,0.0,139.90031806615778,0.0,1.3567963125,1.4091715,9.100826972010177,821
gentd26,image_conditioned,test,dap,120,1700000940,3,1700300949,157,3.780890879979809,4.6508382419146495,1.0,0.0,26.0,0.0,18.461068702290085,0.0,0.938412546875,1.78264665,9.100826972010177,821
gentd26,image_conditioned,test,no_budget_horizon,120,1700000940,3,1700300949,157,3.780890879979809,4.6508382419146495,1.0,0.0,27.0,0.0,18.461068702290085,0.0,0.7564516406249999,0.8550457499999996,9.100826972010177,821
gentd26,image_conditioned,test,blackbox_matched_weight,120,1700000940,3,1700300949,157,3.780890879979809,4.6508382419146495,1.0,0.0,53.0,0.0,18.461068702290085,0.0,0.470341359375,1.29882595,9.100826972010177,821
gentd26,image_conditioned,test,dap,120,1700000940,4,1700400952,155,4.780890879979808,5.4727615217146175,1.0,0.0,28.0,0.0,18.461068702290085,0.0,1.66676125,1.70864405,9.100826972010177,821
gentd26,image_conditioned,test,no_budget_horizon,120,1700000940,4,1700400952,155,4.780890879979808,5.4727615217146175,1.0,0.0,29.0,0.0,18.461068702290085,0.0,0.82642909375,1.5595469499999972,9.100826972010177,821
gentd26,image_conditioned,test,blackbox_matched_weight,120,1700000940,4,1700400952,155,4.780890879979808,5.4727615217146175,1.0,0.0,57.0,0.0,18.461068702290085,0.0,0.7141563281250001,1.32269825,9.100826972010177,821
gentd26,txt2img,test,dap,120,1700000940,0,1701000943,125,13.58036430229375,7.057669081382495,1.0,0.078125,103.0,0.0,284.3953749305481,0.0,1.39480734375,1.81297815,5.885345598073498,821
gentd26,txt2img,test,no_budget_horizon,120,1700000940,0,1701000943,125,11.6594375982779,5.574091173429894,1.0,0.078125,98.0,0.0,297.8436812520147,0.0,0.74789471875,0.79958935,5.885345598073498,821
gentd26,txt2img,test,blackbox_matched_weight,120,1700000940,0,1701000943,125,12.355337463980836,6.179174254926889,1.0,0.078125,120.0,0.0,295.18031117352496,0.0,0.229797,0.3739216999999999,5.885345598073498,821
gentd26,txt2img,test,dap,120,1700000940,1,1701100946,518,29.501654458684182,21.756021471107005,1.0,0.0,6.0,0.0,3.49970760350239,0.0,0.765453953125,0.86236205,5.885345598073498,821
gentd26,txt2img,test,no_budget_horizon,120,1700000940,1,1701100946,518,29.24297284624277,21.645998944262782,1.0,0.0,5.0,0.0,7.007945095761501,0.0,0.85689653125,1.1341676999999997,5.885345598073498,821
gentd26,txt2img,test,blackbox_matched_weight,120,1700000940,1,1701100946,518,30.32989278795088,22.402496641131897,1.0,0.0,19.0,0.0,0.0,0.0,0.41591084375,0.6225090999999998,5.885345598073498,821
gentd26,txt2img,test,dap,120,1700000940,2,1701200949,118,-243.821263504358,-176.12297310558495,1.0,0.71875,120.0,0.0,2851.0196641617385,0.0,0.5595793125,1.1593595,5.885345598073498,821
gentd26,txt2img,test,no_budget_horizon,120,1700000940,2,1701200949,118,-227.97851978211983,-166.28938304355844,1.0,0.703125,120.0,0.0,2667.7991428340333,0.0,0.6163093906249999,1.1580894499999996,5.885345598073498,821
gentd26,txt2img,test,blackbox_matched_weight,120,1700000940,2,1701200949,118,-322.5993178768724,-225.49722652530693,0.9768840084386772,0.765625,120.0,0.0,3808.956399107297,25.697992210716443,0.331088734375,0.6762100999999998,5.885345598073498,821
gentd26,txt2img,test,dap,120,1700000940,3,1701300952,500,21.701693444883865,14.649113892498493,1.0,0.0,2.0,0.0,3.49970760350239,0.0,0.891024453125,1.2353925499999998,5.885345598073498,821
gentd26,txt2img,test,no_budget_horizon,120,1700000940,3,1701300952,500,21.89928852862376,14.77350703774249,1.0,0.0,2.0,0.0,3.564352258878971,0.0,0.859993875,1.0125379,5.885345598073498,821
gentd26,txt2img,test,blackbox_matched_weight,120,1700000940,3,1701300952,500,22.529931774150555,15.188606318320048,1.0,0.0,12.0,0.0,0.0,0.0,0.521933953125,0.5760699,5.885345598073498,821
gentd26,txt2img,test,dap,120,1700000940,4,1701400955,582,14.383583145635145,13.099134611104269,1.0,0.0,6.0,0.0,1.3998830414009564,0.0,0.877015578125,1.2481657499999992,5.885345598073498,821
gentd26,txt2img,test,no_budget_horizon,120,1700000940,4,1701400955,582,12.910013456445713,11.697031937109692,1.0,0.0,4.0,0.0,10.372453299439195,0.0,1.16395859375,2.390801299999999,5.885345598073498,821
gentd26,txt2img,test,blackbox_matched_weight,120,1700000940,4,1701400955,582,14.67996101380032,13.373550169237314,1.0,0.0,13.0,0.0,0.0,0.0,0.5378127343750001,0.7099243,5.885345598073498,821
gentd26,image_conditioned,test,dap,120,1700000941,0,1700000941,459,-4.12,-2.795228099795501,1.0,0.0,1.0,0.0,0.0,0.0,0.782166625,0.9401452999999996,9.100826972010177,822
gentd26,image_conditioned,test,no_budget_horizon,120,1700000941,0,1700000941,459,-4.12,-2.795228099795501,1.0,0.0,1.0,0.0,0.0,0.0,0.778087609375,0.9273071999999996,9.100826972010177,822
gentd26,image_conditioned,test,blackbox_matched_weight,120,1700000941,0,1700000941,459,-4.12,-2.795228099795501,1.0,0.0,2.0,0.0,0.0,0.0,0.381465140625,0.4764222499999997,9.100826972010177,822
gentd26,image_conditioned,test,dap,120,1700000941,1,1700100944,13,-3.12,-2.0534348836672525,1.0,0.0,5.0,0.0,0.0,0.0,0.829409046875,1.0110178,9.100826972010177,822
gentd26,image_conditioned,test,no_budget_horizon,120,1700000941,1,1700100944,13,-3.12,-2.0534348836672525,1.0,0.0,5.0,0.0,0.0,0.0,0.7634126406249999,0.8583931499999999,9.100826972010177,822
gentd26,image_conditioned,test,blackbox_matched_weight,120,1700000941,1,1700100944,13,-3.12,-2.0534348836672525,1.0,0.0,5.0,0.0,0.0,0.0,0.3627225625,0.392271,9.100826972010177,822
gentd26,image_conditioned,test,dap,120,1700000941,2,1700200947,76,-705.8129317332188,-438.4389383662016,0.732450981798362,0.6875,120.0,0.0,9637.801526717556,485.0,0.536896734375,0.77153405,9.100826972010177,822
gentd26,image_conditioned,test,no_budget_horizon,120,1700000941,2,1700200947,76,-705.8129317332188,-438.4389383662016,0.732450981798362,0.6875,120.0,0.0,9637.801526717556,485.0,0.53725128125,0.7921798,9.100826972010177,822
gentd26,image_conditioned,test,blackbox_matched_weight,120,1700000941,2,1700200947,76,-725.9807999863945,-450.8077990027728,0.7256109047270711,0.6875,120.0,0.0,9952.690139949107,485.0,0.26280775,0.3639725,9.100826972010177,822
gentd26,image_conditioned,test,dap,120,1700000941,3,1700300950,41,-108.777206011878,-63.59749612569701,0.9782838826430736,0.234375,84.0,0.0,1904.3786259541976,22.42442748091596,0.7626803906249999,0.8330681999999998,9.100826972010177,822
gentd26,image_conditioned,test,no_budget_horizon,120,1700000941,3,1700300950,41,-108.777206011878,-63.59749612569701,0.9782838826430736,0.234375,84.0,0.0,1904.3786259541976,22.42442748091596,0.77520675,0.8797024999999999,9.100826972010177,822
gentd26,image_conditioned,test,blackbox_matched_weight,120,1700000941,3,1700300950,41,-108.777206011878,-63.59749612569701,0.9782838826430736,0.234375,84.0,0.0,1904.3786259541976,22.42442748091596,0.3595486718749999,0.3866892999999999,9.100826972010177,822
gentd26,image_conditioned,test,dap,120,1700000941,4,1700400953,170,1.1531603053435115,0.1503190458735416,1.0000000000000002,0.0,23.0,0.0,12.170992366412214,0.0,0.790322796875,0.928334,9.100826972010177,822
gentd26,image_conditioned,test,no_budget_horizon,120,1700000941,4,1700400953,170,1.1531603053435115,0.1503190458735416,1.0000000000000002,0.0,23.0,0.0,12.170992366412214,0.0,0.7957581250000001,0.8691234999999999,9.100826972010177,822
gentd26,image_conditioned,test,blackbox_matched_weight,120,1700000941,4,1700400953,170,1.1531603053435115,0.1503190458735416,1.0000000000000002,0.0,25.0,0.0,12.170992366412214,0.0,0.37714596875,0.4111815,9.100826972010177,822
gentd26,txt2img,test,dap,120,1700000941,0,1701000944,489,18.94929827517368,11.380348852044204,1.0,0.0,2.0,0.0,3.564352258878971,0.0,0.80906646875,0.9461296499999998,5.885345598073498,822
gentd26,txt2img,test,no_budget_horizon,120,1700000941,0,1701000944,489,18.94929827517368,11.380348852044204,1.0,0.0,2.0,0.0,3.564352258878971,0.0,0.818973765625,1.0433121999999997,5.885345598073498,822
gentd26,txt2img,test,blackbox_matched_weight,120,1700000941,0,1701000944,489,19.38124736209069,11.6365287455951,1.0,0.0,6.0,0.0,1.4645276967775374,0.0,0.369892234375,0.3973474999999999,5.885345598073498,822
gentd26,txt2img,test,dap,120,1700000941,1,1701100947,192,19.27058780123194,11.451367159208582,0.9696116806911174,0.0,75.0,0.0,123.48269672449624,19.949795322451664,0.7570964062500001,0.8329392499999999,5.885345598073498,822
gentd26,txt2img,test,no_budget_horizon,120,1700000941,1,1701100947,192,19.27058780123194,11.451367159208582,0.9696116806911174,0.0,75.0,0.0,123.48269672449624,19.949795322451664,0.7568423281250001,0.8323919999999999,5.885345598073498,822
gentd26,txt2img,test,blackbox_matched_weight,120,1700000941,1,1701100947,192,18.838305374701225,11.182699083188645,0.9696116806911174,0.0,77.0,0.0,128.7408757043043,19.949795322451664,0.358449921875,0.3766062,5.885345598073498,822
gentd26,txt2img,test,dap,120,1700000941,2,1701200950,105,-715.1537302858728,-443.4425314019397,0.7829167471264953,0.734375,120.0,0.0,9323.438426170884,313.3041440738988,0.49246625,0.78618755,5.885345598073498,822
gentd26,txt2img,test,no_budget_horizon,120,1700000941,2,1701200950,105,-715.1537302858728,-443.4425314019397,0.7829167471264953,0.734375,120.0,0.0,9323.438426170884,313.3041440738988,0.4993559531249999,0.7951451,5.885345598073498,822
gentd26,txt2img,test,blackbox_matched_weight,120,1700000941,2,1701200950,105,-715.1537302858728,-443.4425314019397,0.7829167471264953,0.734375,120.0,0.0,9323.438426170884,313.3041440738988,0.23320578125,0.37242125,5.885345598073498,822
gentd26,txt2img,test,dap,120,1700000941,3,1701300953,584,12.854290246247562,11.90805762606604,0.9999999999999998,0.0,5.0,0.0,3.999805069001594,0.0,0.772889234375,0.8667548999999999,5.885345598073498,822
gentd26,txt2img,test,no_budget_horizon,120,1700000941,3,1701300953,584,11.910013456445714,11.001486558816062,0.9999999999999998,0.0,4.0,0.0,10.372453299439195,0.0,0.759031515625,0.8149043499999999,5.885345598073498,822
gentd26,txt2img,test,blackbox_matched_weight,120,1700000941,3,1701300953,584,13.50676720644277,12.54733931447117,1.0,0.0,9.0,0.0,0.6999415207004782,0.0,0.38387771875,0.4889915499999997,5.885345598073498,822
gentd26,txt2img,test,dap,120,1700000941,4,1701400956,34,-12.83149328195518,-6.822636408999728,0.9843183232274636,0.0625,56.0,0.0,322.5254686631838,7.701976527390357,0.768150171875,0.8066205,5.885345598073498,822
gentd26,txt2img,test,no_budget_horizon,120,1700000941,4,1701400956,34,-15.473150357486944,-8.34845017927009,0.9790247292096635,0.0625,55.0,0.0,361.5242990771933,10.301898554990984,0.7947395781250001,0.8895398499999999,5.885345598073498,822
gentd26,txt2img,test,blackbox_matched_weight,120,1700000941,4,1701400956,34,-12.83149328195518,-6.822636408999728,0.9843183232274636,0.0625,57.0,0.0,322.5254686631838,7.701976527390357,0.4048163125,0.6537943999999992,5.885345598073498,822
gentd26,image_conditioned,test,dap,120,1700000942,0,1700000942,156,4.780890879979808,5.566377578497548,0.9999999999999998,0.0,28.0,0.0,18.461068702290085,0.0,0.5568901562499999,0.7205449499999997,9.100826972010177,823
gentd26,image_conditioned,test,no_budget_horizon,120,1700000942,0,1700000942,156,4.780890879979808,5.566377578497548,0.9999999999999998,0.0,28.0,0.0,18.461068702290085,0.0,0.5431029375,0.5742548,9.100826972010177,823
gentd26,image_conditioned,test,blackbox_matched_weight,120,1700000942,0,1700000942,156,4.780890879979808,5.566377578497548,0.9999999999999998,0.0,97.0,0.0,18.461068702290085,0.0,0.2394483593749999,0.2570675,9.100826972010177,823
gentd26,image_conditioned,test,dap,120,1700000942,1,1700100945,579,-1.1199999999999997,-0.5042600251211441,1.0,0.0,10.0,0.0,0.0,0.0,0.5420641093749999,0.5680116,9.100826972010177,823
gentd26,image_conditioned,test,no_budget_horizon,120,1700000942,1,1700100945,579,-1.1199999999999997,-0.5042600251211441,1.0,0.0,10.0,0.0,0.0,0.0,0.531201515625,0.5637050499999999,9.100826972010177,823
gentd26,image_conditioned,test,blackbox_matched_weight,120,1700000942,1,1700100945,579,-1.1199999999999997,-0.5042600251211441,1.0,0.0,82.0,0.0,0.0,0.0,0.2403086874999999,0.2953805999999997,9.100826972010177,823
gentd26,image_conditioned,test,dap,120,1700000942,2,1700200948,517,-3.12,-2.388999467926474,1.0,0.0,2.0,0.0,0.0,0.0,0.72598865625,1.1539965,9.100826972010177,823
gentd26,image_conditioned,test,no_budget_horizon,120,1700000942,2,1700200948,517,-3.12,-2.388999467926474,1.0,0.0,2.0,0.0,0.0,0.0,0.657852734375,1.11087765,9.100826972010177,823
gentd26,image_conditioned,test,blackbox_matched_weight,120,1700000942,2,1700200948,517,-3.12,-2.388999467926474,1.0,0.0,96.0,0.0,0.0,0.0,0.244585546875,0.2670844,9.100826972010177,823
gentd26,image_conditioned,test,dap,120,1700000942,3,1700300951,290,-0.1199999999999992,0.8638244381068716,1.0,0.0,6.0,0.0,0.0,0.0,0.54768765625,0.5964910999999999,9.100826972010177,823
gentd26,image_conditioned,test,no_budget_horizon,120,1700000942,3,1700300951,290,-0.1199999999999992,0.8638244381068716,1.0,0.0,6.0,0.0,0.0,0.0,0.551544640625,0.5858071499999999,9.100826972010177,823
gentd26,image_conditioned,test,blackbox_matched_weight,120,1700000942,3,1700300951,290,-0.1199999999999992,0.8638244381068716,1.0,0.0,71.0,0.0,0.0,0.0,0.2488691406249999,0.3007165499999999,9.100826972010177,823
gentd26,image_conditioned,test,dap,120,1700000942,4,1700400954,476,-5.12,-3.795228099795501,0.0,0.0,0.0,0.0,0.0,0.0,0.5590906875,0.6420767,9.100826972010177,823
gentd26,image_conditioned,test,no_budget_horizon,120,1700000942,4,1700400954,476,-5.12,-3.795228099795501,0.0,0.0,0.0,0.0,0.0,0.0,0.540723109375,0.5833498500000001,9.100826972010177,823
gentd26,image_conditioned,test,blackbox_matched_weight,120,1700000942,4,1700400954,476,-5.12,-3.795228099795501,0.0,0.0,94.0,0.0,0.0,0.0,0.2335418125,0.2534331999999999,9.100826972010177,823
gentd26,txt2img,test,dap,120,1700000942,0,1701000945,525,32.42991228105072,23.52916757204035,1.0,0.0,15.0,0.0,0.0,0.0,0.550666484375,0.6305285499999999,5.885345598073498,823
gentd26,txt2img,test,no_budget_horizon,120,1700000942,0,1701000945,525,32.42991228105072,23.52916757204035,1.0,0.0,15.0,0.0,0.0,0.0,0.5865811406250001,1.1144972999999991,5.885345598073498,823
gentd26,txt2img,test,blackbox_matched_weight,120,1700000942,0,1701000945,525,32.42991228105072,23.52916757204035,1.0,0.0,81.0,0.0,0.0,0.0,0.23949703125,0.2654468999999999,5.885345598073498,823
gentd26,txt2img,test,dap,120,1700000942,1,1701100948,503,23.47992202760064,16.279153965020047,1.0,0.0,5.0,0.0,0.0,0.0,1.028536015625,1.1220002,5.885345598073498,823
gentd26,txt2img,test,no_budget_horizon,120,1700000942,1,1701100948,503,23.47992202760064,16.279153965020047,1.0,0.0,5.0,0.0,0.0,0.0,1.059454390625,1.07754715,5.885345598073498,823
gentd26,txt2img,test,blackbox_matched_weight,120,1700000942,1,1701100948,503,23.47992202760064,16.279153965020047,1.0,0.0,77.0,0.0,0.0,0.0,0.4727136875,0.84397225,5.885345598073498,823
gentd26,txt2img,test,dap,120,1700000942,2,1701200951,490,19.57994152070048,11.90904585682679,1.0,0.0,5.0,0.0,0.0,0.0,0.532967515625,0.5568886999999999,5.885345598073498,823
gentd26,txt2img,test,no_budget_horizon,120,1700000942,2,1701200951,490,19.57994152070048,11.90904585682679,1.0,0.0,5.0,0.0,0.0,0.0,0.5266136562499999,0.54518345,5.885345598073498,823
gentd26,txt2img,test,blackbox_matched_weight,120,1700000942,2,1701200951,490,19.57994152070048,11.90904585682679,1.0,0.0,78.0,0.0,0.0,0.0,0.23369053125,0.24725305,5.885345598073498,823
gentd26,txt2img,test,dap,120,1700000942,3,1701300954,13,14.679961013800316,14.053452993075236,1.0,0.0,3.0,0.0,0.0,0.0,0.5420820625,0.6131894999999999,5.885345598073498,823
gentd26,txt2img,test,no_budget_horizon,120,1700000942,3,1701300954,13,14.679961013800316,14.053452993075236,1.0,0.0,3.0,0.0,0.0,0.0,0.674551640625,1.11767425,5.885345598073498,823
gentd26,txt2img,test,blackbox_matched_weight,120,1700000942,3,1701300954,13,14.679961013800316,14.053452993075236,1.0,0.0,36.0,0.0,0.0,0.0,0.401039453125,0.86467795,5.885345598073498,823
gentd26,txt2img,test,dap,120,1700000942,4,1701400957,469,6.57994152070048,4.546898212906409,1.0,0.0,0.0,0.0,0.0,0.0,0.7283618125,1.0940161,5.885345598073498,823
gentd26,txt2img,test,no_budget_horizon,120,1700000942,4,1701400957,469,6.57994152070048,4.546898212906409,1.0,0.0,0.0,0.0,0.0,0.0,0.533321578125,0.5650619,5.885345598073498,823
gentd26,txt2img,test,blackbox_matched_weight,120,1700000942,4,1701400957,469,6.57994152070048,4.546898212906409,1.0,0.0,92.0,0.0,0.0,0.0,0.3664009374999999,0.8994050499999999,5.885345598073498,823
gentd26,image_conditioned,test,dap,120,1700000943,0,1700000943,531,-2.12,-1.6456343154698605,1.0,0.0,6.0,0.0,0.0,0.0,0.519844,0.5395188000000001,9.100826972010177,824
gentd26,image_conditioned,test,no_budget_horizon,120,1700000943,0,1700000943,531,-2.12,-1.6456343154698605,1.0,0.0,6.0,0.0,0.0,0.0,0.5200282031250001,0.5629232999999999,9.100826972010177,824
gentd26,image_conditioned,test,blackbox_matched_weight,120,1700000943,0,1700000943,531,-7.2519967361592546,-4.370239829124357,0.4821625689914702,0.015625,120.0,0.0,31.51297709923664,31.51297709923664,0.214503546875,0.24613215,9.100826972010177,824
gentd26,image_conditioned,test,dap,120,1700000943,1,1700100946,420,-0.1199999999999998,0.1074126950244427,1.0,0.0,8.0,0.0,0.0,0.0,0.5362709218749999,0.5738549000000001,9.100826972010177,824
gentd26,image_conditioned,test,no_budget_horizon,120,1700000943,1,1700100946,420,-0.1199999999999998,0.1074126950244427,1.0,0.0,8.0,0.0,0.0,0.0,0.523548640625,0.5453062,9.100826972010177,824
gentd26,image_conditioned,test,blackbox_matched_weight,120,1700000943,1,1700100946,420,-0.1199999999999998,0.1074126950244427,1.0,0.0,120.0,0.0,0.0,0.0,0.20141325,0.2356687999999999,9.100826972010177,824
gentd26,image_conditioned,test,dap,120,1700000943,2,1700200949,396,6.698020373709653,5.40356625358245,1.0,0.0,49.0,0.0,106.80305343511452,0.0,0.5182060937499999,0.5428999000000001,9.100826972010177,824
gentd26,image_conditioned,test,no_budget_horizon,120,1700000943,2,1700200949,396,6.698020373709653,5.40356625358245,1.0,0.0,49.0,0.0,106.80305343511452,0.0,0.518756984375,0.5594017999999998,9.100826972010177,824
gentd26,image_conditioned,test,blackbox_matched_weight,120,1700000943,2,1700200949,396,-5.669320190739871,-1.2739498625021,0.9301714159731024,0.046875,120.0,0.0,186.3419847328244,38.68396946564885,0.25001296875,0.3366685999999999,9.100826972010177,824
gentd26,image_conditioned,test,dap,120,1700000943,3,1700300952,172,2.153160305343511,0.277299352347047,1.0,0.0,27.0,0.0,12.170992366412214,0.0,0.682301328125,1.1127697,9.100826972010177,824
gentd26,image_conditioned,test,no_budget_horizon,120,1700000943,3,1700300952,172,2.153160305343511,0.277299352347047,1.0,0.0,27.0,0.0,12.170992366412214,0.0,0.5393661406249999,0.5971844999999999,9.100826972010177,824
gentd26,image_conditioned,test,blackbox_matched_weight,120,1700000943,3,1700300952,172,-72.61105495439207,-40.2707769520908,0.2802501061407234,0.125,120.0,0.0,757.1664122137404,227.76183206106867,0.206116140625,0.2546717499999999,9.100826972010177,824
gentd26,image_conditioned,test,dap,120,1700000943,4,1700400955,302,-4.12,-2.899889845536784,1.0,0.0,1.0,0.0,0.0,0.0,0.542718671875,0.5942822,9.100826972010177,824
gentd26,image_conditioned,test,no_budget_horizon,120,1700000943,4,1700400955,302,-4.12,-2.899889845536784,1.0,0.0,1.0,0.0,0.0,0.0,0.596514,0.8499291999999994,9.100826972010177,824
gentd26,image_conditioned,test,blackbox_matched_weight,120,1700000943,4,1700400955,302,-4.12,-2.899889845536784,1.0,0.0,120.0,0.0,0.0,0.0,0.223309171875,0.3416374499999997,9.100826972010177,824
gentd26,txt2img,test,dap,120,1700000943,0,1701000946,552,25.47992202760064,19.092474887068924,1.0,0.0,12.0,0.0,0.0,0.0,0.546439765625,0.58294345,5.885345598073498,824
gentd26,txt2img,test,no_budget_horizon,120,1700000943,0,1701000946,552,25.47992202760064,19.092474887068924,1.0,0.0,12.0,0.0,0.0,0.0,0.54750659375,0.6282263499999999,5.885345598073498,824
gentd26,txt2img,test,blackbox_matched_weight,120,1700000943,0,1701000946,552,25.47992202760064,19.092474887068924,1.0,0.0,77.0,0.0,0.0,0.0,0.2350995,0.25482505,5.885345598073498,824
gentd26,txt2img,test,dap,120,1700000943,1,1701100949,495,20.52993177415056,13.222731900707432,1.0,0.0,5.0,0.0,0.0,0.0,0.5407721406249999,0.5871374,5.885345598073498,824
gentd26,txt2img,test,no_budget_horizon,120,1700000943,1,1701100949,495,20.52993177415056,13.222731900707432,1.0,0.0,5.0,0.0,0.0,0.0,0.52765225,0.55143245,5.885345598073498,824
gentd26,txt2img,test,blackbox_matched_weight,120,1700000943,1,1701100949,495,20.52993177415056,13.222731900707432,1.0,0.0,114.0,0.0,0.0,0.0,0.231943390625,0.2532909,5.885345598073498,824
gentd26,txt2img,test,dap,120,1700000943,2,1701200952,61,-49.05781602821796,-26.196186052516808,0.8246580894316818,0.125,120.0,0.0,988.4048398582172,206.90212076969908,0.5120560781250001,0.6373751999999996,5.885345598073498,824
gentd26,txt2img,test,no_budget_horizon,120,1700000943,2,1701200952,61,-49.05781602821796,-26.196186052516808,0.8246580894316818,0.125,120.0,0.0,988.4048398582172,206.90212076969908,0.495219359375,0.5460814,5.885345598073498,824
gentd26,txt2img,test,blackbox_matched_weight,120,1700000943,2,1701200952,61,-381.75514663604486,-216.13743270575543,0.5452530273936659,0.359375,120.0,0.0,4995.605380095555,500.0,0.181327703125,0.2447334499999999,5.885345598073498,824
gentd26,txt2img,test,dap,120,1700000943,3,1701300955,248,-537.8369896195338,-367.8585350707463,0.9289003912017813,0.875,120.0,0.0,7285.837970735163,87.42785679997576,0.364962671875,0.56270665,5.885345598073498,824
gentd26,txt2img,test,no_budget_horizon,120,1700000943,3,1701300955,248,-537.8369896195338,-367.8585350707463,0.9289003912017813,0.875,120.0,0.0,7285.837970735163,87.42785679997576,0.3788365625,0.5884020999999999,5.885345598073498,824
gentd26,txt2img,test,blackbox_matched_weight,120,1700000943,3,1701300955,248,-732.1295070250733,-490.4823584254759,0.865722768396505,0.875,120.0,0.0,9824.77606174407,165.11441869454592,0.152835515625,0.2434619999999999,5.885345598073498,824
gentd26,txt2img,test,dap,120,1700000943,4,1701400958,405,44.72997076035024,35.07795130697562,1.0,0.0,33.0,0.0,0.0,0.0,0.57785765625,0.7310166499999999,5.885345598073498,824
gentd26,txt2img,test,no_budget_horizon,120,1700000943,4,1701400958,405,44.72997076035024,35.07795130697562,1.0,0.0,33.0,0.0,0.0,0.0,0.5371820625,0.5629233499999999,5.885345598073498,824
gentd26,txt2img,test,blackbox_matched_weight,120,1700000943,4,1701400958,405,44.72997076035024,35.07795130697562,1.0,0.0,120.0,0.0,0.0,0.0,0.2240614531249999,0.2444148,5.885345598073498,824
gentd26,image_conditioned,test,dap,120,1700000944,0,1700000944,364,9.858887253812966,6.891445478775752,1.0,0.0,65.0,0.0,136.72048346055982,0.0,0.9800765625,1.64052,9.100826972010177,825
gentd26,image_conditioned,test,no_budget_horizon,120,1700000944,0,1700000944,364,9.415454008830118,6.582632705647081,1.0,0.0,64.0,0.0,142.33072519083973,0.0,0.9305515625,1.71162935,9.100826972010177,825
gentd26,image_conditioned,test,blackbox_matched_weight,120,1700000944,0,1700000944,364,10.068890303961716,7.051019366638458,1.0,0.0,74.0,0.0,134.29007633587787,0.0,0.354420609375,0.37164585,9.100826972010177,825
gentd26,image_conditioned,test,dap,120,1700000944,1,1700100947,217,-232.55984126625825,-127.44061829264474,0.8138921240926216,0.265625,120.0,0.0,3409.2215012722645,332.03008905852414,0.68345053125,0.8385589999999999,9.100826972010177,825
gentd26,image_conditioned,test,no_budget_horizon,120,1700000944,1,1700100947,217,-218.7434867093352,-119.82081186318317,0.8255439920198624,0.265625,120.0,0.0,3221.464185750636,311.24230279898217,0.799890640625,1.7904463,9.100826972010177,825
gentd26,image_conditioned,test,blackbox_matched_weight,120,1700000944,1,1700100947,217,-359.8476178409516,-199.01737477557856,0.7343141705631736,0.265625,120.0,0.0,5063.751844783715,474.0029898218829,0.317184015625,0.4405689499999999,9.100826972010177,825
gentd26,image_conditioned,test,dap,120,1700000944,2,1700200950,21,-3.12,-2.3868015338414192,1.0,0.0,8.0,0.0,0.0,0.0,0.7511861093750001,0.8603556999999998,9.100826972010177,825
gentd26,image_conditioned,test,no_budget_horizon,120,1700000944,2,1700200950,21,-3.12,-2.3868015338414192,1.0,0.0,8.0,0.0,0.0,0.0,0.761017890625,0.8796688499999998,9.100826972010177,825
gentd26,image_conditioned,test,blackbox_matched_weight,120,1700000944,2,1700200950,21,-3.12,-2.3868015338414192,1.0,0.0,8.0,0.0,0.0,0.0,0.352391234375,0.3807530499999999,9.100826972010177,825
gentd26,image_conditioned,test,dap,120,1700000944,3,1700300953,115,25.455215996643343,19.451761741136647,1.0,0.0,113.0,0.0,162.18625954198475,0.0,0.735368125,0.7610890499999999,9.100826972010177,825
gentd26,image_conditioned,test,no_budget_horizon,120,1700000944,3,1700300953,115,25.455215996643343,19.451761741136647,1.0,0.0,113.0,0.0,162.18625954198475,0.0,0.725710421875,0.7731634,9.100826972010177,825
gentd26,image_conditioned,test,blackbox_matched_weight,120,1700000944,3,1700300953,115,-107.71277194291513,-56.51631005275337,0.9373242394415192,0.265625,120.0,0.0,1520.067875318066,80.68810432569973,0.2890188906249999,0.3621001,9.100826972010177,825
gentd26,image_conditioned,test,dap,120,1700000944,4,1700400956,189,10.250869930252064,5.812483728645336,0.9721951219512196,0.0,46.0,0.0,27.487022900763364,15.31603053435115,0.731046140625,0.7746742999999999,9.100826972010177,825
gentd26,image_conditioned,test,no_budget_horizon,120,1700000944,4,1700400956,189,10.250869930252064,5.812483728645336,0.9721951219512196,0.0,46.0,0.0,27.487022900763364,15.31603053435115,0.7333349375,0.77019465,9.100826972010177,825
gentd26,image_conditioned,test,blackbox_matched_weight,120,1700000944,4,1700400956,189,10.250869930252064,5.812483728645336,0.9721951219512196,0.0,59.0,0.0,27.487022900763364,15.31603053435115,0.350117125,0.35877515,9.100826972010177,825
gentd26,txt2img,test,dap,120,1700000944,0,1701000947,139,23.529813000539026,20.598888412654944,1.0,0.0,52.0,0.0,27.723971738983373,0.0,0.7453569375,0.7953168999999999,5.885345598073498,825
gentd26,txt2img,test,no_budget_horizon,120,1700000944,0,1701000947,139,24.17460688086902,21.147689497408656,1.0,0.0,53.0,0.0,24.43690302381735,0.0,0.74944684375,0.8506848499999999,5.885345598073498,825
gentd26,txt2img,test,blackbox_matched_weight,120,1700000944,0,1701000947,139,25.620791204092654,22.34439817927538,1.0,0.0,58.0,0.0,16.149834308651336,0.0,0.358076703125,0.3702994,5.885345598073498,825
gentd26,txt2img,test,dap,120,1700000944,1,1701100950,105,-715.1537302858728,-443.4425314019397,0.7829167471264953,0.734375,120.0,0.0,9323.438426170884,313.3041440738988,0.5251730000000001,0.8982603999999998,5.885345598073498,825
gentd26,txt2img,test,no_budget_horizon,120,1700000944,1,1701100950,105,-715.1537302858728,-443.4425314019397,0.7829167471264953,0.734375,120.0,0.0,9323.438426170884,313.3041440738988,0.4954072968749999,0.7975388999999999,5.885345598073498,825
gentd26,txt2img,test,blackbox_matched_weight,120,1700000944,1,1701100950,105,-753.1948174611507,-467.3305846274543,0.772314315028839,0.75,120.0,0.0,9822.39497346552,328.6060426288899,0.234608015625,0.3716542,5.885345598073498,825
gentd26,txt2img,test,dap,120,1700000944,2,1701200953,310,0.7299707603502401,1.328943762589411,1.0,0.0,0.0,0.0,0.0,0.0,0.774338203125,0.8938657999999998,5.885345598073498,825
gentd26,txt2img,test,no_budget_horizon,120,1700000944,2,1701200953,310,0.7299707603502401,1.328943762589411,1.0,0.0,0.0,0.0,0.0,0.0,0.748451765625,0.77774995,5.885345598073498,825
gentd26,txt2img,test,blackbox_matched_weight,120,1700000944,2,1701200953,310,0.7299707603502401,1.328943762589411,1.0,0.0,4.0,0.0,0.0,0.0,0.3494867499999999,0.3617243,5.885345598073498,825
gentd26,txt2img,test,dap,120,1700000944,3,1701300956,125,11.56266593421379,5.596017428626774,1.0,0.078125,99.0,0.0,295.4549749175527,0.0,0.741117921875,0.7953056999999999,5.885345598073498,825
gentd26,txt2img,test,no_budget_horizon,120,1700000944,3,1701300956,125,12.207459814543784,6.072786073049633,1.0,0.078125,100.0,0.0,292.1679062023867,0.0,0.745037390625,0.8117319499999999,5.885345598073498,825
gentd26,txt2img,test,blackbox_matched_weight,120,1700000944,3,1701300956,125,13.65364413776742,7.112421729525632,1.0,0.078125,108.0,0.0,283.8808374872207,0.0,0.35347815625,0.3649365,5.885345598073498,825
gentd26,txt2img,test,dap,120,1700000944,4,1701400959,459,7.456757459892851,5.940673691645675,1.0,0.0,0.0,0.0,0.6999415207004782,0.0,0.739685078125,0.79416465,5.885345598073498,825
gentd26,txt2img,test,no_budget_horizon,120,1700000944,4,1701400959,459,7.456757459892851,5.940673691645675,1.0,0.0,0.0,0.0,0.6999415207004782,0.0,0.752045390625,0.8374593999999999,5.885345598073498,825
gentd26,txt2img,test,blackbox_matched_weight,120,1700000944,4,1701400959,459,7.456757459892851,5.940673691645675,1.0,0.0,5.0,0.0,0.6999415207004782,0.0,0.3842025,0.5553089499999999,5.885345598073498,825
gentd26,image_conditioned,test,dap,120,1700000945,0,1700000945,503,-3.12,-2.573572864063435,1.0,0.0,2.0,0.0,0.0,0.0,1.0445260468750002,1.82094575,9.100826972010177,826
gentd26,image_conditioned,test,no_budget_horizon,120,1700000945,0,1700000945,503,-3.12,-2.573572864063435,1.0,0.0,2.0,0.0,0.0,0.0,1.7201248125,1.78155095,9.100826972010177,826
gentd26,image_conditioned,test,blackbox_matched_weight,120,1700000945,0,1700000945,503,-3.12,-2.573572864063435,1.0,0.0,13.0,0.0,0.0,0.0,1.3217319375,1.3554306,9.100826972010177,826
gentd26,image_conditioned,test,dap,120,1700000945,1,1700100948,369,9.858887253812966,7.442190819251017,1.0,0.0,65.0,0.0,136.72048346055982,0.0,1.72984715625,1.77943685,9.100826972010177,826
gentd26,image_conditioned,test,no_budget_horizon,120,1700000945,1,1700100948,369,9.858887253812966,7.442190819251017,1.0,0.0,65.0,0.0,136.72048346055982,0.0,1.718176375,1.766092,9.100826972010177,826
gentd26,image_conditioned,test,blackbox_matched_weight,120,1700000945,1,1700100948,369,10.068890303961718,7.609988461171126,1.0,0.0,92.0,0.0,134.29007633587787,0.0,1.3719064531249998,1.42266345,9.100826972010177,826
gentd26,image_conditioned,test,dap,120,1700000945,2,1700200951,532,-1.1199999999999997,-1.0930157039862056,1.0,0.0,10.0,0.0,0.0,0.0,1.097558453125,1.82161425,9.100826972010177,826
gentd26,image_conditioned,test,no_budget_horizon,120,1700000945,2,1700200951,532,-1.1199999999999997,-1.0930157039862056,1.0,0.0,10.0,0.0,0.0,0.0,0.7351453124999999,0.8052546499999997,9.100826972010177,826
gentd26,image_conditioned,test,blackbox_matched_weight,120,1700000945,2,1700200951,532,-1.1199999999999997,-1.0930157039862056,1.0,0.0,14.0,0.0,0.0,0.0,0.359128046875,0.3813506499999999,9.100826972010177,826
gentd26,image_conditioned,test,dap,120,1700000945,3,1700300954,499,-3.12,-2.6217109547556694,1.0,0.0,2.0,0.0,0.0,0.0,0.888964578125,1.7699739499999991,9.100826972010177,826
gentd26,image_conditioned,test,no_budget_horizon,120,1700000945,3,1700300954,499,-3.12,-2.6217109547556694,1.0,0.0,2.0,0.0,0.0,0.0,1.70328675,1.7746878499999998,9.100826972010177,826
gentd26,image_conditioned,test,blackbox_matched_weight,120,1700000945,3,1700300954,499,-3.12,-2.6217109547556694,1.0,0.0,9.0,0.0,0.0,0.0,1.3171921875,1.36590935,9.100826972010177,826
gentd26,image_conditioned,test,dap,120,1700000945,4,1700400957,406,3.1531603053435124,2.644823440660642,1.0,0.0,19.0,0.0,12.170992366412214,0.0,1.68678659375,1.7626415999999998,9.100826972010177,826
gentd26,image_conditioned,test,no_budget_horizon,120,1700000945,4,1700400957,406,3.1531603053435124,2.644823440660642,1.0,0.0,19.0,0.0,12.170992366412214,0.0,0.957009453125,1.6938039,9.100826972010177,826
gentd26,image_conditioned,test,blackbox_matched_weight,120,1700000945,4,1700400957,406,3.1531603053435124,2.644823440660642,1.0,0.0,33.0,0.0,12.170992366412214,0.0,0.35532315625,0.3735867499999999,9.100826972010177,826
gentd26,txt2img,test,dap,120,1700000945,0,1701000948,537,34.83715654472037,25.451730362981262,1.0,0.0,13.0,0.0,2.799766082801913,0.0,0.74119921875,0.76346645,5.885345598073498,826
gentd26,txt2img,test,no_budget_horizon,120,1700000945,0,1701000948,537,34.355305830168774,25.00368535332981,1.0,0.0,12.0,0.0,4.899590644903347,0.0,0.7346183749999999,0.7793613499999998,5.885345598073498,826
gentd26,txt2img,test,blackbox_matched_weight,120,1700000945,0,1701000948,537,35.47992202760064,25.96076239630808,1.0,0.0,24.0,0.0,0.0,0.0,0.357336125,0.3763491,5.885345598073498,826
gentd26,txt2img,test,dap,120,1700000945,1,1701100951,280,19.42309991154518,17.099825028324197,1.0,0.0,14.0,0.0,1.0520447532398975,0.0,0.9928783125,1.81401235,5.885345598073498,826
gentd26,txt2img,test,no_budget_horizon,120,1700000945,1,1701100951,280,18.88939024685077,16.632947299908015,1.0,0.0,13.0,0.0,3.9164554914183896,0.0,1.392787859375,1.82476005,5.885345598073498,826
gentd26,txt2img,test,blackbox_matched_weight,120,1700000945,1,1701100951,280,19.52993177415056,17.206656890929576,1.0,0.0,23.0,0.0,0.0,0.0,0.596351125,1.4167899499999996,5.885345598073498,826
gentd26,txt2img,test,dap,120,1700000945,2,1701200954,216,-408.4527866961265,-227.0083623134476,0.6682295743644922,0.375,120.0,0.0,5786.4425555255,498.7999610138003,0.656082109375,0.8138837499999999,5.885345598073498,826
gentd26,txt2img,test,no_budget_horizon,120,1700000945,2,1701200954,216,-397.1585292349103,-220.6438098546147,0.6778953450441455,0.375,120.0,0.0,5623.719223279539,498.7999610138003,0.7149191875,1.3296687999999968,5.885345598073498,826
gentd26,txt2img,test,blackbox_matched_weight,120,1700000945,2,1701200954,216,-437.5139466988627,-244.0712027625956,0.6466674705406501,0.375,120.0,0.0,6116.209693043353,498.7999610138003,0.303657328125,0.3683857,5.885345598073498,826
gentd26,txt2img,test,dap,120,1700000945,3,1701300957,257,-128.20228572651052,-112.96003394879946,1.0,0.359375,118.0,0.0,2364.9365421694133,0.0,0.687208765625,0.8197838,5.885345598073498,826
gentd26,txt2img,test,no_budget_horizon,120,1700000945,3,1701300957,257,-128.73599539120494,-113.33055478278564,1.0,0.359375,117.0,0.0,2367.800952907592,0.0,0.7052357499999999,0.7722702,5.885345598073498,826
gentd26,txt2img,test,blackbox_matched_weight,120,1700000945,3,1701300957,257,-128.8518359336315,-113.40003184717308,1.0,0.359375,120.0,0.0,2371.6208154480864,0.0,0.5799848593749999,1.35808775,5.885345598073498,826
gentd26,txt2img,test,dap,120,1700000945,4,1701400960,479,10.45675745989285,5.669091760230703,1.0,0.0,1.0,0.0,0.6999415207004782,0.0,1.076235390625,1.7739246999999998,5.885345598073498,826
gentd26,txt2img,test,no_budget_horizon,120,1700000945,4,1701400960,479,10.45675745989285,5.669091760230703,1.0,0.0,1.0,0.0,0.6999415207004782,0.0,1.693923421875,1.7619045,5.885345598073498,826
gentd26,txt2img,test,blackbox_matched_weight,120,1700000945,4,1701400960,479,10.629951267250398,5.763855902347332,1.0,0.0,6.0,0.0,0.0,0.0,1.303126296875,1.34746895,5.885345598073498,826
gentd26,image_conditioned,test,dap,120,1700000946,0,1700000946,118,24.455215996643343,19.143051586087044,1.0,0.0,111.0,0.0,162.18625954198473,0.0,0.7259134218750001,0.7520168500000001,9.100826972010177,827
gentd26,image_conditioned,test,no_budget_horizon,120,1700000946,0,1700000946,118,-524.3356836502468,-310.3004890123766,0.786920280044869,0.484375,120.0,0.0,6743.554198473281,269.12977099236633,0.45996121875,0.7586583,9.100826972010177,827
gentd26,image_conditioned,test,blackbox_matched_weight,120,1700000946,0,1700000946,118,-130.79673991173593,-71.27460768314285,0.9479923650865794,0.3125,120.0,0.0,1725.9117048346052,65.68810432569973,0.27858090625,0.3668319,9.100826972010177,827
gentd26,image_conditioned,test,dap,120,1700000946,1,1700100949,195,8.547497440240697,5.519886538534905,0.9468531468531468,0.0,70.0,0.0,165.33129770992366,45.94809160305344,0.7227269375,0.7528247499999999,9.100826972010177,827
gentd26,image_conditioned,test,no_budget_horizon,120,1700000946,1,1700100949,195,8.547497440240697,5.519886538534905,0.9468531468531468,0.0,96.0,0.0,165.33129770992366,45.94809160305344,0.961026640625,1.91160745,9.100826972010177,827
gentd26,image_conditioned,test,blackbox_matched_weight,120,1700000946,1,1700100949,195,8.547497440240697,5.519886538534905,0.9468531468531468,0.0,82.0,0.0,165.33129770992366,45.94809160305344,1.33369096875,1.37899875,9.100826972010177,827
gentd26,image_conditioned,test,dap,120,1700000946,2,1700200952,470,-5.12,-3.795228099795501,0.0,0.0,0.0,0.0,0.0,0.0,0.855765421875,1.7251005,9.100826972010177,827
gentd26,image_conditioned,test,no_budget_horizon,120,1700000946,2,1700200952,470,-5.12,-3.795228099795501,0.0,0.0,0.0,0.0,0.0,0.0,0.78677209375,1.08056815,9.100826972010177,827
gentd26,image_conditioned,test,blackbox_matched_weight,120,1700000946,2,1700200952,470,-5.12,-3.795228099795501,0.0,0.0,2.0,0.0,0.0,0.0,0.360476015625,0.37614,9.100826972010177,827
gentd26,image_conditioned,test,dap,120,1700000946,3,1700300955,235,-259.4159064251709,-157.95189465723797,0.9348071610434496,0.546875,120.0,0.0,3458.961068702288,107.5807251908396,0.5845701875,0.8189172999999998,9.100826972010177,827
gentd26,image_conditioned,test,no_budget_horizon,120,1700000946,3,1700300955,235,-758.1419559549188,-458.67895299713655,0.7722017064553812,0.546875,120.0,0.0,10112.992111959287,375.9110050890585,0.5309223437499999,0.8135752999999999,9.100826972010177,827
gentd26,image_conditioned,test,blackbox_matched_weight,120,1700000946,3,1700300955,235,-498.3379182259636,-300.6563786973552,0.8516178466971851,0.546875,120.0,0.0,6634.656043256995,244.8590966921119,0.26906375,0.3945493499999998,9.100826972010177,827
gentd26,image_conditioned,test,dap,120,1700000946,4,1700400958,490,-4.12,-3.208191317858016,1.0,0.0,1.0,0.0,0.0,0.0,0.75553965625,0.8586035999999999,9.100826972010177,827
gentd26,image_conditioned,test,no_budget_horizon,120,1700000946,4,1700400958,490,-4.12,-3.208191317858016,1.0,0.0,4.0,0.0,0.0,0.0,0.75833140625,0.7984591,9.100826972010177,827
gentd26,image_conditioned,test,blackbox_matched_weight,120,1700000946,4,1700400958,490,-4.12,-3.208191317858016,1.0,0.0,4.0,0.0,0.0,0.0,0.3603616874999999,0.3784308999999999,9.100826972010177,827
gentd26,txt2img,test,dap,120,1700000946,0,1701000949,67,-182.48778021067255,-99.92974463997218,0.7285045959173632,0.203125,120.0,0.0,2708.5529453145623,384.3545436824456,0.671909234375,0.7791663499999999,5.885345598073498,827
gentd26,txt2img,test,no_budget_horizon,120,1700000946,0,1701000949,67,-286.87935535556045,-158.96602830127557,0.6547254542947768,0.265625,120.0,0.0,3995.066523186844,488.80326688440607,0.6507158906249999,0.8440431499999999,5.885345598073498,827
gentd26,txt2img,test,blackbox_matched_weight,120,1700000946,0,1701000949,67,-261.69636109074844,-144.61820856503147,0.6706538327269563,0.25,120.0,0.0,3685.3765853061823,466.25354953435385,0.339325328125,0.5037179499999999,5.885345598073498,827
gentd26,txt2img,test,dap,120,1700000946,1,1701100952,442,11.920861100312178,10.747216800549324,1.0,0.0,1.0,0.0,6.349678363852632,0.0,0.7888980625,0.9978730499999998,5.885345598073498,827
gentd26,txt2img,test,no_budget_horizon,120,1700000946,1,1701100952,442,12.33357339908522,11.151642929220891,1.0,0.0,8.0,0.0,1.3998830414009564,0.0,0.737150015625,0.7670579000000001,5.885345598073498,827
gentd26,txt2img,test,blackbox_matched_weight,120,1700000946,1,1701100952,442,12.33357339908522,11.151642929220891,1.0,0.0,6.0,0.0,1.3998830414009564,0.0,0.355361015625,0.3680448999999999,5.885345598073498,827
gentd26,txt2img,test,dap,120,1700000946,2,1701200955,39,-7.228908068625158,-4.773499349092225,1.0,0.046875,63.0,0.0,293.61754306052217,0.0,0.750130828125,0.80406445,5.885345598073498,827
gentd26,txt2img,test,no_budget_horizon,120,1700000946,2,1701200955,39,-5.878109275508846,-4.041375402292532,1.0,0.046875,73.0,0.0,283.79703704882365,0.0,0.7469483749999999,0.7983438499999999,5.885345598073498,827
gentd26,txt2img,test,blackbox_matched_weight,120,1700000946,2,1701200955,39,-5.878109275508846,-4.041375402292532,1.0,0.046875,70.0,0.0,283.79703704882365,0.0,0.3780840937499999,0.4795152499999997,5.885345598073498,827
gentd26,txt2img,test,dap,120,1700000946,3,1701300958,70,-282.03639202213924,-156.25107242865448,0.7023388010651342,0.25,120.0,0.0,4008.3147635036144,443.4537834515518,0.653513421875,0.8180893999999999,5.885345598073498,827
gentd26,txt2img,test,no_budget_horizon,120,1700000946,3,1701300958,70,-400.8505557901352,-224.8370230688946,0.6322292804437861,0.3125,120.0,0.0,5495.066523186844,500.0,0.6418804062500001,0.8570751499999999,5.885345598073498,827
gentd26,txt2img,test,blackbox_matched_weight,120,1700000946,3,1701300958,70,-385.0555314160588,-215.49750804162613,0.6409202556996821,0.296875,120.0,0.0,5313.7978787661805,500.0,0.302523328125,0.4023812499999999,5.885345598073498,827
gentd26,txt2img,test,dap,120,1700000946,4,1701400961,356,30.5204812588536,20.111109592631,1.0,0.0,11.0,0.0,42.3955088627301,0.0,0.7750514218750001,0.89891775,5.885345598073498,827
gentd26,txt2img,test,no_budget_horizon,120,1700000946,4,1701400961,356,34.387861116553175,22.723986222253416,1.0,0.0,41.0,0.0,20.198869400209244,0.0,0.786411140625,0.8911318499999998,5.885345598073498,827
gentd26,txt2img,test,blackbox_matched_weight,120,1700000946,4,1701400961,356,31.442927387783424,21.08114313015105,1.0,0.015625,18.0,0.0,26.60039758630336,0.0,0.393317171875,0.43079495,5.885345598073498,827
gentd26,image_conditioned,test,dap,120,1700000947,0,1700000947,352,9.068890303961718,5.3337301990667925,1.0,0.0,65.0,0.0,134.29007633587787,0.0,0.969367859375,1.1417098,9.100826972010177,828
gentd26,image_conditioned,test,no_budget_horizon,120,1700000947,0,1700000947,352,9.068890303961718,5.3337301990667925,1.0,0.0,65.0,0.0,134.29007633587787,0.0,1.144907328125,1.19879215,9.100826972010177,828
gentd26,image_conditioned,test,blackbox_matched_weight,120,1700000947,0,1700000947,352,-168.6763678589949,-94.43010506804704,0.68877440919876,0.21875,120.0,0.0,2116.141857506361,226.42398218829516,0.773281125,0.9447616,9.100826972010177,828
gentd26,image_conditioned,test,dap,120,1700000947,1,1700100950,37,-93.19633478626788,-53.10255361281559,0.8497960326602304,0.203125,68.0,0.0,1595.603053435114,144.1343511450381,1.130796,1.15779635,9.100826972010177,828
gentd26,image_conditioned,test,no_budget_horizon,120,1700000947,1,1700100950,37,-93.19633478626788,-53.10255361281559,0.8497960326602304,0.203125,68.0,0.0,1595.603053435114,144.1343511450381,1.077972015625,1.10024275,9.100826972010177,828
gentd26,image_conditioned,test,blackbox_matched_weight,120,1700000947,1,1700100950,37,-186.3093684000012,-103.49860063822295,0.5766548083470691,0.203125,120.0,0.0,2512.96641221374,406.23816793893127,0.809290296875,0.8922608,9.100826972010177,828
gentd26,image_conditioned,test,dap,120,1700000947,2,1700200953,483,-4.12,-3.24807145740474,1.0,0.0,1.0,0.0,0.0,0.0,1.105024640625,1.1392082499999998,9.100826972010177,828
gentd26,image_conditioned,test,no_budget_horizon,120,1700000947,2,1700200953,483,-4.12,-3.24807145740474,1.0,0.0,1.0,0.0,0.0,0.0,1.110808125,1.12678745,9.100826972010177,828
gentd26,image_conditioned,test,blackbox_matched_weight,120,1700000947,2,1700200953,483,-4.12,-3.24807145740474,1.0,0.0,91.0,0.0,0.0,0.0,0.8838138125,0.9249057,9.100826972010177,828
gentd26,image_conditioned,test,dap,120,1700000947,3,1700300956,408,3.1531603053435124,2.775582573050273,1.0,0.0,19.0,0.0,12.170992366412214,0.0,1.116793515625,1.1856624,9.100826972010177,828
gentd26,image_conditioned,test,no_budget_horizon,120,1700000947,3,1700300956,408,3.1531603053435124,2.775582573050273,1.0,0.0,19.0,0.0,12.170992366412214,0.0,1.0989877031250002,1.1311014499999998,9.100826972010177,828
gentd26,image_conditioned,test,blackbox_matched_weight,120,1700000947,3,1700300956,408,3.1531603053435124,2.775582573050273,1.0,0.0,120.0,0.0,12.170992366412214,0.0,0.8425938125000001,0.9147648,9.100826972010177,828
gentd26,image_conditioned,test,dap,120,1700000947,4,1700400959,43,-107.77720601187802,-64.27545617690595,0.9999999999999998,0.234375,88.0,0.0,1904.3786259541976,0.0,1.1201780625,1.1938716,9.100826972010177,828
gentd26,image_conditioned,test,no_budget_horizon,120,1700000947,4,1700400959,43,-107.77720601187802,-64.27545617690595,0.9999999999999998,0.234375,88.0,0.0,1904.3786259541976,0.0,1.1044036875,1.1416377,9.100826972010177,828
gentd26,image_conditioned,test,blackbox_matched_weight,120,1700000947,4,1700400959,43,-333.60554089452296,-188.5920482523229,0.6121889269901065,0.296875,120.0,0.0,4514.76151399491,409.9003180661577,0.75836525,0.89843695,9.100826972010177,828
gentd26,txt2img,test,dap,120,1700000947,0,1701000950,97,-657.8351498290413,-391.547017136618,0.7238336358336377,0.625,120.0,0.0,8784.917517832211,412.217979765632,0.8089632656250001,1.1231939,5.885345598073498,828
gentd26,txt2img,test,no_budget_horizon,120,1700000947,0,1701000950,97,-657.8351498290413,-391.547017136618,0.7238336358336377,0.625,120.0,0.0,8784.917517832211,412.217979765632,0.8116386875,1.1351025,5.885345598073498,828
gentd26,txt2img,test,blackbox_matched_weight,120,1700000947,0,1701000950,97,-791.8981199503601,-474.06629001179175,0.68203889009249,0.625,120.0,0.0,10554.052404613109,474.6026431052111,0.229938390625,0.8853164499999995,5.885345598073498,828
gentd26,txt2img,test,dap,120,1700000947,1,1701100953,316,1.7299707603502397,0.7010139478332233,1.0,0.0,1.0,0.0,0.0,0.0,0.547948078125,0.5993986499999999,5.885345598073498,828
gentd26,txt2img,test,no_budget_horizon,120,1700000947,1,1701100953,316,1.7299707603502397,0.7010139478332233,1.0,0.0,1.0,0.0,0.0,0.0,0.55827278125,0.6177867,5.885345598073498,828
gentd26,txt2img,test,blackbox_matched_weight,120,1700000947,1,1701100953,316,1.7299707603502397,0.7010139478332233,1.0,0.0,113.0,0.0,0.0,0.0,0.234103046875,0.2474724999999999,5.885345598073498,828
gentd26,txt2img,test,dap,120,1700000947,2,1701200956,590,7.679961013800318,7.522363618571832,1.0,0.0,1.0,0.0,0.0,0.0,0.54489390625,0.5997625999999999,5.885345598073498,828
gentd26,txt2img,test,no_budget_horizon,120,1700000947,2,1701200956,590,7.679961013800318,7.522363618571832,1.0,0.0,1.0,0.0,0.0,0.0,0.5379122187500001,0.59820125,5.885345598073498,828
gentd26,txt2img,test,blackbox_matched_weight,120,1700000947,2,1701200956,590,7.679961013800318,7.522363618571832,1.0,0.0,113.0,0.0,0.0,0.0,0.230125765625,0.2388304999999999,5.885345598073498,828
gentd26,txt2img,test,dap,120,1700000947,3,1701300959,509,25.3799025345008,18.550968195462204,1.0,0.0,5.0,0.0,0.0,0.0,0.5423212343749999,0.6120667,5.885345598073498,828
gentd26,txt2img,test,no_budget_horizon,120,1700000947,3,1701300959,509,25.3799025345008,18.550968195462204,1.0,0.0,5.0,0.0,0.0,0.0,0.5515651874999999,0.6157725000000001,5.885345598073498,828
gentd26,txt2img,test,blackbox_matched_weight,120,1700000947,3,1701300959,509,25.3799025345008,18.550968195462204,1.0,0.0,89.0,0.0,0.0,0.0,0.2364421562499999,0.2960491499999998,5.885345598073498,828
gentd26,txt2img,test,dap,120,1700000947,4,1701400962,178,8.343234741657819,4.541381049472212,1.0,0.0,61.0,0.0,98.95573475062758,0.0,0.5557533906250001,0.6137815999999999,5.885345598073498,828
gentd26,txt2img,test,no_budget_horizon,120,1700000947,4,1701400962,178,8.343234741657819,4.541381049472212,1.0,0.0,61.0,0.0,98.95573475062758,0.0,0.5536123749999999,0.6420665499999999,5.885345598073498,828
gentd26,txt2img,test,blackbox_matched_weight,120,1700000947,4,1701400962,178,-127.87737474423471,-70.31823227128999,0.4941513951540197,0.15625,120.0,0.0,1572.9922902801045,237.899296259314,0.22415546875,0.3541046499999999,5.885345598073498,828
gentd26,image_conditioned,test,dap,120,1700000948,0,1700000948,468,-5.12,-3.795228099795501,0.0,0.0,0.0,0.0,0.0,0.0,0.7847560625000001,0.8894955999999997,9.100826972010177,829
gentd26,image_conditioned,test,no_budget_horizon,120,1700000948,0,1700000948,468,-5.12,-3.795228099795501,0.0,0.0,0.0,0.0,0.0,0.0,1.5741601875,2.00753305,9.100826972010177,829
gentd26,image_conditioned,test,blackbox_matched_weight,120,1700000948,0,1700000948,468,-5.12,-3.795228099795501,0.0,0.0,4.0,0.0,0.0,0.0,0.4827823125,1.3120617999999975,9.100826972010177,829
gentd26,image_conditioned,test,dap,120,1700000948,1,1700100951,104,-218.96174803992224,-128.2046692580398,0.8546614725635013,0.328125,120.0,0.0,3113.1639949109413,251.76183206106867,1.38156940625,1.8880016,9.100826972010177,829
gentd26,image_conditioned,test,no_budget_horizon,120,1700000948,1,1700100951,104,-636.6827275112331,-381.6693118356597,0.7329511569218475,0.5,120.0,0.0,8461.865966921117,462.59382951653936,1.18326321875,1.7730234,9.100826972010177,829
gentd26,image_conditioned,test,blackbox_matched_weight,120,1700000948,1,1700100951,104,-359.32640629883315,-213.10749619560664,0.8145176358604642,0.453125,120.0,0.0,4769.894847328244,321.30076335877857,0.9547179375,1.37344235,9.100826972010177,829
gentd26,image_conditioned,test,dap,120,1700000948,2,1700200954,239,-143.42443627047896,-93.29663999697036,0.985595320027529,0.484375,120.0,0.0,1971.1571246819333,22.367938931297708,1.361168765625,1.8392571,9.100826972010177,829
gentd26,image_conditioned,test,no_budget_horizon,120,1700000948,2,1700200954,239,-180.9581258394097,-115.7224537296292,0.9735630714777306,0.53125,120.0,0.0,2366.810559796437,41.05190839694654,0.935331828125,1.81003845,9.100826972010177,829
gentd26,image_conditioned,test,blackbox_matched_weight,120,1700000948,2,1700200954,239,-204.7916849815529,-130.44717989410225,0.9675469472028312,0.578125,120.0,0.0,2606.0181933842227,50.393893129770966,0.998697859375,1.4172739,9.100826972010177,829
gentd26,image_conditioned,test,dap,120,1700000948,3,1700300957,463,-5.12,-3.795228099795501,0.0,0.0,0.0,0.0,0.0,0.0,1.19486378125,1.93862755,9.100826972010177,829
gentd26,image_conditioned,test,no_budget_horizon,120,1700000948,3,1700300957,463,-5.12,-3.795228099795501,0.0,0.0,0.0,0.0,0.0,0.0,1.1263225,1.85296875,9.100826972010177,829
gentd26,image_conditioned,test,blackbox_matched_weight,120,1700000948,3,1700300957,463,-5.12,-3.795228099795501,0.0,0.0,4.0,0.0,0.0,0.0,0.3639929374999999,0.3964984,9.100826972010177,829
gentd26,image_conditioned,test,dap,120,1700000948,4,1700400960,440,-2.12,-1.23920746025111,1.0,0.0,6.0,0.0,0.0,0.0,0.7512885937499999,0.7764295999999999,9.100826972010177,829
gentd26,image_conditioned,test,no_budget_horizon,120,1700000948,4,1700400960,440,-2.12,-1.23920746025111,1.0,0.0,6.0,0.0,0.0,0.0,0.7590493593750001,0.8178036999999999,9.100826972010177,829
gentd26,image_conditioned,test,blackbox_matched_weight,120,1700000948,4,1700400960,440,-2.12,-1.23920746025111,1.0,0.0,11.0,0.0,0.0,0.0,0.3595075625,0.37996955,9.100826972010177,829
gentd26,txt2img,test,dap,120,1700000948,0,1701000951,95,-622.7120912663278,-367.6031768511952,0.7212310419482075,0.59375,120.0,0.0,8373.620024452572,428.0199757861223,0.5524577500000001,0.77591945,5.885345598073498,829
gentd26,txt2img,test,no_budget_horizon,120,1700000948,0,1701000951,95,-634.5199488094449,-374.6433835985056,0.7173979225777006,0.59375,120.0,0.0,8515.90165863737,433.9053213841958,1.25031821875,1.7603014,5.885345598073498,829
gentd26,txt2img,test,blackbox_matched_weight,120,1700000948,0,1701000951,95,-677.8000787570215,-400.8553461827944,0.7028320689697747,0.59375,120.0,0.0,9111.646627395368,456.2696346568751,0.9408615625,1.3905687999999998,5.885345598073498,829
gentd26,txt2img,test,dap,120,1700000948,1,1701100954,117,-303.30580404093143,-211.1741967547847,0.978147250423614,0.75,120.0,0.0,3590.715527712692,24.812646612642943,1.1429264687499998,1.81513185,5.885345598073498,829
gentd26,txt2img,test,no_budget_horizon,120,1700000948,1,1701100954,117,-303.30580404093143,-211.1741967547847,0.978147250423614,0.75,120.0,0.0,3590.715527712692,24.812646612642943,1.089816546875,1.82563385,5.885345598073498,829
gentd26,txt2img,test,blackbox_matched_weight,120,1700000948,1,1701100954,117,-390.6697181505047,-266.4673895667649,0.948084205715357,0.765625,120.0,0.0,4743.7468085021765,58.947651081469246,0.233361234375,0.3867287499999999,5.885345598073498,829
gentd26,txt2img,test,dap,120,1700000948,2,1701200957,577,15.860003709895793,13.82061289276778,1.0,0.0,5.0,0.0,10.372453299439195,0.0,0.874147515625,1.1511207499999991,5.885345598073498,829
gentd26,txt2img,test,no_budget_horizon,120,1700000948,2,1701200957,577,15.860003709895793,13.82061289276778,1.0,0.0,5.0,0.0,10.372453299439195,0.0,0.766921359375,0.8631665999999999,5.885345598073498,829
gentd26,txt2img,test,blackbox_matched_weight,120,1700000948,2,1701200957,577,17.333573399085225,15.153998584674802,1.0,0.0,11.0,0.0,1.3998830414009564,0.0,0.47941115625,1.31693355,5.885345598073498,829
gentd26,txt2img,test,dap,120,1700000948,3,1701300960,291,9.5669487031684,9.160327127380995,1.0000000000000002,0.0,3.0,0.0,5.46433276577913,0.0,0.7660240625,0.7959959,5.885345598073498,829
gentd26,txt2img,test,no_budget_horizon,120,1700000948,3,1701300960,291,9.5669487031684,9.160327127380995,1.0000000000000002,0.0,2.0,0.0,5.46433276577913,0.0,0.776280296875,0.8966464,5.885345598073498,829
gentd26,txt2img,test,blackbox_matched_weight,120,1700000948,3,1701300960,291,10.579941520700478,10.094422736282104,1.0,0.0,8.0,0.0,0.0,0.0,0.3907446249999999,0.4703845499999995,5.885345598073498,829
gentd26,txt2img,test,dap,120,1700000948,4,1701400963,254,-362.2032574012076,-277.59133967811994,1.0,0.875,120.0,0.0,4929.842817986175,0.0,0.498267140625,0.8130259999999999,5.885345598073498,829
gentd26,txt2img,test,no_budget_horizon,120,1700000948,4,1701400963,254,-362.2032574012076,-277.59133967811994,1.0,0.875,120.0,0.0,4929.842817986175,0.0,0.5265068125,0.8080049999999999,5.885345598073498,829
gentd26,txt2img,test,blackbox_matched_weight,120,1700000948,4,1701400963,254,-362.2032574012076,-277.59133967811994,1.0,0.875,120.0,0.0,4929.842817986175,0.0,0.24574446875,0.4647099999999998,5.885345598073498,829
gentd26,image_conditioned,test,dap,144,1700000939,0,1700000939,66,-159.46984573845134,-109.77436982690011,0.949221801066452,0.390625,144.0,0.0,2721.76641221374,91.70992366412212,1.537095921875,1.8385372,9.100826972010177,820
gentd26,image_conditioned,test,no_budget_horizon,144,1700000939,0,1700000939,66,-159.46984573845134,-109.77436982690011,0.949221801066452,0.390625,144.0,0.0,2721.76641221374,91.70992366412212,1.261007171875,1.8652772,9.100826972010177,820
gentd26,image_conditioned,test,blackbox_matched_weight,144,1700000939,0,1700000939,66,-204.46402270906677,-134.81431482660818,0.9198622471233858,0.46875,144.0,0.0,3160.3160305343504,144.73587786259537,1.164177875,1.37082615,9.100826972010177,820
gentd26,image_conditioned,test,dap,144,1700000939,1,1700100942,73,-291.637888050872,-189.30825154980653,0.8217580573444828,0.5,144.0,0.0,4365.482442748091,379.4458015267175,0.95098190625,1.7472822,9.100826972010177,820
gentd26,image_conditioned,test,no_budget_horizon,144,1700000939,1,1700100942,73,-291.637888050872,-189.30825154980653,0.8217580573444828,0.5,144.0,0.0,4365.482442748091,379.4458015267175,0.6779280625,0.8650302999999999,9.100826972010177,820
gentd26,image_conditioned,test,blackbox_matched_weight,144,1700000939,1,1700100942,73,-363.4013001297671,-230.82357721288923,0.7968494958332736,0.578125,144.0,0.0,5175.2137404580135,432.4717557251908,0.306650765625,0.4998187999999997,9.100826972010177,820
gentd26,image_conditioned,test,dap,144,1700000939,2,1700200945,182,8.153160305343512,4.075854434575395,1.0,0.0,37.0,0.0,12.170992366412214,0.0,0.78975115625,0.97449875,9.100826972010177,820
gentd26,image_conditioned,test,no_budget_horizon,144,1700000939,2,1700200945,182,8.153160305343512,4.075854434575395,1.0,0.0,37.0,0.0,12.170992366412214,0.0,0.76579559375,0.8471146499999999,9.100826972010177,820
gentd26,image_conditioned,test,blackbox_matched_weight,144,1700000939,2,1700200945,182,8.153160305343512,4.075854434575395,1.0,0.0,53.0,0.0,12.170992366412214,0.0,0.373697140625,0.4310209,9.100826972010177,820
gentd26,image_conditioned,test,dap,144,1700000939,3,1700300948,574,-1.1199999999999997,-0.6655502062416275,1.0,0.0,10.0,0.0,0.0,0.0,0.7931534687499999,0.9255282,9.100826972010177,820
gentd26,image_conditioned,test,no_budget_horizon,144,1700000939,3,1700300948,574,-1.1199999999999997,-0.6655502062416275,1.0,0.0,10.0,0.0,0.0,0.0,0.77499621875,0.85577585,9.100826972010177,820
gentd26,image_conditioned,test,blackbox_matched_weight,144,1700000939,3,1700300948,574,-1.1199999999999997,-0.6655502062416275,1.0,0.0,13.0,0.0,0.0,0.0,0.36176234375,0.37983345,9.100826972010177,820
gentd26,image_conditioned,test,dap,144,1700000939,4,1700400951,217,-76.65446100050067,-41.8133448335138,0.972457136997305,0.25,144.0,0.0,1517.78937659033,49.13848600508898,0.78991178125,0.9892617999999996,9.100826972010177,820
gentd26,image_conditioned,test,no_budget_horizon,144,1700000939,4,1700400951,217,-76.65446100050067,-41.8133448335138,0.972457136997305,0.25,144.0,0.0,1517.78937659033,49.13848600508898,0.7336918593749999,0.7859117,9.100826972010177,820
gentd26,image_conditioned,test,blackbox_matched_weight,144,1700000939,4,1700400951,217,-176.23874834416023,-96.15618352571474,0.8567417913777089,0.265625,144.0,0.0,2706.6376590330783,255.5831424936386,0.3272421562499999,0.36602895,9.100826972010177,820
gentd26,txt2img,test,dap,144,1700000939,0,1701000942,528,33.478489890976405,24.19650964013931,1.0,0.0,13.0,0.0,4.199649124202868,0.0,0.78957021875,1.067873399999999,5.885345598073498,820
gentd26,txt2img,test,no_budget_horizon,144,1700000939,0,1701000942,528,32.94919699158882,23.898038626905063,1.0,0.0,12.0,0.0,6.799571151803506,0.0,0.77036984375,0.87151925,5.885345598073498,820
gentd26,txt2img,test,blackbox_matched_weight,144,1700000939,0,1701000942,528,34.47992202760064,25.005151420867666,1.0,0.0,26.0,0.0,0.0,0.0,0.356488171875,0.3715451999999999,5.885345598073498,820
gentd26,txt2img,test,dap,144,1700000939,1,1701100945,43,-1.398826122671187,-1.5687381289793163,0.9999999999999998,0.046875,70.0,0.0,281.197115021223,0.0,0.758257765625,0.8072920499999998,5.885345598073498,820
gentd26,txt2img,test,no_budget_horizon,144,1700000939,1,1701100945,43,-2.407402174896427,-2.1879884057428924,0.9999999999999998,0.046875,68.0,0.0,286.39695907642425,0.0,0.7783504375,0.8748355499999999,5.885345598073498,820
gentd26,txt2img,test,blackbox_matched_weight,144,1700000939,1,1701100945,43,-1.398826122671187,-1.5687381289793163,0.9999999999999998,0.046875,80.0,0.0,281.197115021223,0.0,0.36322153125,0.38107355,5.885345598073498,820
gentd26,txt2img,test,dap,144,1700000939,2,1701200948,172,8.186191148206776,4.901347552912649,0.997005988023952,0.0,38.0,0.0,38.101664637792936,0.9499902534500748,0.7736663281249999,0.8628647999999998,5.885345598073498,820
gentd26,txt2img,test,no_budget_horizon,144,1700000939,2,1701200948,172,7.97469078594913,4.778430645794693,0.997005988023952,0.0,37.0,0.0,39.66824683436029,0.9499902534500748,0.765449875,0.8751486499999999,5.885345598073498,820
gentd26,txt2img,test,blackbox_matched_weight,144,1700000939,2,1701200948,172,8.186191148206776,4.901347552912649,0.997005988023952,0.0,42.0,0.0,38.101664637792936,0.9499902534500748,0.360112296875,0.37655425,5.885345598073498,820
gentd26,txt2img,test,dap,144,1700000939,3,1701300951,160,6.729970760350239,6.778798942324167,1.0,0.0,1.0,0.0,0.0,0.0,0.8122259218749999,0.8869733999999999,5.885345598073498,820
gentd26,txt2img,test,no_budget_horizon,144,1700000939,3,1701300951,160,6.200677860962657,6.265226571341297,0.9999999999999998,0.0,0.0,0.0,2.5999220276006376,0.0,0.7784774999999999,0.87254265,5.885345598073498,820
gentd26,txt2img,test,blackbox_matched_weight,144,1700000939,3,1701300951,160,6.729970760350239,6.778798942324167,1.0,0.0,9.0,0.0,0.0,0.0,0.42323725,0.691547299999999,5.885345598073498,820
gentd26,txt2img,test,dap,144,1700000939,4,1701400954,164,7.7193247419323585,6.2913725734481885,1.0,0.0,8.0,0.0,0.1020544997898156,0.0,1.71681909375,1.78594075,5.885345598073498,820
gentd26,txt2img,test,no_budget_horizon,144,1700000939,4,1701400954,164,7.507824379674713,6.1779516495496045,1.0,0.0,7.0,0.0,1.6686366963571686,0.0,1.72270246875,1.76272785,5.885345598073498,820
gentd26,txt2img,test,blackbox_matched_weight,144,1700000939,4,1701400954,164,7.7193247419323585,6.2913725734481885,1.0,0.0,14.0,0.0,0.1020544997898156,0.0,1.1443199375000002,1.4496221499999995,5.885345598073498,820
gentd26,image_conditioned,test,dap,144,1700000940,0,1700000940,545,-0.1199999999999996,-0.6138769201016279,1.0,0.0,11.0,0.0,0.0,0.0,0.7782582343750001,1.0644718999999998,9.100826972010177,821
gentd26,image_conditioned,test,no_budget_horizon,144,1700000940,0,1700000940,545,-0.1199999999999996,-0.6138769201016279,1.0,0.0,11.0,0.0,0.0,0.0,0.7533385625,0.8109554,9.100826972010177,821
gentd26,image_conditioned,test,blackbox_matched_weight,144,1700000940,0,1700000940,545,-0.1199999999999996,-0.6138769201016279,1.0,0.0,18.0,0.0,0.0,0.0,0.361503453125,0.4296907999999999,9.100826972010177,821
gentd26,image_conditioned,test,dap,144,1700000940,1,1700100943,2,0.9777096249085536,1.7687670280809364,1.0,0.0,22.0,0.0,15.31603053435115,0.0,0.7542020624999999,0.8176543000000001,9.100826972010177,821
gentd26,image_conditioned,test,no_budget_horizon,144,1700000940,1,1700100943,2,0.9777096249085536,1.7687670280809364,1.0,0.0,22.0,0.0,15.31603053435115,0.0,0.765799,0.8607127,9.100826972010177,821
gentd26,image_conditioned,test,blackbox_matched_weight,144,1700000940,1,1700100943,2,0.9777096249085536,1.7687670280809364,1.0,0.0,38.0,0.0,15.31603053435115,0.0,0.381752984375,0.55370285,9.100826972010177,821
gentd26,image_conditioned,test,dap,144,1700000940,2,1700200946,388,9.068890303961718,7.977632604989332,1.0,0.0,61.0,0.0,134.29007633587787,0.0,0.761340671875,0.8662614499999998,9.100826972010177,821
gentd26,image_conditioned,test,no_budget_horizon,144,1700000940,2,1700200946,388,8.858887253812966,7.7745292226058575,1.0,0.0,60.0,0.0,136.72048346055982,0.0,0.7838276562500001,0.8733910500000001,9.100826972010177,821
gentd26,image_conditioned,test,blackbox_matched_weight,144,1700000940,2,1700200946,388,8.625457058978867,7.5845800850205425,1.0,0.0,90.0,0.0,139.90031806615778,0.0,0.3720084374999999,0.5223036499999998,9.100826972010177,821
gentd26,image_conditioned,test,dap,144,1700000940,3,1700300949,157,3.780890879979809,4.6508382419146495,1.0,0.0,26.0,0.0,18.461068702290085,0.0,0.821862828125,1.0180955,9.100826972010177,821
gentd26,image_conditioned,test,no_budget_horizon,144,1700000940,3,1700300949,157,3.780890879979809,4.6508382419146495,1.0,0.0,26.0,0.0,18.461068702290085,0.0,0.8269060156250001,0.98677075,9.100826972010177,821
gentd26,image_conditioned,test,blackbox_matched_weight,144,1700000940,3,1700300949,157,3.780890879979809,4.6508382419146495,1.0,0.0,53.0,0.0,18.461068702290085,0.0,0.388191234375,0.4444182499999999,9.100826972010177,821
gentd26,image_conditioned,test,dap,144,1700000940,4,1700400952,155,4.780890879979808,5.4727615217146175,1.0,0.0,28.0,0.0,18.461068702290085,0.0,0.7903706562499999,0.91117305,9.100826972010177,821
gentd26,image_conditioned,test,no_budget_horizon,144,1700000940,4,1700400952,155,4.780890879979808,5.4727615217146175,1.0,0.0,28.0,0.0,18.461068702290085,0.0,0.7898250156250001,0.9268441499999998,9.100826972010177,821
gentd26,image_conditioned,test,blackbox_matched_weight,144,1700000940,4,1700400952,155,4.780890879979808,5.4727615217146175,1.0,0.0,57.0,0.0,18.461068702290085,0.0,0.3579685625,0.37308735,9.100826972010177,821
gentd26,txt2img,test,dap,144,1700000940,0,1701000943,125,13.65364413776742,7.112421729525632,1.0,0.078125,104.0,0.0,283.8808374872207,0.0,0.766488484375,0.800006,5.885345598073498,821
gentd26,txt2img,test,no_budget_horizon,144,1700000940,0,1701000943,125,12.736752713931368,6.434057373632996,1.0,0.078125,101.0,0.0,289.56798417478603,0.0,0.7675277968750001,0.8057696,5.885345598073498,821
gentd26,txt2img,test,blackbox_matched_weight,144,1700000940,0,1701000943,125,13.65364413776742,7.112421729525632,1.0,0.078125,130.0,0.0,283.8808374872207,0.0,0.367622,0.3931492,5.885345598073498,821
gentd26,txt2img,test,dap,144,1700000940,1,1701100946,518,29.98350517323578,22.12618220014714,1.0,0.0,7.0,0.0,1.3998830414009564,0.0,0.773754015625,0.8388899999999998,5.885345598073498,821
gentd26,txt2img,test,no_budget_horizon,144,1700000940,1,1701100946,518,29.501654458684182,21.756021471107005,1.0,0.0,6.0,0.0,3.49970760350239,0.0,0.77016809375,0.84390775,5.885345598073498,821
gentd26,txt2img,test,blackbox_matched_weight,144,1700000940,1,1701100946,518,30.32989278795088,22.402496641131897,1.0,0.0,22.0,0.0,0.0,0.0,0.358153421875,0.37443655,5.885345598073498,821
gentd26,txt2img,test,dap,144,1700000940,2,1701200949,118,-50.41349391413736,-51.38937727856912,1.0,0.234375,139.0,0.0,1256.9131045347335,0.0,0.7626544062499999,0.80139655,5.885345598073498,821
gentd26,txt2img,test,no_budget_horizon,144,1700000940,2,1701200949,118,-51.55517940085387,-52.20551781151248,0.9999999999999998,0.234375,135.0,0.0,1264.2737767748354,0.0,0.741280046875,0.77878445,5.885345598073498,821
gentd26,txt2img,test,blackbox_matched_weight,144,1700000940,2,1701200949,118,-61.66188493677841,-59.05159874159297,1.0,0.28125,144.0,0.0,1293.3612429436985,0.0,0.2487488593749999,0.3770385999999999,5.885345598073498,821
gentd26,txt2img,test,dap,144,1700000940,3,1701300952,500,22.183544159435463,14.958018114830884,1.0,0.0,3.0,0.0,1.3998830414009564,0.0,0.78924815625,0.9720208,5.885345598073498,821
gentd26,txt2img,test,no_budget_horizon,144,1700000940,3,1701300952,500,21.701693444883865,14.649113892498493,1.0,0.0,2.0,0.0,3.49970760350239,0.0,0.77497890625,0.8826894999999999,5.885345598073498,821
gentd26,txt2img,test,blackbox_matched_weight,144,1700000940,3,1701300952,500,22.529931774150555,15.188606318320048,1.0,0.0,18.0,0.0,0.0,0.0,0.362196140625,0.3848920999999999,5.885345598073498,821
gentd26,txt2img,test,dap,144,1700000940,4,1701400955,582,14.383583145635145,13.099134611104269,1.0,0.0,6.0,0.0,1.3998830414009564,0.0,0.8109533281249999,1.0649170499999998,5.885345598073498,821
gentd26,txt2img,test,no_budget_horizon,144,1700000940,4,1701400955,582,14.383583145635145,13.099134611104269,1.0,0.0,6.0,0.0,1.3998830414009564,0.0,0.773990109375,0.9065057,5.885345598073498,821
gentd26,txt2img,test,blackbox_matched_weight,144,1700000940,4,1701400955,582,14.67996101380032,13.373550169237314,1.0,0.0,16.0,0.0,0.0,0.0,0.5281369843749999,1.4244245,5.885345598073498,821
gentd26,image_conditioned,test,dap,144,1700000941,0,1700000941,459,-4.12,-2.795228099795501,1.0,0.0,1.0,0.0,0.0,0.0,1.05639871875,1.4316139,9.100826972010177,822
gentd26,image_conditioned,test,no_budget_horizon,144,1700000941,0,1700000941,459,-4.12,-2.795228099795501,1.0,0.0,1.0,0.0,0.0,0.0,0.915579859375,1.38586335,9.100826972010177,822
gentd26,image_conditioned,test,blackbox_matched_weight,144,1700000941,0,1700000941,459,-4.12,-2.795228099795501,1.0,0.0,3.0,0.0,0.0,0.0,0.378049359375,0.5251592499999996,9.100826972010177,822
gentd26,image_conditioned,test,dap,144,1700000941,1,1700100944,13,-3.12,-2.0534348836672525,1.0,0.0,5.0,0.0,0.0,0.0,0.7829923437499999,0.9668321499999996,9.100826972010177,822
gentd26,image_conditioned,test,no_budget_horizon,144,1700000941,1,1700100944,13,-3.12,-2.0534348836672525,1.0,0.0,5.0,0.0,0.0,0.0,0.756687828125,0.8345099999999999,9.100826972010177,822
gentd26,image_conditioned,test,blackbox_matched_weight,144,1700000941,1,1700100944,13,-3.12,-2.0534348836672525,1.0,0.0,6.0,0.0,0.0,0.0,0.35604959375,0.3726619,9.100826972010177,822
gentd26,image_conditioned,test,dap,144,1700000941,2,1700200947,76,-377.398117215976,-240.98275036256663,0.8288041997160028,0.546875,144.0,0.0,5473.819847328243,364.4458015267175,0.7672777187500001,1.3535057499999998,9.100826972010177,822
gentd26,image_conditioned,test,no_budget_horizon,144,1700000941,2,1700200947,76,-363.435637808837,-232.9798564010982,0.8340990559723078,0.53125,144.0,0.0,5316.781361323154,353.1739821882951,0.780831390625,1.1899816,9.100826972010177,822
gentd26,image_conditioned,test,blackbox_matched_weight,144,1700000941,2,1700200947,76,-410.335419394132,-260.2001894885637,0.8182762530061151,0.578125,144.0,0.0,5860.845801526717,386.857951653944,0.349320875,0.5728095999999997,9.100826972010177,822
gentd26,image_conditioned,test,dap,144,1700000941,3,1700300950,41,-108.777206011878,-63.59749612569701,0.9782838826430736,0.234375,84.0,0.0,1904.3786259541976,22.42442748091596,0.9742690625,1.31247525,9.100826972010177,822
gentd26,image_conditioned,test,no_budget_horizon,144,1700000941,3,1700300950,41,-108.777206011878,-63.59749612569701,0.9782838826430736,0.234375,84.0,0.0,1904.3786259541976,22.42442748091596,0.91059196875,1.4015243,9.100826972010177,822
gentd26,image_conditioned,test,blackbox_matched_weight,144,1700000941,3,1700300950,41,-108.777206011878,-63.59749612569701,0.9782838826430736,0.234375,84.0,0.0,1904.3786259541976,22.42442748091596,0.439049265625,0.6197369500000001,9.100826972010177,822
gentd26,image_conditioned,test,dap,144,1700000941,4,1700400953,170,1.1531603053435115,0.1503190458735416,1.0000000000000002,0.0,23.0,0.0,12.170992366412214,0.0,0.90547471875,1.18321745,9.100826972010177,822
gentd26,image_conditioned,test,no_budget_horizon,144,1700000941,4,1700400953,170,1.1531603053435115,0.1503190458735416,1.0000000000000002,0.0,23.0,0.0,12.170992366412214,0.0,1.029879359375,1.4315528,9.100826972010177,822
gentd26,image_conditioned,test,blackbox_matched_weight,144,1700000941,4,1700400953,170,1.1531603053435115,0.1503190458735416,1.0000000000000002,0.0,25.0,0.0,12.170992366412214,0.0,0.508544140625,0.6357114499999998,9.100826972010177,822
gentd26,txt2img,test,dap,144,1700000941,0,1701000944,489,18.94929827517368,11.380348852044204,1.0,0.0,2.0,0.0,3.564352258878971,0.0,2.323304453125,5.7792936999999895,5.885345598073498,822
gentd26,txt2img,test,no_budget_horizon,144,1700000941,0,1701000944,489,18.94929827517368,11.380348852044204,1.0,0.0,2.0,0.0,3.564352258878971,0.0,1.300910328125,1.84246255,5.885345598073498,822
gentd26,txt2img,test,blackbox_matched_weight,144,1700000941,0,1701000944,489,19.38124736209069,11.6365287455951,1.0,0.0,6.0,0.0,1.4645276967775374,0.0,0.389810125,0.55943955,5.885345598073498,822
gentd26,txt2img,test,dap,144,1700000941,1,1701100947,192,19.27058780123194,11.451367159208582,0.9696116806911174,0.0,75.0,0.0,123.48269672449624,19.949795322451664,0.813670921875,0.9552252,5.885345598073498,822
gentd26,txt2img,test,no_budget_horizon,144,1700000941,1,1701100947,192,19.27058780123194,11.451367159208582,0.9696116806911174,0.0,75.0,0.0,123.48269672449624,19.949795322451664,1.1282251875,1.8841324,5.885345598073498,822
gentd26,txt2img,test,blackbox_matched_weight,144,1700000941,1,1701100947,192,18.838305374701225,11.182699083188645,0.9696116806911174,0.0,77.0,0.0,128.7408757043043,19.949795322451664,0.7100761250000001,1.4025895,5.885345598073498,822
gentd26,txt2img,test,dap,144,1700000941,2,1701200950,105,-398.5454878231485,-247.54823010591787,0.8820285814489893,0.625,144.0,0.0,5223.750294219834,170.2615647456018,0.6337421249999999,1.6397616499999976,5.885345598073498,822
gentd26,txt2img,test,no_budget_horizon,144,1700000941,2,1701200950,105,-398.5454878231485,-247.54823010591787,0.8820285814489893,0.625,144.0,0.0,5223.750294219834,170.2615647456018,0.551726140625,0.770689,5.885345598073498,822
gentd26,txt2img,test,blackbox_matched_weight,144,1700000941,2,1701200950,105,-424.09167480457006,-262.9626646451935,0.8726141509646604,0.625,144.0,0.0,5569.4617983312855,183.8488868710657,0.3722224375,1.2909155,5.885345598073498,822
gentd26,txt2img,test,dap,144,1700000941,3,1701300953,584,12.854290246247562,11.90805762606604,0.9999999999999998,0.0,5.0,0.0,3.999805069001594,0.0,0.7603199999999999,0.80983065,5.885345598073498,822
gentd26,txt2img,test,no_budget_horizon,144,1700000941,3,1701300953,584,11.910013456445714,11.001486558816062,0.9999999999999998,0.0,4.0,0.0,10.372453299439195,0.0,0.856224140625,1.67047895,5.885345598073498,822
gentd26,txt2img,test,blackbox_matched_weight,144,1700000941,3,1701300953,584,13.50676720644277,12.54733931447117,1.0,0.0,9.0,0.0,0.6999415207004782,0.0,0.3523446718749999,0.3773578999999999,5.885345598073498,822
gentd26,txt2img,test,dap,144,1700000941,4,1701400956,34,-12.83149328195518,-6.822636408999728,0.9843183232274636,0.0625,56.0,0.0,322.5254686631838,7.701976527390357,1.2182655625,1.8126015,5.885345598073498,822
gentd26,txt2img,test,no_budget_horizon,144,1700000941,4,1701400956,34,-15.473150357486944,-8.34845017927009,0.9790247292096635,0.0625,55.0,0.0,361.5242990771933,10.301898554990984,1.057024953125,1.8656927,5.885345598073498,822
gentd26,txt2img,test,blackbox_matched_weight,144,1700000941,4,1701400956,34,-12.83149328195518,-6.822636408999728,0.9843183232274636,0.0625,57.0,0.0,322.5254686631838,7.701976527390357,0.423791984375,0.8140652499999984,5.885345598073498,822
gentd26,image_conditioned,test,dap,144,1700000942,0,1700000942,156,4.780890879979808,5.566377578497548,0.9999999999999998,0.0,28.0,0.0,18.461068702290085,0.0,0.575379421875,0.8205088499999995,9.100826972010177,823
gentd26,image_conditioned,test,no_budget_horizon,144,1700000942,0,1700000942,156,4.780890879979808,5.566377578497548,0.9999999999999998,0.0,28.0,0.0,18.461068702290085,0.0,0.570420578125,0.8144254499999994,9.100826972010177,823
gentd26,image_conditioned,test,blackbox_matched_weight,144,1700000942,0,1700000942,156,4.780890879979808,5.566377578497548,0.9999999999999998,0.0,144.0,0.0,18.461068702290085,0.0,0.226030890625,0.2527505499999999,9.100826972010177,823
gentd26,image_conditioned,test,dap,144,1700000942,1,1700100945,579,-1.1199999999999997,-0.5042600251211441,1.0,0.0,10.0,0.0,0.0,0.0,0.531969453125,0.5694531,9.100826972010177,823
gentd26,image_conditioned,test,no_budget_horizon,144,1700000942,1,1700100945,579,-1.1199999999999997,-0.5042600251211441,1.0,0.0,10.0,0.0,0.0,0.0,0.539841234375,0.61567595,9.100826972010177,823
gentd26,image_conditioned,test,blackbox_matched_weight,144,1700000942,1,1700100945,579,-1.1199999999999997,-0.5042600251211441,1.0,0.0,144.0,0.0,0.0,0.0,0.232123640625,0.2861100499999999,9.100826972010177,823
gentd26,image_conditioned,test,dap,144,1700000942,2,1700200948,517,-3.12,-2.388999467926474,1.0,0.0,2.0,0.0,0.0,0.0,0.54647890625,0.63334165,9.100826972010177,823
gentd26,image_conditioned,test,no_budget_horizon,144,1700000942,2,1700200948,517,-3.12,-2.388999467926474,1.0,0.0,2.0,0.0,0.0,0.0,0.53586034375,0.58593465,9.100826972010177,823
gentd26,image_conditioned,test,blackbox_matched_weight,144,1700000942,2,1700200948,517,-3.12,-2.388999467926474,1.0,0.0,144.0,0.0,0.0,0.0,0.2047421093749999,0.2386334,9.100826972010177,823
gentd26,image_conditioned,test,dap,144,1700000942,3,1700300951,290,-0.1199999999999992,0.8638244381068716,1.0,0.0,6.0,0.0,0.0,0.0,0.54416890625,0.58037325,9.100826972010177,823
gentd26,image_conditioned,test,no_budget_horizon,144,1700000942,3,1700300951,290,-0.1199999999999992,0.8638244381068716,1.0,0.0,6.0,0.0,0.0,0.0,0.5414491875,0.591402,9.100826972010177,823
gentd26,image_conditioned,test,blackbox_matched_weight,144,1700000942,3,1700300951,290,-0.1199999999999992,0.8638244381068716,1.0,0.0,144.0,0.0,0.0,0.0,0.230189859375,0.2656413499999999,9.100826972010177,823
gentd26,image_conditioned,test,dap,144,1700000942,4,1700400954,476,-5.12,-3.795228099795501,0.0,0.0,0.0,0.0,0.0,0.0,0.538806140625,0.6322129499999997,9.100826972010177,823
gentd26,image_conditioned,test,no_budget_horizon,144,1700000942,4,1700400954,476,-5.12,-3.795228099795501,0.0,0.0,0.0,0.0,0.0,0.0,0.529470234375,0.5567275,9.100826972010177,823
gentd26,image_conditioned,test,blackbox_matched_weight,144,1700000942,4,1700400954,476,-5.12,-3.795228099795501,0.0,0.0,144.0,0.0,0.0,0.0,0.2098265312499999,0.2444489499999999,9.100826972010177,823
gentd26,txt2img,test,dap,144,1700000942,0,1701000945,525,32.42991228105072,23.52916757204035,1.0,0.0,15.0,0.0,0.0,0.0,0.530204375,0.56521415,5.885345598073498,823
gentd26,txt2img,test,no_budget_horizon,144,1700000942,0,1701000945,525,32.42991228105072,23.52916757204035,1.0,0.0,15.0,0.0,0.0,0.0,0.54308659375,0.6168839999999999,5.885345598073498,823
gentd26,txt2img,test,blackbox_matched_weight,144,1700000942,0,1701000945,525,32.42991228105072,23.52916757204035,1.0,0.0,88.0,0.0,0.0,0.0,0.2317678125,0.250552,5.885345598073498,823
gentd26,txt2img,test,dap,144,1700000942,1,1701100948,503,23.47992202760064,16.279153965020047,1.0,0.0,5.0,0.0,0.0,0.0,0.53389784375,0.56786075,5.885345598073498,823
gentd26,txt2img,test,no_budget_horizon,144,1700000942,1,1701100948,503,23.47992202760064,16.279153965020047,1.0,0.0,5.0,0.0,0.0,0.0,0.537176859375,0.5936311499999999,5.885345598073498,823
gentd26,txt2img,test,blackbox_matched_weight,144,1700000942,1,1701100948,503,23.47992202760064,16.279153965020047,1.0,0.0,115.0,0.0,0.0,0.0,0.23350809375,0.2478708499999999,5.885345598073498,823
gentd26,txt2img,test,dap,144,1700000942,2,1701200951,490,19.57994152070048,11.90904585682679,1.0,0.0,5.0,0.0,0.0,0.0,0.567421078125,0.6483692499999999,5.885345598073498,823
gentd26,txt2img,test,no_budget_horizon,144,1700000942,2,1701200951,490,19.57994152070048,11.90904585682679,1.0,0.0,5.0,0.0,0.0,0.0,0.5821169687500001,0.7729586499999995,5.885345598073498,823
gentd26,txt2img,test,blackbox_matched_weight,144,1700000942,2,1701200951,490,19.57994152070048,11.90904585682679,1.0,0.0,136.0,0.0,0.0,0.0,0.2408737187499999,0.2788352499999998,5.885345598073498,823
gentd26,txt2img,test,dap,144,1700000942,3,1701300954,13,14.679961013800316,14.053452993075236,1.0,0.0,3.0,0.0,0.0,0.0,0.53481409375,0.5778092,5.885345598073498,823
gentd26,txt2img,test,no_budget_horizon,144,1700000942,3,1701300954,13,14.679961013800316,14.053452993075236,1.0,0.0,3.0,0.0,0.0,0.0,0.5447148125,0.6404875999999999,5.885345598073498,823
gentd26,txt2img,test,blackbox_matched_weight,144,1700000942,3,1701300954,13,14.679961013800316,14.053452993075236,1.0,0.0,125.0,0.0,0.0,0.0,0.230806734375,0.2497248499999999,5.885345598073498,823
gentd26,txt2img,test,dap,144,1700000942,4,1701400957,469,6.57994152070048,4.546898212906409,1.0,0.0,0.0,0.0,0.0,0.0,0.527375484375,0.55375905,5.885345598073498,823
gentd26,txt2img,test,no_budget_horizon,144,1700000942,4,1701400957,469,6.57994152070048,4.546898212906409,1.0,0.0,0.0,0.0,0.0,0.0,0.5208615624999999,0.54500065,5.885345598073498,823
gentd26,txt2img,test,blackbox_matched_weight,144,1700000942,4,1701400957,469,6.57994152070048,4.546898212906409,1.0,0.0,144.0,0.0,0.0,0.0,0.208981265625,0.24398105,5.885345598073498,823
gentd26,image_conditioned,test,dap,144,1700000943,0,1700000943,531,-2.12,-1.6456343154698605,1.0,0.0,6.0,0.0,0.0,0.0,0.531874296875,0.55942915,9.100826972010177,824
gentd26,image_conditioned,test,no_budget_horizon,144,1700000943,0,1700000943,531,-2.12,-1.6456343154698605,1.0,0.0,6.0,0.0,0.0,0.0,0.52300084375,0.54099265,9.100826972010177,824
gentd26,image_conditioned,test,blackbox_matched_weight,144,1700000943,0,1700000943,531,-2.12,-1.6456343154698605,1.0,0.0,47.0,0.0,0.0,0.0,0.229481875,0.23650215,9.100826972010177,824
gentd26,image_conditioned,test,dap,144,1700000943,1,1700100946,420,-0.1199999999999998,0.1074126950244427,1.0,0.0,8.0,0.0,0.0,0.0,0.5305062500000001,0.5627996,9.100826972010177,824
gentd26,image_conditioned,test,no_budget_horizon,144,1700000943,1,1700100946,420,-0.1199999999999998,0.1074126950244427,1.0,0.0,8.0,0.0,0.0,0.0,0.516543390625,0.5454169,9.100826972010177,824
gentd26,image_conditioned,test,blackbox_matched_weight,144,1700000943,1,1700100946,420,-0.1199999999999998,0.1074126950244427,1.0,0.0,114.0,0.0,0.0,0.0,0.232067546875,0.2439792499999999,9.100826972010177,824
gentd26,image_conditioned,test,dap,144,1700000943,2,1700200949,396,6.698020373709653,5.40356625358245,1.0,0.0,49.0,0.0,106.80305343511452,0.0,0.535576953125,0.6004218,9.100826972010177,824
gentd26,image_conditioned,test,no_budget_horizon,144,1700000943,2,1700200949,396,6.698020373709653,5.40356625358245,1.0,0.0,49.0,0.0,106.80305343511452,0.0,0.5726130312500001,0.7130112,9.100826972010177,824
gentd26,image_conditioned,test,blackbox_matched_weight,144,1700000943,2,1700200949,396,6.698020373709653,5.40356625358245,1.0,0.0,116.0,0.0,106.80305343511452,0.0,0.234810109375,0.2536686999999999,9.100826972010177,824
gentd26,image_conditioned,test,dap,144,1700000943,3,1700300952,172,2.153160305343511,0.277299352347047,1.0,0.0,27.0,0.0,12.170992366412214,0.0,0.8909823906249998,1.1697759,9.100826972010177,824
gentd26,image_conditioned,test,no_budget_horizon,144,1700000943,3,1700300952,172,2.153160305343511,0.277299352347047,1.0,0.0,27.0,0.0,12.170992366412214,0.0,1.121145859375,1.16008965,9.100826972010177,824
gentd26,image_conditioned,test,blackbox_matched_weight,144,1700000943,3,1700300952,172,2.153160305343511,0.277299352347047,1.0,0.0,62.0,0.0,12.170992366412214,0.0,0.855874796875,0.88618535,9.100826972010177,824
gentd26,image_conditioned,test,dap,144,1700000943,4,1700400955,302,-4.12,-2.899889845536784,1.0,0.0,1.0,0.0,0.0,0.0,1.1296199218749998,1.15092415,9.100826972010177,824
gentd26,image_conditioned,test,no_budget_horizon,144,1700000943,4,1700400955,302,-4.12,-2.899889845536784,1.0,0.0,1.0,0.0,0.0,0.0,1.119333359375,1.15294825,9.100826972010177,824
gentd26,image_conditioned,test,blackbox_matched_weight,144,1700000943,4,1700400955,302,-4.12,-2.899889845536784,1.0,0.0,32.0,0.0,0.0,0.0,0.8722927031250001,0.91173965,9.100826972010177,824
gentd26,txt2img,test,dap,144,1700000943,0,1701000946,552,25.47992202760064,19.092474887068924,1.0,0.0,12.0,0.0,0.0,0.0,1.133708890625,1.159525,5.885345598073498,824
gentd26,txt2img,test,no_budget_horizon,144,1700000943,0,1701000946,552,25.47992202760064,19.092474887068924,1.0,0.0,12.0,0.0,0.0,0.0,1.1151078125,1.13691095,5.885345598073498,824
gentd26,txt2img,test,blackbox_matched_weight,144,1700000943,0,1701000946,552,25.47992202760064,19.092474887068924,1.0,0.0,67.0,0.0,0.0,0.0,0.8838170000000001,0.9355681,5.885345598073498,824
gentd26,txt2img,test,dap,144,1700000943,1,1701100949,495,20.52993177415056,13.222731900707432,1.0,0.0,5.0,0.0,0.0,0.0,1.110073765625,1.14086205,5.885345598073498,824
gentd26,txt2img,test,no_budget_horizon,144,1700000943,1,1701100949,495,20.52993177415056,13.222731900707432,1.0,0.0,5.0,0.0,0.0,0.0,1.106321515625,1.12527695,5.885345598073498,824
gentd26,txt2img,test,blackbox_matched_weight,144,1700000943,1,1701100949,495,20.52993177415056,13.222731900707432,1.0,0.0,58.0,0.0,0.0,0.0,0.85983353125,0.91821155,5.885345598073498,824
gentd26,txt2img,test,dap,144,1700000943,2,1701200952,61,-7.676719901983223,-3.878808857149025,0.944360805403708,0.109375,140.0,0.0,564.6599567969253,65.65382641593509,1.089947359375,1.117624,5.885345598073498,824
gentd26,txt2img,test,no_budget_horizon,144,1700000943,2,1701200952,61,-7.676719901983223,-3.878808857149025,0.944360805403708,0.109375,140.0,0.0,564.6599567969253,65.65382641593509,1.0779313124999998,1.0961937,5.885345598073498,824
gentd26,txt2img,test,blackbox_matched_weight,144,1700000943,2,1701200952,61,-130.31399555250576,-71.16150381586914,0.723173857503582,0.203125,144.0,0.0,1923.3642640426565,326.65274252665057,0.768526765625,0.89600435,5.885345598073498,824
gentd26,txt2img,test,dap,144,1700000943,3,1701300955,248,-199.11242562701176,-157.7778443935262,1.0000000000000004,0.484375,144.0,0.0,3593.8888137454246,0.0,0.876527,1.1817118,5.885345598073498,824
gentd26,txt2img,test,no_budget_horizon,144,1700000943,3,1701300955,248,-199.11242562701176,-157.7778443935262,1.0000000000000004,0.484375,144.0,0.0,3593.8888137454246,0.0,0.848618078125,1.1213682,5.885345598073498,824
gentd26,txt2img,test,blackbox_matched_weight,144,1700000943,3,1701300955,248,-261.6447999909636,-197.9963493085845,1.0000000000000002,0.71875,144.0,0.0,3952.8325453214647,0.0,0.6054380625,0.8854003,5.885345598073498,824
gentd26,txt2img,test,dap,144,1700000943,4,1701400958,405,44.72997076035024,35.07795130697562,1.0,0.0,33.0,0.0,0.0,0.0,1.103995671875,1.1481773,5.885345598073498,824
gentd26,txt2img,test,no_budget_horizon,144,1700000943,4,1701400958,405,44.72997076035024,35.07795130697562,1.0,0.0,33.0,0.0,0.0,0.0,1.10209065625,1.1248758,5.885345598073498,824
gentd26,txt2img,test,blackbox_matched_weight,144,1700000943,4,1701400958,405,44.72997076035024,35.07795130697562,1.0,0.0,144.0,0.0,0.0,0.0,0.8127807499999999,0.8945542,5.885345598073498,824
gentd26,image_conditioned,test,dap,144,1700000944,0,1700000944,364,9.858887253812966,6.891445478775752,1.0,0.0,65.0,0.0,136.72048346055982,0.0,1.46788190625,1.8572386,9.100826972010177,825
gentd26,image_conditioned,test,no_budget_horizon,144,1700000944,0,1700000944,364,9.415454008830118,6.582632705647081,1.0,0.0,64.0,0.0,142.33072519083973,0.0,1.62918978125,1.9490255,9.100826972010177,825
gentd26,image_conditioned,test,blackbox_matched_weight,144,1700000944,0,1700000944,364,9.415454008830118,6.582632705647081,1.0,0.0,69.0,0.0,142.33072519083973,0.0,0.382041984375,0.5607396999999998,9.100826972010177,825
gentd26,image_conditioned,test,dap,144,1700000944,1,1700100947,217,-76.65446100050067,-41.8133448335138,0.972457136997305,0.25,144.0,0.0,1517.78937659033,49.13848600508898,0.773454625,0.9885066999999998,9.100826972010177,825
gentd26,image_conditioned,test,no_budget_horizon,144,1700000944,1,1700100947,217,-76.65446100050067,-41.8133448335138,0.972457136997305,0.25,144.0,0.0,1517.78937659033,49.13848600508898,0.7636818125,0.9249079999999998,9.100826972010177,825
gentd26,image_conditioned,test,blackbox_matched_weight,144,1700000944,1,1700100947,217,-130.92106144681156,-71.24323274628259,0.9006116888362509,0.265625,144.0,0.0,2124.184732824426,177.31603053435106,0.34666121875,0.4113734999999999,9.100826972010177,825
gentd26,image_conditioned,test,dap,144,1700000944,2,1700200950,21,-3.12,-2.3868015338414192,1.0,0.0,8.0,0.0,0.0,0.0,0.761854703125,0.82979505,9.100826972010177,825
gentd26,image_conditioned,test,no_budget_horizon,144,1700000944,2,1700200950,21,-3.12,-2.3868015338414192,1.0,0.0,8.0,0.0,0.0,0.0,1.2492412656249998,1.8583355,9.100826972010177,825
gentd26,image_conditioned,test,blackbox_matched_weight,144,1700000944,2,1700200950,21,-3.12,-2.3868015338414192,1.0,0.0,8.0,0.0,0.0,0.0,1.318646765625,1.3732607,9.100826972010177,825
gentd26,image_conditioned,test,dap,144,1700000944,3,1700300953,115,25.455215996643343,19.451761741136647,1.0,0.0,113.0,0.0,162.18625954198475,0.0,1.7333595000000002,1.81172225,9.100826972010177,825
gentd26,image_conditioned,test,no_budget_horizon,144,1700000944,3,1700300953,115,25.455215996643343,19.451761741136647,1.0,0.0,113.0,0.0,162.18625954198475,0.0,1.714087390625,1.7521735,9.100826972010177,825
gentd26,image_conditioned,test,blackbox_matched_weight,144,1700000944,3,1700300953,115,25.455215996643343,19.451761741136647,1.0,0.0,127.0,0.0,162.18625954198475,0.0,1.3148795,1.33844755,9.100826972010177,825
gentd26,image_conditioned,test,dap,144,1700000944,4,1700400956,189,10.250869930252064,5.812483728645336,0.9721951219512196,0.0,46.0,0.0,27.487022900763364,15.31603053435115,1.68797634375,1.7817103,9.100826972010177,825
gentd26,image_conditioned,test,no_budget_horizon,144,1700000944,4,1700400956,189,10.250869930252064,5.812483728645336,0.9721951219512196,0.0,46.0,0.0,27.487022900763364,15.31603053435115,1.70247671875,1.79121865,9.100826972010177,825
gentd26,image_conditioned,test,blackbox_matched_weight,144,1700000944,4,1700400956,189,10.250869930252064,5.812483728645336,0.9721951219512196,0.0,58.0,0.0,27.487022900763364,15.31603053435115,1.3512328593750005,1.4082864,9.100826972010177,825
gentd26,txt2img,test,dap,144,1700000944,0,1701000947,139,23.529813000539026,20.598888412654944,1.0,0.0,52.0,0.0,27.723971738983373,0.0,1.73187965625,1.8062859,5.885345598073498,825
gentd26,txt2img,test,no_budget_horizon,144,1700000944,0,1701000947,139,24.17460688086902,21.147689497408656,1.0,0.0,53.0,0.0,24.43690302381735,0.0,1.7132818125,1.74789065,5.885345598073498,825
gentd26,txt2img,test,blackbox_matched_weight,144,1700000944,0,1701000947,139,24.44246086364931,21.286574327916888,1.0,0.0,57.0,0.0,29.857915856111664,0.0,1.330284125,1.3613628,5.885345598073498,825
gentd26,txt2img,test,dap,144,1700000944,1,1701100950,105,-398.5454878231485,-247.54823010591787,0.8820285814489893,0.625,144.0,0.0,5223.750294219834,170.2615647456018,1.2845955,1.75678205,5.885345598073498,825
gentd26,txt2img,test,no_budget_horizon,144,1700000944,1,1701100950,105,-398.5454878231485,-247.54823010591787,0.8820285814489893,0.625,144.0,0.0,5223.750294219834,170.2615647456018,1.26972384375,1.7655825,5.885345598073498,825
gentd26,txt2img,test,blackbox_matched_weight,144,1700000944,1,1701100950,105,-424.09167480457006,-262.9626646451935,0.8726141509646604,0.625,144.0,0.0,5569.4617983312855,183.8488868710657,0.93423625,1.32811705,5.885345598073498,825
gentd26,txt2img,test,dap,144,1700000944,2,1701200953,310,0.7299707603502401,1.328943762589411,1.0,0.0,0.0,0.0,0.0,0.0,1.72133615625,1.75678955,5.885345598073498,825
gentd26,txt2img,test,no_budget_horizon,144,1700000944,2,1701200953,310,0.7299707603502401,1.328943762589411,1.0,0.0,0.0,0.0,0.0,0.0,1.712094625,1.7511657,5.885345598073498,825
gentd26,txt2img,test,blackbox_matched_weight,144,1700000944,2,1701200953,310,0.7299707603502401,1.328943762589411,1.0,0.0,4.0,0.0,0.0,0.0,1.325930515625,1.381475,5.885345598073498,825
gentd26,txt2img,test,dap,144,1700000944,3,1701300956,125,11.56266593421379,5.596017428626774,1.0,0.078125,99.0,0.0,295.4549749175527,0.0,1.7439820625,1.8250297,5.885345598073498,825
gentd26,txt2img,test,no_budget_horizon,144,1700000944,3,1701300956,125,12.207459814543784,6.072786073049633,1.0,0.078125,100.0,0.0,292.1679062023867,0.0,1.723388703125,1.7556623999999998,5.885345598073498,825
gentd26,txt2img,test,blackbox_matched_weight,144,1700000944,3,1701300956,125,13.286736463285342,6.849080888905214,1.0,0.078125,109.0,0.0,285.53076926137123,0.0,1.3356939531250005,1.3899347,5.885345598073498,825
gentd26,txt2img,test,dap,144,1700000944,4,1701400959,459,7.456757459892851,5.940673691645675,1.0,0.0,0.0,0.0,0.6999415207004782,0.0,1.72883153125,1.799026,5.885345598073498,825
gentd26,txt2img,test,no_budget_horizon,144,1700000944,4,1701400959,459,7.456757459892851,5.940673691645675,1.0,0.0,0.0,0.0,0.6999415207004782,0.0,1.722473015625,1.8055501,5.885345598073498,825
gentd26,txt2img,test,blackbox_matched_weight,144,1700000944,4,1701400959,459,7.456757459892851,5.940673691645675,1.0,0.0,0.0,0.0,0.6999415207004782,0.0,1.32179459375,1.37026395,5.885345598073498,825
gentd26,image_conditioned,test,dap,144,1700000945,0,1700000945,503,-3.12,-2.573572864063435,1.0,0.0,2.0,0.0,0.0,0.0,0.8426532656250001,1.0451565499999995,9.100826972010177,826
gentd26,image_conditioned,test,no_budget_horizon,144,1700000945,0,1700000945,503,-3.12,-2.573572864063435,1.0,0.0,2.0,0.0,0.0,0.0,1.72654378125,1.93652525,9.100826972010177,826
gentd26,image_conditioned,test,blackbox_matched_weight,144,1700000945,0,1700000945,503,-3.12,-2.573572864063435,1.0,0.0,11.0,0.0,0.0,0.0,1.3033913125,1.40702005,9.100826972010177,826
gentd26,image_conditioned,test,dap,144,1700000945,1,1700100948,369,9.858887253812966,7.442190819251017,1.0,0.0,65.0,0.0,136.72048346055982,0.0,0.770634421875,0.8540725499999998,9.100826972010177,826
gentd26,image_conditioned,test,no_budget_horizon,144,1700000945,1,1700100948,369,9.858887253812966,7.442190819251017,1.0,0.0,65.0,0.0,136.72048346055982,0.0,0.762650359375,0.8455729,9.100826972010177,826
gentd26,image_conditioned,test,blackbox_matched_weight,144,1700000945,1,1700100948,369,10.068890303961718,7.609988461171126,1.0,0.0,85.0,0.0,134.29007633587787,0.0,0.40115,0.5653234999999998,9.100826972010177,826
gentd26,image_conditioned,test,dap,144,1700000945,2,1700200951,532,-1.1199999999999997,-1.0930157039862056,1.0,0.0,10.0,0.0,0.0,0.0,0.796936375,1.01494155,9.100826972010177,826
gentd26,image_conditioned,test,no_budget_horizon,144,1700000945,2,1700200951,532,-1.1199999999999997,-1.0930157039862056,1.0,0.0,10.0,0.0,0.0,0.0,0.7595378125000001,0.86026645,9.100826972010177,826
gentd26,image_conditioned,test,blackbox_matched_weight,144,1700000945,2,1700200951,532,-1.1199999999999997,-1.0930157039862056,1.0,0.0,12.0,0.0,0.0,0.0,0.36173828125,0.3915432499999999,9.100826972010177,826
gentd26,image_conditioned,test,dap,144,1700000945,3,1700300954,499,-3.12,-2.6217109547556694,1.0,0.0,2.0,0.0,0.0,0.0,0.8084073437499999,0.9573898,9.100826972010177,826
gentd26,image_conditioned,test,no_budget_horizon,144,1700000945,3,1700300954,499,-3.12,-2.6217109547556694,1.0,0.0,2.0,0.0,0.0,0.0,0.801246265625,0.9815012499999995,9.100826972010177,826
gentd26,image_conditioned,test,blackbox_matched_weight,144,1700000945,3,1700300954,499,-3.12,-2.6217109547556694,1.0,0.0,9.0,0.0,0.0,0.0,0.3810097187499999,0.4587118499999997,9.100826972010177,826
gentd26,image_conditioned,test,dap,144,1700000945,4,1700400957,406,3.1531603053435124,2.644823440660642,1.0,0.0,19.0,0.0,12.170992366412214,0.0,0.766162125,0.8155008499999999,9.100826972010177,826
gentd26,image_conditioned,test,no_budget_horizon,144,1700000945,4,1700400957,406,3.1531603053435124,2.644823440660642,1.0,0.0,19.0,0.0,12.170992366412214,0.0,0.7654449531249999,0.81448,9.100826972010177,826
gentd26,image_conditioned,test,blackbox_matched_weight,144,1700000945,4,1700400957,406,3.1531603053435124,2.644823440660642,1.0,0.0,31.0,0.0,12.170992366412214,0.0,0.36941603125,0.4539065499999999,9.100826972010177,826
gentd26,txt2img,test,dap,144,1700000945,0,1701000948,537,34.83715654472037,25.451730362981262,1.0,0.0,13.0,0.0,2.799766082801913,0.0,0.7502700625,0.7909497,5.885345598073498,826
gentd26,txt2img,test,no_budget_horizon,144,1700000945,0,1701000948,537,34.355305830168774,25.00368535332981,1.0,0.0,12.0,0.0,4.899590644903347,0.0,0.7542253125,0.8001567,5.885345598073498,826
gentd26,txt2img,test,blackbox_matched_weight,144,1700000945,0,1701000948,537,35.16630656424465,25.77102313822956,1.0,0.0,18.0,0.0,2.414517950227616,0.0,0.36149078125,0.3929613499999999,5.885345598073498,826
gentd26,txt2img,test,dap,144,1700000945,1,1701100951,280,19.42309991154518,17.099825028324197,1.0,0.0,14.0,0.0,1.0520447532398975,0.0,0.75840259375,0.80811375,5.885345598073498,826
gentd26,txt2img,test,no_budget_horizon,144,1700000945,1,1701100951,280,18.88939024685077,16.632947299908015,1.0,0.0,13.0,0.0,3.9164554914183896,0.0,0.763671703125,0.85455945,5.885345598073498,826
gentd26,txt2img,test,blackbox_matched_weight,144,1700000945,1,1701100951,280,19.52993177415056,17.206656890929576,1.0,0.0,20.0,0.0,0.0,0.0,0.355755171875,0.37183895,5.885345598073498,826
gentd26,txt2img,test,dap,144,1700000945,2,1701200954,216,-255.5809619565669,-140.9173052340662,0.7752965726621901,0.375,144.0,0.0,4024.370738702293,355.72839083797805,0.71899765625,0.8643646,5.885345598073498,826
gentd26,txt2img,test,no_budget_horizon,144,1700000945,2,1701200954,216,-247.15321537400004,-136.43074907309028,0.7849623433418434,0.375,144.0,0.0,3905.326368196812,340.42649228298694,0.69617078125,0.78857515,5.885345598073498,826
gentd26,txt2img,test,blackbox_matched_weight,144,1700000945,2,1701200954,216,-274.40436169578527,-151.4042313674513,0.7634002395180016,0.375,144.0,0.0,4169.150240414901,374.56149675181325,0.324506421875,0.37193925,5.885345598073498,826
gentd26,txt2img,test,dap,144,1700000945,3,1701300957,257,-128.20228572651052,-112.96003394879946,1.0,0.359375,118.0,0.0,2364.9365421694133,0.0,0.73567128125,0.7702825499999999,5.885345598073498,826
gentd26,txt2img,test,no_budget_horizon,144,1700000945,3,1701300957,257,-128.73599539120494,-113.33055478278564,1.0,0.359375,117.0,0.0,2367.800952907592,0.0,0.769561328125,0.90685645,5.885345598073498,826
gentd26,txt2img,test,blackbox_matched_weight,144,1700000945,3,1701300957,257,-128.5748809875895,-113.2381025329722,1.0,0.359375,126.0,0.0,2364.5209908859847,0.0,0.3859565625,0.5326819999999999,5.885345598073498,826
gentd26,txt2img,test,dap,144,1700000945,4,1701400960,479,10.45675745989285,5.669091760230703,1.0,0.0,1.0,0.0,0.6999415207004782,0.0,0.7418518125,0.79334395,5.885345598073498,826
gentd26,txt2img,test,no_budget_horizon,144,1700000945,4,1701400960,479,10.45675745989285,5.669091760230703,1.0,0.0,1.0,0.0,0.6999415207004782,0.0,0.7696119218749999,0.97665045,5.885345598073498,826
gentd26,txt2img,test,blackbox_matched_weight,144,1700000945,4,1701400960,479,10.629951267250398,5.763855902347332,1.0,0.0,3.0,0.0,0.0,0.0,0.366606375,0.3966492499999999,5.885345598073498,826
gentd26,image_conditioned,test,dap,144,1700000946,0,1700000946,118,25.46931427226233,19.963834885335427,0.9999999999999998,0.0,115.0,0.0,168.40674300254454,0.0,0.80037775,1.1093559499999996,9.100826972010177,827
gentd26,image_conditioned,test,no_budget_horizon,144,1700000946,0,1700000946,118,20.935144620612707,15.999831409852291,1.0,0.0,103.0,0.0,258.9763358778626,0.0,0.83942928125,1.0607341999999995,9.100826972010177,827
gentd26,image_conditioned,test,blackbox_matched_weight,144,1700000946,0,1700000946,118,25.46931427226233,19.963834885335427,0.9999999999999998,0.0,137.0,0.0,168.40674300254454,0.0,0.385151625,0.46977405,9.100826972010177,827
gentd26,image_conditioned,test,dap,144,1700000946,1,1700100949,195,8.699657503470792,5.602505192713144,0.9468531468531468,0.0,69.0,0.0,176.8224554707379,45.94809160305344,0.798631375,1.0206168999999994,9.100826972010177,827
gentd26,image_conditioned,test,no_budget_horizon,144,1700000946,1,1700100949,195,1.8677885931363507,1.7384773107054523,0.9299238745261472,0.015625,66.0,0.0,261.49459287531806,60.584287531806616,0.752296625,0.8001551499999999,9.100826972010177,827
gentd26,image_conditioned,test,blackbox_matched_weight,144,1700000946,1,1700100949,195,7.699657503470793,4.880005385793151,0.9468531468531468,0.0,92.0,0.0,176.8224554707379,45.94809160305344,0.3777504687499999,0.4364137999999998,9.100826972010177,827
gentd26,image_conditioned,test,dap,144,1700000946,2,1700200952,470,-5.12,-3.795228099795501,0.0,0.0,0.0,0.0,0.0,0.0,0.774284375,0.9288225499999998,9.100826972010177,827
gentd26,image_conditioned,test,no_budget_horizon,144,1700000946,2,1700200952,470,-5.12,-3.795228099795501,0.0,0.0,0.0,0.0,0.0,0.0,1.046247203125,1.84920265,9.100826972010177,827
gentd26,image_conditioned,test,blackbox_matched_weight,144,1700000946,2,1700200952,470,-5.12,-3.795228099795501,0.0,0.0,19.0,0.0,0.0,0.0,1.33821809375,1.40120655,9.100826972010177,827
gentd26,image_conditioned,test,dap,144,1700000946,3,1700300955,235,-107.13739900056136,-67.84334689937066,0.9872159634099256,0.359375,144.0,0.0,1728.5503180661572,21.09611959287531,1.1474428906249998,1.8330658,9.100826972010177,827
gentd26,image_conditioned,test,no_budget_horizon,144,1700000946,3,1700300955,235,-66.29640141877388,-46.99739524329498,1.0,0.21875,136.0,0.0,1508.2777353689562,0.0,0.802521375,1.1177561999999996,9.100826972010177,827
gentd26,image_conditioned,test,blackbox_matched_weight,144,1700000946,3,1700300955,235,-155.13125306634515,-95.69495528026142,0.970378655831011,0.46875,144.0,0.0,2156.703816793892,48.88091603053432,0.34989403125,0.6773826999999996,9.100826972010177,827
gentd26,image_conditioned,test,dap,144,1700000946,4,1700400958,490,-4.12,-3.208191317858016,1.0,0.0,1.0,0.0,0.0,0.0,1.34741596875,1.897766,9.100826972010177,827
gentd26,image_conditioned,test,no_budget_horizon,144,1700000946,4,1700400958,490,-4.12,-3.208191317858016,1.0,0.0,1.0,0.0,0.0,0.0,1.7489789375,1.83313155,9.100826972010177,827
gentd26,image_conditioned,test,blackbox_matched_weight,144,1700000946,4,1700400958,490,-4.12,-3.208191317858016,1.0,0.0,20.0,0.0,0.0,0.0,0.5190233125000001,1.3777665999999995,9.100826972010177,827
gentd26,txt2img,test,dap,144,1700000946,0,1701000949,67,-75.5936496946129,-42.768958025398376,0.8615354598488751,0.21875,144.0,0.0,1459.6688399152383,196.0234845440937,0.80321678125,1.0277412499999998,5.885345598073498,827
gentd26,txt2img,test,no_budget_horizon,144,1700000946,0,1701000949,67,-71.55696504991829,-40.88469212741914,0.8773328749407422,0.21875,144.0,0.0,1408.029083174537,173.65917127141438,0.844589625,1.1258440499999995,5.885345598073498,827
gentd26,txt2img,test,blackbox_matched_weight,144,1700000946,0,1701000949,67,-147.365861011167,-81.98359887184168,0.7684138550968169,0.21875,144.0,0.0,2261.0071265844776,327.85522594094004,0.370276078125,0.4781598999999999,5.885345598073498,827
gentd26,txt2img,test,dap,144,1700000946,1,1701100952,442,12.33357339908522,11.151642929220891,1.0,0.0,2.0,0.0,1.3998830414009564,0.0,0.7940224062500001,0.88698355,5.885345598073498,827
gentd26,txt2img,test,no_budget_horizon,144,1700000946,1,1701100952,442,11.920861100312178,10.747216800549324,1.0,0.0,1.0,0.0,6.349678363852632,0.0,0.821226578125,0.9333405,5.885345598073498,827
gentd26,txt2img,test,blackbox_matched_weight,144,1700000946,1,1701100952,442,12.50676720644277,11.300599710210886,1.0,0.0,12.0,0.0,0.6999415207004782,0.0,0.404470453125,0.5691958999999996,5.885345598073498,827
gentd26,txt2img,test,dap,144,1700000946,2,1701200955,39,-13.728685919333024,-8.654566494646108,1.0,0.0625,62.0,0.0,374.59019901526574,0.0,0.779792796875,0.8719977,5.885345598073498,827
gentd26,txt2img,test,no_budget_horizon,144,1700000946,2,1701200955,39,-13.728685919333024,-8.654566494646108,1.0,0.0625,62.0,0.0,374.59019901526574,0.0,0.79299953125,0.9201021,5.885345598073498,827
gentd26,txt2img,test,blackbox_matched_weight,144,1700000946,2,1701200955,39,-12.82975958286826,-8.164052856221499,1.0,0.0625,86.0,0.0,365.27832035782353,0.0,0.425553296875,0.5311807999999999,5.885345598073498,827
gentd26,txt2img,test,dap,144,1700000946,3,1701300958,70,-134.4369065594797,-75.51085605087414,0.8287529866054397,0.265625,144.0,0.0,2194.4374806892342,255.1227243131999,0.789755578125,1.11002985,5.885345598073498,827
gentd26,txt2img,test,no_budget_horizon,144,1700000946,3,1701300958,70,-125.56360995541183,-70.97510202306843,0.8437646711383511,0.265625,144.0,0.0,2075.704784130495,232.75841104052063,0.729316609375,0.8367215499999999,5.885345598073498,827
gentd26,txt2img,test,blackbox_matched_weight,144,1700000946,3,1701300958,70,-210.4342520752954,-117.59796366644244,0.7592251845582718,0.265625,144.0,0.0,3080.524743970732,358.70480683929344,1.13863790625,1.4471769499999998,5.885345598073498,827
gentd26,txt2img,test,dap,144,1700000946,4,1701400961,356,32.21073088832253,21.212434364516472,1.0,0.0,13.0,0.0,32.96451592798424,0.0,1.880621828125,1.9824037,5.885345598073498,827
gentd26,txt2img,test,no_budget_horizon,144,1700000946,4,1701400961,356,29.217673735595785,19.14722889087625,1.0,0.0,10.0,0.0,50.33211949004986,0.0,1.810923078125,1.92652565,5.885345598073498,827
gentd26,txt2img,test,blackbox_matched_weight,144,1700000946,4,1701400961,356,29.352444621323517,19.742483446195838,1.0,0.015625,33.0,0.0,42.92613142857896,0.0,1.341473421875,1.4395626,5.885345598073498,827
gentd26,image_conditioned,test,dap,144,1700000947,0,1700000947,352,9.068890303961718,5.3337301990667925,1.0,0.0,65.0,0.0,134.29007633587787,0.0,0.5477387499999999,0.5733244,9.100826972010177,828
gentd26,image_conditioned,test,no_budget_horizon,144,1700000947,0,1700000947,352,9.068890303961718,5.3337301990667925,1.0,0.0,65.0,0.0,134.29007633587787,0.0,0.551800515625,0.5716937,9.100826972010177,828
gentd26,image_conditioned,test,blackbox_matched_weight,144,1700000947,0,1700000947,352,-56.89427217442035,-31.111105285094823,0.8413881240976396,0.171875,144.0,0.0,692.7725190839694,115.39389312977096,0.2039693125,0.23720075,9.100826972010177,828
gentd26,image_conditioned,test,dap,144,1700000947,1,1700100950,37,-93.19633478626788,-53.10255361281559,0.8497960326602304,0.203125,68.0,0.0,1595.603053435114,144.1343511450381,0.528183453125,0.54961825,9.100826972010177,828
gentd26,image_conditioned,test,no_budget_horizon,144,1700000947,1,1700100950,37,-93.19633478626788,-53.10255361281559,0.8497960326602304,0.203125,68.0,0.0,1595.603053435114,144.1343511450381,0.52038309375,0.5387259,9.100826972010177,828
gentd26,image_conditioned,test,blackbox_matched_weight,144,1700000947,1,1700100950,37,-100.70673695859809,-57.08986775592781,0.8042724952747036,0.203125,144.0,0.0,1639.287022900763,187.81832061068692,0.23078490625,0.24616265,9.100826972010177,828
gentd26,image_conditioned,test,dap,144,1700000947,2,1700200953,483,-4.12,-3.24807145740474,1.0,0.0,1.0,0.0,0.0,0.0,0.5278884531249999,0.5614329499999999,9.100826972010177,828
gentd26,image_conditioned,test,no_budget_horizon,144,1700000947,2,1700200953,483,-4.12,-3.24807145740474,1.0,0.0,1.0,0.0,0.0,0.0,0.6476805625,1.18081725,9.100826972010177,828
gentd26,image_conditioned,test,blackbox_matched_weight,144,1700000947,2,1700200953,483,-4.12,-3.24807145740474,1.0,0.0,101.0,0.0,0.0,0.0,0.28115253125,0.4724963499999994,9.100826972010177,828
gentd26,image_conditioned,test,dap,144,1700000947,3,1700300956,408,3.1531603053435124,2.775582573050273,1.0,0.0,19.0,0.0,12.170992366412214,0.0,0.966319859375,1.2096215499999998,9.100826972010177,828
gentd26,image_conditioned,test,no_budget_horizon,144,1700000947,3,1700300956,408,3.1531603053435124,2.775582573050273,1.0,0.0,19.0,0.0,12.170992366412214,0.0,0.926299,1.1959177,9.100826972010177,828
gentd26,image_conditioned,test,blackbox_matched_weight,144,1700000947,3,1700300956,408,3.1531603053435124,2.775582573050273,1.0,0.0,131.0,0.0,12.170992366412214,0.0,0.2458452656249999,0.3467821499999998,9.100826972010177,828
gentd26,image_conditioned,test,dap,144,1700000947,4,1700400959,43,-107.77720601187802,-64.27545617690595,0.9999999999999998,0.234375,88.0,0.0,1904.3786259541976,0.0,0.566638875,0.61544345,9.100826972010177,828
gentd26,image_conditioned,test,no_budget_horizon,144,1700000947,4,1700400959,43,-107.77720601187802,-64.27545617690595,0.9999999999999998,0.234375,88.0,0.0,1904.3786259541976,0.0,0.70557709375,1.15382755,9.100826972010177,828
gentd26,image_conditioned,test,blackbox_matched_weight,144,1700000947,4,1700400959,43,-176.48301511372046,-101.4089034749182,0.8188382795903941,0.296875,144.0,0.0,2649.091984732823,191.48047073791335,0.2353788124999999,0.315833,9.100826972010177,828
gentd26,txt2img,test,dap,144,1700000947,0,1701000950,97,-369.9874692226434,-218.10962423820789,0.8278149476489269,0.546875,144.0,0.0,5033.905461780929,257.01093121985696,0.4598735625,0.6666504999999999,5.885345598073498,828
gentd26,txt2img,test,no_budget_horizon,144,1700000947,0,1701000950,97,-369.9874692226434,-218.10962423820789,0.8278149476489269,0.546875,144.0,0.0,5033.905461780929,257.01093121985696,0.47510821875,0.81277975,5.885345598073498,828
gentd26,txt2img,test,blackbox_matched_weight,144,1700000947,0,1701000950,97,-576.4883262396626,-342.105154972219,0.7514339396249615,0.625,144.0,0.0,7697.305651308231,371.0205605791176,0.179038421875,0.2452795999999999,5.885345598073498,828
gentd26,txt2img,test,dap,144,1700000947,1,1701100953,316,1.7299707603502397,0.7010139478332233,1.0,0.0,1.0,0.0,0.0,0.0,0.738287375,1.139539,5.885345598073498,828
gentd26,txt2img,test,no_budget_horizon,144,1700000947,1,1701100953,316,1.7299707603502397,0.7010139478332233,1.0,0.0,1.0,0.0,0.0,0.0,0.557057453125,0.6069524000000001,5.885345598073498,828
gentd26,txt2img,test,blackbox_matched_weight,144,1700000947,1,1701100953,316,1.7299707603502397,0.7010139478332233,1.0,0.0,97.0,0.0,0.0,0.0,0.239394859375,0.24729415,5.885345598073498,828
gentd26,txt2img,test,dap,144,1700000947,2,1701200956,590,7.679961013800318,7.522363618571832,1.0,0.0,1.0,0.0,0.0,0.0,1.056890046875,1.2542485999999995,5.885345598073498,828
gentd26,txt2img,test,no_budget_horizon,144,1700000947,2,1701200956,590,7.679961013800318,7.522363618571832,1.0,0.0,1.0,0.0,0.0,0.0,0.643106296875,1.12168265,5.885345598073498,828
gentd26,txt2img,test,blackbox_matched_weight,144,1700000947,2,1701200956,590,7.679961013800318,7.522363618571832,1.0,0.0,91.0,0.0,0.0,0.0,0.242360484375,0.2861293999999999,5.885345598073498,828
gentd26,txt2img,test,dap,144,1700000947,3,1701300959,509,25.3799025345008,18.550968195462204,1.0,0.0,5.0,0.0,0.0,0.0,0.732325859375,1.15141925,5.885345598073498,828
gentd26,txt2img,test,no_budget_horizon,144,1700000947,3,1701300959,509,25.3799025345008,18.550968195462204,1.0,0.0,5.0,0.0,0.0,0.0,0.5730492656249999,0.67043795,5.885345598073498,828
gentd26,txt2img,test,blackbox_matched_weight,144,1700000947,3,1701300959,509,25.3799025345008,18.550968195462204,1.0,0.0,89.0,0.0,0.0,0.0,0.2530581249999999,0.2678291499999999,5.885345598073498,828
gentd26,txt2img,test,dap,144,1700000947,4,1701400962,178,8.343234741657819,4.541381049472212,1.0,0.0,61.0,0.0,98.95573475062758,0.0,0.5665504375,0.6289395499999999,5.885345598073498,828
gentd26,txt2img,test,no_budget_horizon,144,1700000947,4,1701400962,178,8.343234741657819,4.541381049472212,1.0,0.0,61.0,0.0,98.95573475062758,0.0,0.56747071875,0.7236119499999993,5.885345598073498,828
gentd26,txt2img,test,blackbox_matched_weight,144,1700000947,4,1701400962,178,8.327162891390017,4.532762226853304,1.0,0.0,144.0,0.0,99.11003871435716,0.0,0.2351926875,0.25094465,5.885345598073498,828
gentd26,image_conditioned,test,dap,144,1700000948,0,1700000948,468,-5.12,-3.795228099795501,0.0,0.0,0.0,0.0,0.0,0.0,0.842532796875,1.2224127500000002,9.100826972010177,829
gentd26,image_conditioned,test,no_budget_horizon,144,1700000948,0,1700000948,468,-5.12,-3.795228099795501,0.0,0.0,0.0,0.0,0.0,0.0,0.82614453125,1.11545915,9.100826972010177,829
gentd26,image_conditioned,test,blackbox_matched_weight,144,1700000948,0,1700000948,468,-5.12,-3.795228099795501,0.0,0.0,0.0,0.0,0.0,0.0,0.4009868281249999,0.5132708499999998,9.100826972010177,829
gentd26,image_conditioned,test,dap,144,1700000948,1,1700100951,104,-33.33124511741709,-23.633949607551244,0.9761059503034788,0.171875,144.0,0.0,947.5492366412212,41.39033078880407,0.7385404531249999,0.91658925,9.100826972010177,829
gentd26,image_conditioned,test,no_budget_horizon,144,1700000948,1,1700100951,104,-263.4551501437246,-155.68517445719806,0.8449895486300846,0.421875,144.0,0.0,3510.0296437659026,268.5159669211196,0.7888805937500001,1.4074413499999998,9.100826972010177,829
gentd26,image_conditioned,test,blackbox_matched_weight,144,1700000948,1,1700100951,104,-183.91666345851667,-108.10234610204982,0.8703594962777551,0.296875,144.0,0.0,2704.120229007633,224.56902035623403,0.382588328125,0.71029945,9.100826972010177,829
gentd26,image_conditioned,test,dap,144,1700000948,2,1700200954,239,-61.28887346755785,-45.64498319025991,1.0,0.203125,130.0,0.0,1367.544910941475,0.0,1.02521359375,1.4490569999999998,9.100826972010177,829
gentd26,image_conditioned,test,no_budget_horizon,144,1700000948,2,1700200954,239,-143.42443627047896,-93.29663999697036,0.985595320027529,0.484375,144.0,0.0,1971.1571246819333,22.367938931297708,0.68796996875,1.1012728499999995,9.100826972010177,829
gentd26,image_conditioned,test,blackbox_matched_weight,144,1700000948,2,1700200954,239,-65.41798644695781,-47.95648401614001,0.998601907383738,0.234375,144.0,0.0,1386.228880407124,2.1709923664122126,0.409469203125,0.6160868999999997,9.100826972010177,829
gentd26,image_conditioned,test,dap,144,1700000948,3,1700300957,463,-5.12,-3.795228099795501,0.0,0.0,0.0,0.0,0.0,0.0,0.95373403125,1.3583252499999998,9.100826972010177,829
gentd26,image_conditioned,test,no_budget_horizon,144,1700000948,3,1700300957,463,-5.12,-3.795228099795501,0.0,0.0,0.0,0.0,0.0,0.0,0.882821046875,1.41745325,9.100826972010177,829
gentd26,image_conditioned,test,blackbox_matched_weight,144,1700000948,3,1700300957,463,-5.12,-3.795228099795501,0.0,0.0,0.0,0.0,0.0,0.0,0.452376203125,0.6838320499999998,9.100826972010177,829
gentd26,image_conditioned,test,dap,144,1700000948,4,1700400960,440,-2.12,-1.23920746025111,1.0,0.0,6.0,0.0,0.0,0.0,1.3710876875,1.9019751,9.100826972010177,829
gentd26,image_conditioned,test,no_budget_horizon,144,1700000948,4,1700400960,440,-2.12,-1.23920746025111,1.0,0.0,6.0,0.0,0.0,0.0,0.894872390625,1.22865455,9.100826972010177,829
gentd26,image_conditioned,test,blackbox_matched_weight,144,1700000948,4,1700400960,440,-2.12,-1.23920746025111,1.0,0.0,12.0,0.0,0.0,0.0,0.526109921875,0.75418205,9.100826972010177,829
gentd26,txt2img,test,dap,144,1700000948,0,1701000951,95,-337.0631730714773,-196.983082397128,0.8284502196918437,0.515625,144.0,0.0,4642.782449380931,263.3963742834297,0.9213384375,1.9437875,5.885345598073498,829
gentd26,txt2img,test,no_budget_horizon,144,1700000948,0,1701000951,95,-345.5949995116614,-201.7680523655868,0.8241734116444239,0.515625,144.0,0.0,4768.580850946743,269.96295647999705,0.60496978125,0.7756339,5.885345598073498,829
gentd26,txt2img,test,blackbox_matched_weight,144,1700000948,0,1701000951,95,-378.803020377929,-221.1093155308684,0.80971612902015,0.53125,144.0,0.0,5181.724603275638,292.16057059750995,0.282639328125,0.3803945499999999,5.885345598073498,829
gentd26,txt2img,test,dap,144,1700000948,1,1701100954,117,-51.7644646060063,-51.52906892460934,1.0,0.234375,136.0,0.0,1275.5604556280048,0.0,0.7882594843749999,0.8971892,5.885345598073498,829
gentd26,txt2img,test,no_budget_horizon,144,1700000948,1,1701100954,117,-51.08447230024146,-51.05477609025768,0.9999999999999998,0.234375,138.0,0.0,1266.873698802436,0.0,0.886988203125,1.7897790999999998,5.885345598073498,829
gentd26,txt2img,test,blackbox_matched_weight,144,1700000948,1,1701100954,117,-50.711800587923946,-50.77458494255562,1.0,0.234375,144.0,0.0,1268.2125782210378,0.0,0.2613641875,0.39472645,5.885345598073498,829
gentd26,txt2img,test,dap,144,1700000948,2,1701200957,577,15.860003709895793,13.82061289276778,1.0,0.0,5.0,0.0,10.372453299439195,0.0,0.747364203125,0.79264775,5.885345598073498,829
gentd26,txt2img,test,no_budget_horizon,144,1700000948,2,1701200957,577,15.860003709895793,13.82061289276778,1.0,0.0,5.0,0.0,10.372453299439195,0.0,0.7335961875,0.7660103500000001,5.885345598073498,829
gentd26,txt2img,test,blackbox_matched_weight,144,1700000948,2,1701200957,577,17.019957935729238,14.87037038117007,1.0,0.0,14.0,0.0,3.814400991628572,0.0,0.371120578125,0.3879761,5.885345598073498,829
gentd26,txt2img,test,dap,144,1700000948,3,1701300960,291,9.5669487031684,9.160327127380995,1.0000000000000002,0.0,2.0,0.0,5.46433276577913,0.0,0.7497846406249999,0.7890015,5.885345598073498,829
gentd26,txt2img,test,no_budget_horizon,144,1700000948,3,1701300960,291,9.5669487031684,9.160327127380995,1.0000000000000002,0.0,2.0,0.0,5.46433276577913,0.0,1.4440304375,1.8233299,5.885345598073498,829
gentd26,txt2img,test,blackbox_matched_weight,144,1700000948,3,1701300960,291,10.782269727496152,10.279172444340483,1.0,0.0,4.0,0.0,4.499902534500798,0.0,1.330389828125,1.41158675,5.885345598073498,829
gentd26,txt2img,test,dap,144,1700000948,4,1701400963,254,-196.14319871470263,-167.94400841327734,1.0,0.453125,134.0,0.0,3574.5539652213965,0.0,1.762213265625,1.85307425,5.885345598073498,829
gentd26,txt2img,test,no_budget_horizon,144,1700000948,4,1701400963,254,-196.14319871470263,-167.94400841327734,1.0,0.453125,138.0,0.0,3574.5539652213965,0.0,1.739188796875,1.83063365,5.885345598073498,829
gentd26,txt2img,test,blackbox_matched_weight,144,1700000948,4,1701400963,254,-195.13020589717053,-167.2999970496062,1.0,0.453125,144.0,0.0,3569.089632455618,0.0,0.859993375,1.3318504,5.885345598073498,829
gentd26,image_conditioned,test,dap,48,1700000939,0,1700000939,66,-1223.2235965263408,-767.5857880968139,0.4108528573409029,0.65625,48.0,0.0,16171.436641221377,495.0,0.637485546875,1.3135230499999997,9.100826972010177,820
gentd26,image_conditioned,test,no_budget_horizon,48,1700000939,0,1700000939,66,-1223.2235965263408,-767.5857880968139,0.4108528573409029,0.65625,48.0,0.0,16171.436641221377,495.0,0.72135765625,1.1175327,9.100826972010177,820
gentd26,image_conditioned,test,blackbox_matched_weight,48,1700000939,0,1700000939,66,-1278.070122953758,-806.3404566896322,0.3786034459633853,0.65625,48.0,0.0,16932.607188295166,495.0,0.4788517968749999,0.9493629999999998,9.100826972010177,820
gentd26,image_conditioned,test,dap,48,1700000939,1,1700100942,73,-1488.4391451697124,-968.3873081120024,0.365007386795565,0.765625,48.0,0.0,19661.43664122137,500.0,0.487784671875,1.14974035,9.100826972010177,820
gentd26,image_conditioned,test,no_budget_horizon,48,1700000939,1,1700100942,73,-1488.4391451697124,-968.3873081120024,0.365007386795565,0.765625,48.0,0.0,19661.43664122137,500.0,0.305435390625,0.5425457499999999,9.100826972010177,820
gentd26,image_conditioned,test,blackbox_matched_weight,48,1700000939,1,1700100942,73,-1543.2856715971295,-1009.9666551822957,0.3376470785104012,0.765625,48.0,0.0,20422.60718829517,500.0,0.1287304375,0.23682825,9.100826972010177,820
gentd26,image_conditioned,test,dap,48,1700000939,2,1700200945,182,8.153160305343512,4.075854434575395,1.0,0.0,37.0,0.0,12.170992366412214,0.0,0.525713640625,0.54698735,9.100826972010177,820
gentd26,image_conditioned,test,no_budget_horizon,48,1700000939,2,1700200945,182,8.153160305343512,4.075854434575395,1.0,0.0,37.0,0.0,12.170992366412214,0.0,0.518874125,0.54135375,9.100826972010177,820
gentd26,image_conditioned,test,blackbox_matched_weight,48,1700000939,2,1700200945,182,-44.73794374700164,-25.13790485004845,0.8571076603761314,0.140625,48.0,0.0,437.2772264631043,62.60909669211195,0.2137845,0.2578312,9.100826972010177,820
gentd26,image_conditioned,test,dap,48,1700000939,3,1700300948,574,-1.1199999999999997,-0.6655502062416275,1.0,0.0,10.0,0.0,0.0,0.0,0.524280046875,0.53943425,9.100826972010177,820
gentd26,image_conditioned,test,no_budget_horizon,48,1700000939,3,1700300948,574,-1.1199999999999997,-0.6655502062416275,1.0,0.0,10.0,0.0,0.0,0.0,0.517268796875,0.5428446499999999,9.100826972010177,820
gentd26,image_conditioned,test,blackbox_matched_weight,48,1700000939,3,1700300948,574,-1.1199999999999997,-0.6655502062416275,1.0,0.0,48.0,0.0,0.0,0.0,0.1684513437499999,0.23380535,9.100826972010177,820
gentd26,image_conditioned,test,dap,48,1700000939,4,1700400951,217,-869.7531354798787,-515.821725382796,0.3898637406352618,0.4375,48.0,0.0,11496.904580152672,495.0,0.396725796875,0.6215208499999999,9.100826972010177,820
gentd26,image_conditioned,test,no_budget_horizon,48,1700000939,4,1700400951,217,-869.7531354798787,-515.821725382796,0.3898637406352618,0.4375,48.0,0.0,11496.904580152672,495.0,0.381770671875,0.54642315,9.100826972010177,820
gentd26,image_conditioned,test,blackbox_matched_weight,48,1700000939,4,1700400951,217,-1054.9118919442155,-647.7585197156362,0.3143300175941836,0.6875,48.0,0.0,13512.945038167938,495.0,0.1252831875,0.24302255,9.100826972010177,820
gentd26,txt2img,test,dap,48,1700000939,0,1701000942,528,34.47992202760064,25.005151420867666,1.0,0.0,17.0,0.0,0.0,0.0,0.527426671875,0.5518603,5.885345598073498,820
gentd26,txt2img,test,no_budget_horizon,48,1700000939,0,1701000942,528,34.47992202760064,25.005151420867666,1.0,0.0,17.0,0.0,0.0,0.0,0.523272046875,0.5647924499999999,5.885345598073498,820
gentd26,txt2img,test,blackbox_matched_weight,48,1700000939,0,1701000942,528,-4.242719448517008,2.961979259691926,0.8721824510559855,0.15625,48.0,0.0,174.69584796973396,22.94940546045486,0.1463379375,0.2458978999999999,5.885345598073498,820
gentd26,txt2img,test,dap,48,1700000939,1,1701100945,43,-110.31048417555016,-62.200231472912776,0.7880791800485439,0.21875,48.0,0.0,1339.4075390558164,121.80024164150456,0.474031328125,0.5867458999999999,5.885345598073498,820
gentd26,txt2img,test,no_budget_horizon,48,1700000939,1,1701100945,43,-110.31048417555016,-62.200231472912776,0.7880791800485439,0.21875,48.0,0.0,1339.4075390558164,121.80024164150456,0.4821705,0.5723831999999999,5.885345598073498,820
gentd26,txt2img,test,blackbox_matched_weight,48,1700000939,1,1701100945,43,-215.00934239457072,-121.8213867367036,0.6180961626313386,0.234375,48.0,0.0,2681.2663354165743,219.49697856952463,0.197346640625,0.2421359,5.885345598073498,820
gentd26,txt2img,test,dap,48,1700000939,2,1701200948,172,8.196837166624656,4.907597157305129,0.997005988023952,0.0,40.0,0.0,37.99961013800312,0.9499902534500748,0.5285899375,0.55218415,5.885345598073498,820
gentd26,txt2img,test,no_budget_horizon,48,1700000939,2,1701200948,172,8.196837166624656,4.907597157305129,0.997005988023952,0.0,40.0,0.0,37.99961013800312,0.9499902534500748,0.5256288437500001,0.5507244,5.885345598073498,820
gentd26,txt2img,test,blackbox_matched_weight,48,1700000939,2,1701200948,172,-18.826582249192032,-9.597763427950296,0.6906652957694327,0.0625,48.0,0.0,263.0052160617837,98.15089466034928,0.22482103125,0.25046755,5.885345598073498,820
gentd26,txt2img,test,dap,48,1700000939,3,1701300951,160,6.729970760350239,6.778798942324167,1.0,0.0,1.0,0.0,0.0,0.0,0.520816859375,0.5432929,5.885345598073498,820
gentd26,txt2img,test,no_budget_horizon,48,1700000939,3,1701300951,160,6.729970760350239,6.778798942324167,1.0,0.0,1.0,0.0,0.0,0.0,0.517223703125,0.54697995,5.885345598073498,820
gentd26,txt2img,test,blackbox_matched_weight,48,1700000939,3,1701300951,160,6.729970760350239,6.778798942324167,1.0,0.0,48.0,0.0,0.0,0.0,0.1695669375,0.2320098,5.885345598073498,820
gentd26,txt2img,test,dap,48,1700000939,4,1701400954,164,7.729970760350239,6.297139362743622,1.0,0.0,10.0,0.0,0.0,0.0,0.5234285625,0.55274915,5.885345598073498,820
gentd26,txt2img,test,no_budget_horizon,48,1700000939,4,1701400954,164,7.729970760350239,6.297139362743622,1.0,0.0,10.0,0.0,0.0,0.0,0.51162821875,0.5310107000000001,5.885345598073498,820
gentd26,txt2img,test,blackbox_matched_weight,48,1700000939,4,1701400954,164,-6.122103079690734,-1.1193932489720586,0.4976094963453631,0.046875,48.0,0.0,75.44891813295885,41.99941520700478,0.1733836249999999,0.2434494999999999,5.885345598073498,820
gentd26,image_conditioned,test,dap,48,1700000940,0,1700000940,545,-0.1199999999999996,-0.6138769201016279,1.0,0.0,11.0,0.0,0.0,0.0,1.32322359375,1.7769841499999992,9.100826972010177,821
gentd26,image_conditioned,test,no_budget_horizon,48,1700000940,0,1700000940,545,-0.1199999999999996,-0.6138769201016279,1.0,0.0,11.0,0.0,0.0,0.0,1.06750684375,1.1022831,9.100826972010177,821
gentd26,image_conditioned,test,blackbox_matched_weight,48,1700000940,0,1700000940,545,-0.1199999999999996,-0.6138769201016279,1.0,0.0,35.0,0.0,0.0,0.0,0.81647725,0.86417265,9.100826972010177,821
gentd26,image_conditioned,test,dap,48,1700000940,1,1700100943,2,0.9777096249085536,1.7687670280809364,1.0,0.0,22.0,0.0,15.31603053435115,0.0,1.1122996875,1.1399416999999998,9.100826972010177,821
gentd26,image_conditioned,test,no_budget_horizon,48,1700000940,1,1700100943,2,0.9777096249085536,1.7687670280809364,1.0,0.0,22.0,0.0,15.31603053435115,0.0,1.108693734375,1.1417269,9.100826972010177,821
gentd26,image_conditioned,test,blackbox_matched_weight,48,1700000940,1,1700100943,2,-18.687997393414516,-12.474387578874223,1.0,0.109375,48.0,0.0,140.24885496183202,0.0,0.42402134375,0.91019345,9.100826972010177,821
gentd26,image_conditioned,test,dap,48,1700000940,2,1700200946,388,-146.82342714092553,-103.26443475659345,0.989622458087722,0.453125,48.0,0.0,1487.715712468193,7.170992366412213,0.6165709218750001,1.11567305,9.100826972010177,821
gentd26,image_conditioned,test,no_budget_horizon,48,1700000940,2,1700200946,388,-146.82342714092553,-103.26443475659345,0.989622458087722,0.453125,48.0,0.0,1487.715712468193,7.170992366412213,0.6253893593750001,1.10954155,9.100826972010177,821
gentd26,image_conditioned,test,blackbox_matched_weight,48,1700000940,2,1700200946,388,-830.8045745859597,-576.1636541413335,0.8035315015951853,0.8125,48.0,0.0,10184.778625954195,135.76183206106865,0.1755221875,0.9002303,9.100826972010177,821
gentd26,image_conditioned,test,dap,48,1700000940,3,1700300949,157,3.780890879979809,4.6508382419146495,1.0,0.0,26.0,0.0,18.461068702290085,0.0,0.567173734375,0.8373408499999999,9.100826972010177,821
gentd26,image_conditioned,test,no_budget_horizon,48,1700000940,3,1700300949,157,3.780890879979809,4.6508382419146495,1.0,0.0,26.0,0.0,18.461068702290085,0.0,0.52995771875,0.5556635999999999,9.100826972010177,821
gentd26,image_conditioned,test,blackbox_matched_weight,48,1700000940,3,1700300949,157,-40.75330932716055,-33.038234555836496,1.0,0.171875,48.0,0.0,362.0537531806615,0.0,0.10618721875,0.2434757499999999,9.100826972010177,821
gentd26,image_conditioned,test,dap,48,1700000940,4,1700400952,155,4.780890879979808,5.4727615217146175,1.0,0.0,28.0,0.0,18.461068702290085,0.0,0.5463003906249999,0.59728585,9.100826972010177,821
gentd26,image_conditioned,test,no_budget_horizon,48,1700000940,4,1700400952,155,4.780890879979808,5.4727615217146175,1.0,0.0,28.0,0.0,18.461068702290085,0.0,0.5376119374999999,0.5908367999999999,9.100826972010177,821
gentd26,image_conditioned,test,blackbox_matched_weight,48,1700000940,4,1700400952,155,-71.26092063269905,-56.87656489029561,1.0,0.25,48.0,0.0,653.1251908396944,0.0,0.106966109375,0.2378695499999999,9.100826972010177,821
gentd26,txt2img,test,dap,48,1700000940,0,1701000943,125,-924.9890141459152,-628.2584917443567,0.7780909997891616,0.84375,48.0,0.0,11545.679591453803,181.11017098896323,0.256235953125,0.5484385,5.885345598073498,821
gentd26,txt2img,test,no_budget_horizon,48,1700000940,0,1701000943,125,-924.9890141459152,-628.2584917443567,0.7780909997891616,0.84375,48.0,0.0,11545.679591453803,181.11017098896323,0.2564379062499999,0.54665685,5.885345598073498,821
gentd26,txt2img,test,blackbox_matched_weight,48,1700000940,0,1701000943,125,-1012.8193118617658,-690.4960714817687,0.7517046925602783,0.890625,48.0,0.0,12650.18327492034,202.6452534301889,0.102927765625,0.2357499499999999,5.885345598073498,821
gentd26,txt2img,test,dap,48,1700000940,1,1701100946,518,30.32989278795088,22.402496641131897,1.0,0.0,9.0,0.0,0.0,0.0,0.5369728593750001,0.59935785,5.885345598073498,821
gentd26,txt2img,test,no_budget_horizon,48,1700000940,1,1701100946,518,30.32989278795088,22.402496641131897,1.0,0.0,9.0,0.0,0.0,0.0,0.528919546875,0.5576135,5.885345598073498,821
gentd26,txt2img,test,blackbox_matched_weight,48,1700000940,1,1701100946,518,17.491206278293195,15.19302811688241,0.99641230140602,0.0625,48.0,0.0,46.79859649681148,0.449892787950878,0.149362515625,0.2446458,5.885345598073498,821
gentd26,txt2img,test,dap,48,1700000940,2,1701200949,118,-1657.193532081101,-1126.6635923111944,0.5902198034775175,0.953125,48.0,0.0,21612.597638550196,419.39949317940415,0.26392578125,0.5703061999999999,5.885345598073498,821
gentd26,txt2img,test,no_budget_horizon,48,1700000940,2,1701200949,118,-1657.193532081101,-1126.6635923111944,0.5902198034775175,0.953125,48.0,0.0,21612.597638550196,419.39949317940415,0.246475390625,0.5437944999999998,5.885345598073498,821
gentd26,txt2img,test,blackbox_matched_weight,48,1700000940,2,1701200949,118,-1657.193532081101,-1126.6635923111944,0.5902198034775175,0.953125,48.0,0.0,21612.597638550196,419.39949317940415,0.103042046875,0.2375606999999999,5.885345598073498,821
gentd26,txt2img,test,dap,48,1700000940,3,1701300952,500,22.529931774150555,15.188606318320048,1.0,0.0,5.0,0.0,0.0,0.0,0.5692456406249999,0.6687696999999999,5.885345598073498,821
gentd26,txt2img,test,no_budget_horizon,48,1700000940,3,1701300952,500,22.529931774150555,15.188606318320048,1.0,0.0,5.0,0.0,0.0,0.0,0.551205328125,0.6113930499999999,5.885345598073498,821
gentd26,txt2img,test,blackbox_matched_weight,48,1700000940,3,1701300952,500,7.888886437871619,5.851909950702236,1.0,0.078125,48.0,0.0,36.54854776406187,0.0,0.182715140625,0.2624618999999999,5.885345598073498,821
gentd26,txt2img,test,dap,48,1700000940,4,1701400955,582,14.67996101380032,13.373550169237314,1.0,0.0,8.0,0.0,0.0,0.0,1.01506325,1.19590355,5.885345598073498,821
gentd26,txt2img,test,no_budget_horizon,48,1700000940,4,1701400955,582,14.67996101380032,13.373550169237314,1.0,0.0,8.0,0.0,0.0,0.0,0.88525928125,1.13327955,5.885345598073498,821
gentd26,txt2img,test,blackbox_matched_weight,48,1700000940,4,1701400955,582,14.67996101380032,13.373550169237314,1.0,0.0,48.0,0.0,0.0,0.0,0.142596015625,0.24552235,5.885345598073498,821
gentd26,image_conditioned,test,dap,48,1700000941,0,1700000941,459,-4.12,-2.795228099795501,1.0,0.0,13.0,0.0,0.0,0.0,1.008191625,1.5904205499999997,9.100826972010177,822
gentd26,image_conditioned,test,no_budget_horizon,48,1700000941,0,1700000941,459,-5.684556489699983,-4.385094010652727,1.0,0.015625,0.0,0.0,9.341984732824423,0.0,0.942829140625,1.3258789999999998,9.100826972010177,822
gentd26,image_conditioned,test,blackbox_matched_weight,48,1700000941,0,1700000941,459,-4.12,-2.795228099795501,1.0,0.0,48.0,0.0,0.0,0.0,0.3874660937499999,0.6215819999999999,9.100826972010177,822
gentd26,image_conditioned,test,dap,48,1700000941,1,1700100944,13,-2.9678399367699035,-1.9383239187217471,1.0,0.0,16.0,0.0,11.491157760814248,0.0,0.984318953125,1.49729535,9.100826972010177,822
gentd26,image_conditioned,test,no_budget_horizon,48,1700000941,1,1700100944,13,-3.12,-2.0534348836672525,1.0,0.0,5.0,0.0,0.0,0.0,0.989534078125,1.3038201499999995,9.100826972010177,822
gentd26,image_conditioned,test,blackbox_matched_weight,48,1700000941,1,1700100944,13,-2.9678399367699035,-1.9383239187217471,1.0,0.0,48.0,0.0,11.491157760814248,0.0,0.6359216718749999,1.4780637999999997,9.100826972010177,822
gentd26,image_conditioned,test,dap,48,1700000941,2,1700200947,76,-1596.8481174387648,-1055.976925107305,0.3760607462336905,0.828125,48.0,0.0,21166.962595419845,485.0,1.0094188750000002,2.0238256,9.100826972010177,822
gentd26,image_conditioned,test,no_budget_horizon,48,1700000941,2,1700200947,76,-1600.248840077979,-1057.8795056589918,0.372053529167085,0.8125,48.0,0.0,21131.43664122137,485.0,0.992229546875,1.9265321,9.100826972010177,822
gentd26,image_conditioned,test,blackbox_matched_weight,48,1700000941,2,1700200947,76,-1683.3300501879908,-1123.9252369184796,0.3350202838059448,0.828125,48.0,0.0,22238.59491094148,485.0,0.678640734375,1.41771775,9.100826972010177,822
gentd26,image_conditioned,test,dap,48,1700000941,3,1700300950,41,-286.2158558817915,-161.19204118073665,0.6058077948165976,0.28125,48.0,0.0,3931.275190839694,407.0494910941475,1.810090984375,2.2654980999999994,9.100826972010177,822
gentd26,image_conditioned,test,no_budget_horizon,48,1700000941,3,1700300950,41,-287.7731441160974,-161.57116266412277,0.5975465873405442,0.265625,48.0,0.0,3870.157251908396,415.5801526717556,1.1305807812500002,1.7835258499999995,9.100826972010177,822
gentd26,image_conditioned,test,blackbox_matched_weight,48,1700000941,3,1700300950,41,-608.3861595020421,-350.2229496440634,0.14927557498625,0.3125,48.0,0.0,7891.142175572519,500.0,0.2963497656249999,0.407564,9.100826972010177,822
gentd26,image_conditioned,test,dap,48,1700000941,4,1700400953,170,0.3053203685736075,-0.347394182205943,1.0000000000000002,0.0,30.0,0.0,23.66215012722646,0.0,1.656910984375,1.8307225,9.100826972010177,822
gentd26,image_conditioned,test,no_budget_horizon,48,1700000941,4,1700400953,170,1.1531603053435115,0.1503190458735416,1.0000000000000002,0.0,23.0,0.0,12.170992366412214,0.0,1.74053159375,1.84779645,9.100826972010177,822
gentd26,image_conditioned,test,blackbox_matched_weight,48,1700000941,4,1700400953,170,-71.28259631594679,-39.82639343163452,0.3872246042968573,0.171875,48.0,0.0,643.679389312977,164.07786259541984,1.054988171875,1.44729775,9.100826972010177,822
gentd26,txt2img,test,dap,48,1700000941,0,1701000944,489,18.94929827517368,11.380348852044204,1.0,0.0,4.0,0.0,3.564352258878971,0.0,0.921964171875,1.74978335,5.885345598073498,822
gentd26,txt2img,test,no_budget_horizon,48,1700000941,0,1701000944,489,17.545768926814883,10.575678360357095,0.9999999999999998,0.0,1.0,0.0,11.621722308195173,0.0,0.793985296875,1.13743135,5.885345598073498,822
gentd26,txt2img,test,blackbox_matched_weight,48,1700000941,0,1701000944,489,4.938896184421539,3.392501690933936,0.9999999999999998,0.078125,48.0,0.0,36.54854776406188,0.0,0.7880865781249999,1.4194534499999998,5.885345598073498,822
gentd26,txt2img,test,dap,48,1700000941,1,1701100947,192,-105.34050847806472,-59.67057227324207,0.7417099065561403,0.28125,48.0,0.0,1154.3768099077995,169.56628781097797,1.42856634375,1.7970634,5.885345598073498,822
gentd26,txt2img,test,no_budget_horizon,48,1700000941,1,1701100947,192,-105.34050847806472,-59.67057227324207,0.7417099065561403,0.28125,48.0,0.0,1154.3768099077995,169.56628781097797,1.4300636562499998,1.77738525,5.885345598073498,822
gentd26,txt2img,test,blackbox_matched_weight,48,1700000941,1,1701100947,192,-474.0559414839837,-279.0918499417256,0.4066806164512678,0.390625,48.0,0.0,5935.245350995144,389.5115140237604,0.95441134375,1.39223615,5.885345598073498,822
gentd26,txt2img,test,dap,48,1700000941,2,1701200950,105,-1666.2610295583245,-1109.8696803057687,0.4305897728043772,0.78125,48.0,0.0,21887.04033331212,474.8995906449033,0.83204084375,1.8044783,5.885345598073498,822
gentd26,txt2img,test,no_budget_horizon,48,1700000941,2,1701200950,105,-1655.7943655596496,-1102.1401285455077,0.439561061502394,0.796875,48.0,0.0,21716.7870098712,474.8995906449033,0.83403296875,1.787129,5.885345598073498,822
gentd26,txt2img,test,blackbox_matched_weight,48,1700000941,2,1701200950,105,-1666.2610295583245,-1109.8696803057687,0.4305897728043772,0.78125,48.0,0.0,21887.04033331212,474.8995906449033,0.59333809375,1.4260811,5.885345598073498,822
gentd26,txt2img,test,dap,48,1700000941,3,1701300953,584,11.910013456445714,11.001486558816062,0.9999999999999998,0.0,16.0,0.0,10.372453299439195,0.0,1.77366834375,1.84344765,5.885345598073498,822
gentd26,txt2img,test,no_budget_horizon,48,1700000941,3,1701300953,584,11.910013456445714,11.001486558816062,0.9999999999999998,0.0,4.0,0.0,10.372453299439195,0.0,1.351152734375,1.8540586,5.885345598073498,822
gentd26,txt2img,test,blackbox_matched_weight,48,1700000941,3,1701300953,584,13.193151743086784,12.239964798835969,1.0,0.0,31.0,0.0,3.114459470928094,0.0,0.546105703125,1.3258517,5.885345598073498,822
gentd26,txt2img,test,dap,48,1700000941,4,1701400956,34,-25.154893513388974,-13.393654311300985,0.8692823924452482,0.09375,48.0,0.0,407.2744452754422,64.20129426889595,0.804621375,1.0956116499999988,5.885345598073498,822
gentd26,txt2img,test,no_budget_horizon,48,1700000941,4,1701400956,34,-25.97266370140976,-13.943548078970386,0.8759717078839288,0.09375,48.0,0.0,434.5025844933047,60.91587069842308,1.6167809375,1.80756495,5.885345598073498,822
gentd26,txt2img,test,blackbox_matched_weight,48,1700000941,4,1701400956,34,-262.18832238225895,-145.9933739461928,0.1938324763728378,0.25,48.0,0.0,3200.710185343575,395.9451169784899,1.03402175,1.4261160999999998,5.885345598073498,822
gentd26,image_conditioned,test,dap,48,1700000942,0,1700000942,156,4.780890879979808,5.566377578497548,0.9999999999999998,0.0,38.0,0.0,18.461068702290085,0.0,0.754787953125,0.9282227999999992,9.100826972010177,823
gentd26,image_conditioned,test,no_budget_horizon,48,1700000942,0,1700000942,156,4.780890879979808,5.566377578497548,0.9999999999999998,0.0,28.0,0.0,18.461068702290085,0.0,0.7577726250000001,0.8949130999999998,9.100826972010177,823
gentd26,image_conditioned,test,blackbox_matched_weight,48,1700000942,0,1700000942,156,4.780890879979808,5.566377578497548,0.9999999999999998,0.0,48.0,0.0,18.461068702290085,0.0,0.27983590625,0.4167137499999997,9.100826972010177,823
gentd26,image_conditioned,test,dap,48,1700000942,1,1700100945,579,-1.6562138877218986,-0.976630002712073,1.0,0.0,9.0,0.0,22.982315521628493,0.0,0.77655059375,0.93153445,9.100826972010177,823
gentd26,image_conditioned,test,no_budget_horizon,48,1700000942,1,1700100945,579,-3.0255448256887925,-2.1532607649271998,1.0,0.015625,8.0,0.0,30.964631043256983,0.0,0.970323921875,1.15878305,9.100826972010177,823
gentd26,image_conditioned,test,blackbox_matched_weight,48,1700000942,1,1700100945,579,-3.0255448256887925,-2.1532607649271998,1.0,0.015625,10.0,0.0,30.964631043256983,0.0,0.622317375,0.7393773499999999,9.100826972010177,823
gentd26,image_conditioned,test,dap,48,1700000942,2,1700200948,517,-3.12,-2.388999467926474,1.0,0.0,2.0,0.0,0.0,0.0,0.7857315312500001,1.0130375499999995,9.100826972010177,823
gentd26,image_conditioned,test,no_budget_horizon,48,1700000942,2,1700200948,517,-3.12,-2.388999467926474,1.0,0.0,2.0,0.0,0.0,0.0,0.7790351718749999,0.8968278999999998,9.100826972010177,823
gentd26,image_conditioned,test,blackbox_matched_weight,48,1700000942,2,1700200948,517,-3.12,-2.388999467926474,1.0,0.0,3.0,0.0,0.0,0.0,0.368060421875,0.4092028,9.100826972010177,823
gentd26,image_conditioned,test,dap,48,1700000942,3,1700300951,290,-0.1199999999999992,0.8638244381068716,1.0,0.0,6.0,0.0,0.0,0.0,0.738932140625,0.7679235,9.100826972010177,823
gentd26,image_conditioned,test,no_budget_horizon,48,1700000942,3,1700300951,290,-0.1199999999999992,0.8638244381068716,1.0,0.0,6.0,0.0,0.0,0.0,0.8203656562499999,0.91067585,9.100826972010177,823
gentd26,image_conditioned,test,blackbox_matched_weight,48,1700000942,3,1700300951,290,-0.1199999999999992,0.8638244381068716,1.0,0.0,12.0,0.0,0.0,0.0,0.35599009375,0.3777271499999999,9.100826972010177,823
gentd26,image_conditioned,test,dap,48,1700000942,4,1700400954,476,-5.12,-3.795228099795501,0.0,0.0,0.0,0.0,0.0,0.0,0.76082246875,0.8757467999999998,9.100826972010177,823
gentd26,image_conditioned,test,no_budget_horizon,48,1700000942,4,1700400954,476,-5.12,-3.795228099795501,0.0,0.0,0.0,0.0,0.0,0.0,0.7794525468750001,0.9467397999999996,9.100826972010177,823
gentd26,image_conditioned,test,blackbox_matched_weight,48,1700000942,4,1700400954,476,-5.12,-3.795228099795501,0.0,0.0,4.0,0.0,0.0,0.0,0.3852935625,0.4587874499999999,9.100826972010177,823
gentd26,txt2img,test,dap,48,1700000942,0,1701000945,525,28.683842329467204,20.862060311523795,1.0,0.0,8.0,0.0,25.029550445357632,0.0,0.76903396875,0.8485397499999999,5.885345598073498,823
gentd26,txt2img,test,no_budget_horizon,48,1700000942,0,1701000945,525,28.683842329467204,20.862060311523795,1.0,0.0,8.0,0.0,25.029550445357632,0.0,0.78913146875,0.9173226999999998,5.885345598073498,823
gentd26,txt2img,test,blackbox_matched_weight,48,1700000942,0,1701000945,525,30.831781792246733,22.387725773911782,1.0,0.0,13.0,0.0,9.357818390612536,0.0,0.367449734375,0.4082607,5.885345598073498,823
gentd26,txt2img,test,dap,48,1700000942,1,1701100948,503,21.445749433715044,14.925104553082004,1.0,0.0,1.0,0.0,11.621722308195173,0.0,0.73397646875,0.79424465,5.885345598073498,823
gentd26,txt2img,test,no_budget_horizon,48,1700000942,1,1701100948,503,21.445749433715044,14.925104553082004,1.0,0.0,1.0,0.0,11.621722308195173,0.0,0.728461328125,0.76518525,5.885345598073498,823
gentd26,txt2img,test,blackbox_matched_weight,48,1700000942,1,1701100948,503,22.766626738403463,15.798511058034396,1.0,0.0,11.0,0.0,3.049814815551514,0.0,0.360411328125,0.3916358499999999,5.885345598073498,823
gentd26,txt2img,test,dap,48,1700000942,2,1701200951,490,17.54576892681488,10.720839031671767,0.9999999999999998,0.0,1.0,0.0,11.621722308195174,0.0,0.75347346875,0.8249792499999999,5.885345598073498,823
gentd26,txt2img,test,no_budget_horizon,48,1700000942,2,1701200951,490,17.54576892681488,10.720839031671767,0.9999999999999998,0.0,1.0,0.0,11.621722308195174,0.0,0.74658525,0.8348236499999998,5.885345598073498,823
gentd26,txt2img,test,blackbox_matched_weight,48,1700000942,2,1701200951,490,19.23355390598538,11.700506018882708,0.9999999999999998,0.0,7.0,0.0,1.3998830414009564,0.0,0.35244253125,0.36584775,5.885345598073498,823
gentd26,txt2img,test,dap,48,1700000942,3,1701300954,13,13.721031803559525,13.164232250471786,1.0,0.0,1.0,0.0,4.699746589702073,0.0,0.728032453125,0.7814360499999999,5.885345598073498,823
gentd26,txt2img,test,no_budget_horizon,48,1700000942,3,1701300954,13,13.721031803559525,13.164232250471786,1.0,0.0,1.0,0.0,4.699746589702073,0.0,0.743983375,0.8009812499999999,5.885345598073498,823
gentd26,txt2img,test,blackbox_matched_weight,48,1700000942,3,1701300954,13,14.506767206442769,13.910365703593804,1.0,0.0,3.0,0.0,0.6999415207004782,0.0,0.36080728125,0.3898211,5.885345598073498,823
gentd26,txt2img,test,dap,48,1700000942,4,1701400957,469,6.57994152070048,4.546898212906409,1.0,0.0,0.0,0.0,0.0,0.0,0.739703265625,0.8181651499999998,5.885345598073498,823
gentd26,txt2img,test,no_budget_horizon,48,1700000942,4,1701400957,469,6.57994152070048,4.546898212906409,1.0,0.0,0.0,0.0,0.0,0.0,0.77447871875,0.9230948999999996,5.885345598073498,823
gentd26,txt2img,test,blackbox_matched_weight,48,1700000942,4,1701400957,469,6.57994152070048,4.546898212906409,1.0,0.0,0.0,0.0,0.0,0.0,0.36401771875,0.39054915,5.885345598073498,823
gentd26,image_conditioned,test,dap,48,1700000943,0,1700000943,531,-3.684556489699983,-2.809898479289265,1.0,0.015625,5.0,0.0,9.341984732824423,0.0,0.8008270625,1.11224105,9.100826972010177,824
gentd26,image_conditioned,test,no_budget_horizon,48,1700000943,0,1700000943,531,-2.12,-1.6456343154698605,1.0,0.0,6.0,0.0,0.0,0.0,0.74254,0.7994507000000001,9.100826972010177,824
gentd26,image_conditioned,test,blackbox_matched_weight,48,1700000943,0,1700000943,531,-2.12,-1.6456343154698605,1.0,0.0,6.0,0.0,0.0,0.0,0.37464803125,0.4360610499999998,9.100826972010177,824
gentd26,image_conditioned,test,dap,48,1700000943,1,1700100946,420,-4.096952916169869,-3.162767363875042,1.0000000000000002,0.03125,5.0,0.0,30.175127226463097,0.0,0.768628234375,0.9257853999999998,9.100826972010177,824
gentd26,image_conditioned,test,no_budget_horizon,48,1700000943,1,1700100946,420,-0.1199999999999998,0.1074126950244427,1.0,0.0,8.0,0.0,0.0,0.0,0.7941073125,0.9224276,9.100826972010177,824
gentd26,image_conditioned,test,blackbox_matched_weight,48,1700000943,1,1700100946,420,-1.684556489699982,-0.9669058850524712,1.0000000000000002,0.015625,7.0,0.0,9.341984732824423,0.0,0.390560046875,0.4682387999999999,9.100826972010177,824
gentd26,image_conditioned,test,dap,48,1700000943,2,1700200949,396,-1.9117011192455169,-1.5983021455737374,0.9999999999999998,0.046875,44.0,0.0,182.7635496183206,0.0,1.0081479999999998,1.467770149999999,9.100826972010177,824
gentd26,image_conditioned,test,no_budget_horizon,48,1700000943,2,1700200949,396,3.5925217682853243,3.7548398303233,0.9870556137353248,0.015625,48.0,0.0,113.97404580152671,7.170992366412213,1.279035171875,2.0618098,9.100826972010177,824
gentd26,image_conditioned,test,blackbox_matched_weight,48,1700000943,2,1700200949,396,-2.699450865435417,0.0733053189288786,0.94659935420456,0.03125,48.0,0.0,195.3725190839695,29.583142493638675,0.333080640625,0.41982565,9.100826972010177,824
gentd26,image_conditioned,test,dap,48,1700000943,3,1700300952,172,1.3053203685736072,-0.2305194703031771,1.0,0.0,26.0,0.0,23.66215012722646,0.0,0.8279760625,1.0265864,9.100826972010177,824
gentd26,image_conditioned,test,no_budget_horizon,48,1700000943,3,1700300952,172,1.3053203685736072,-0.2305194703031771,1.0,0.0,26.0,0.0,23.66215012722646,0.0,0.933050359375,1.4096513,9.100826972010177,824
gentd26,image_conditioned,test,blackbox_matched_weight,48,1700000943,3,1700300952,172,1.604824744974862,-0.0658769242610168,1.0,0.0,26.0,0.0,37.78479643765903,0.0,0.5125594062500001,0.6674091999999999,9.100826972010177,824
gentd26,image_conditioned,test,dap,48,1700000943,4,1700400955,302,-4.12,-2.899889845536784,1.0,0.0,1.0,0.0,0.0,0.0,0.951352453125,1.3776260499999995,9.100826972010177,824
gentd26,image_conditioned,test,no_budget_horizon,48,1700000943,4,1700400955,302,-4.12,-2.899889845536784,1.0,0.0,1.0,0.0,0.0,0.0,1.033739203125,1.4558485499999998,9.100826972010177,824
gentd26,image_conditioned,test,blackbox_matched_weight,48,1700000943,4,1700400955,302,-4.12,-2.899889845536784,1.0,0.0,5.0,0.0,0.0,0.0,0.460797890625,0.6130874999999999,9.100826972010177,824
gentd26,txt2img,test,dap,48,1700000943,0,1701000946,552,23.157657864184348,17.38155268757358,1.0000000000000002,0.0,6.0,0.0,17.774176416531724,0.0,0.92486559375,1.30551435,5.885345598073498,824
gentd26,txt2img,test,no_budget_horizon,48,1700000943,0,1701000946,552,22.84098547529168,17.169983215032318,1.0,0.0,6.0,0.0,18.7658414587734,0.0,0.95820828125,1.32989875,5.885345598073498,824
gentd26,txt2img,test,blackbox_matched_weight,48,1700000943,0,1701000946,552,16.393010506865735,12.653335601990978,1.0,0.03125,7.0,0.0,30.57985258840515,0.0,0.3966238125,0.5459150499999998,5.885345598073498,824
gentd26,txt2img,test,dap,48,1700000943,1,1701100949,495,18.49575918026496,11.973289989848356,1.0,0.0,1.0,0.0,11.621722308195173,0.0,1.039903171875,1.4437057499999997,5.885345598073498,824
gentd26,txt2img,test,no_budget_horizon,48,1700000943,1,1701100949,495,18.49575918026496,11.973289989848356,1.0,0.0,1.0,0.0,11.621722308195173,0.0,0.89297471875,1.42084745,5.885345598073498,824
gentd26,txt2img,test,blackbox_matched_weight,48,1700000943,1,1701100949,495,18.49575918026496,11.973289989848356,1.0,0.0,6.0,0.0,11.621722308195173,0.0,0.387721921875,0.5056294499999999,5.885345598073498,824
gentd26,txt2img,test,dap,48,1700000943,2,1701200952,61,-566.8980015828029,-332.9613726087169,0.4733752196516562,0.515625,48.0,0.0,7180.819131217733,500.0,0.55152865625,0.91376725,5.885345598073498,824
gentd26,txt2img,test,no_budget_horizon,48,1700000943,2,1701200952,61,-566.8980015828029,-332.9613726087169,0.4733752196516562,0.515625,48.0,0.0,7180.819131217733,500.0,0.53870971875,0.8661406499999998,5.885345598073498,824
gentd26,txt2img,test,blackbox_matched_weight,48,1700000943,2,1701200952,61,-566.8980015828029,-332.9613726087169,0.4733752196516562,0.515625,48.0,0.0,7180.819131217733,500.0,0.248484859375,0.37406105,5.885345598073498,824
gentd26,txt2img,test,dap,48,1700000943,3,1701300955,248,-1655.5197287349176,-1115.9229993738168,0.5272980944331631,0.875,48.0,0.0,21745.135950447744,426.7493664742553,0.463088375,0.8024546499999999,5.885345598073498,824
gentd26,txt2img,test,no_budget_horizon,48,1700000943,3,1701300955,248,-1657.5764214682647,-1117.2133740565848,0.5211175530949987,0.875,48.0,0.0,21751.715327477454,426.7493664742553,0.82619375,1.7724634,5.885345598073498,824
gentd26,txt2img,test,blackbox_matched_weight,48,1700000943,3,1701300955,248,-1657.5764214682647,-1117.2133740565848,0.5211175530949987,0.875,48.0,0.0,21751.715327477454,426.7493664742553,0.5962753125,1.35035795,5.885345598073498,824
gentd26,txt2img,test,dap,48,1700000943,4,1701400958,405,34.32915429778135,26.5253011841564,1.0,0.0,18.0,0.0,60.01054135786013,0.0,1.320029796875,1.9865818999999996,5.885345598073498,824
gentd26,txt2img,test,no_budget_horizon,48,1700000943,4,1701400958,405,34.32915429778135,26.5253011841564,1.0,0.0,18.0,0.0,60.01054135786013,0.0,0.77071740625,0.9142357999999996,5.885345598073498,824
gentd26,txt2img,test,blackbox_matched_weight,48,1700000943,4,1701400958,405,34.113096703632706,26.61519109425157,1.0,0.015625,23.0,0.0,48.67036753775626,0.0,0.366396890625,0.39910755,5.885345598073498,824
gentd26,image_conditioned,test,dap,48,1700000944,0,1700000944,364,-125.05103440946424,-71.76665246311751,0.9242229102167184,0.28125,48.0,0.0,1482.6917938931297,56.051908396946544,0.5682928593750001,0.77554355,9.100826972010177,825
gentd26,image_conditioned,test,no_budget_horizon,48,1700000944,0,1700000944,364,-146.89646388182578,-85.17867055758671,0.9159863261093912,0.359375,48.0,0.0,1634.2758269720102,62.14446564885495,0.596908890625,0.8630867999999999,9.100826972010177,825
gentd26,image_conditioned,test,blackbox_matched_weight,48,1700000944,0,1700000944,364,-167.05351248589002,-97.85857101063058,0.9036828345373236,0.375,48.0,0.0,1861.7965012722643,71.24529262086511,0.768245890625,1.34613805,9.100826972010177,825
gentd26,image_conditioned,test,dap,48,1700000944,1,1700100947,217,-862.2249039480207,-511.0864020813657,0.3949648915025341,0.4375,48.0,0.0,11408.286641221372,495.0,1.127332890625,1.68600325,9.100826972010177,825
gentd26,image_conditioned,test,no_budget_horizon,48,1700000944,1,1700100947,217,-908.8163393251482,-541.8908387615259,0.3653782164723547,0.453125,48.0,0.0,11994.948218829515,495.0,0.5087751249999999,0.77286265,9.100826972010177,825
gentd26,image_conditioned,test,blackbox_matched_weight,48,1700000944,1,1700100947,217,-916.8333746488933,-547.2877424337332,0.359256835431628,0.453125,48.0,0.0,12104.15814249364,495.0,0.2496856874999999,0.3809012,9.100826972010177,825
gentd26,image_conditioned,test,dap,48,1700000944,2,1700200950,21,-2.967839936769904,-2.262053089726148,1.0,0.0,7.0,0.0,11.491157760814248,0.0,0.7544157031250001,0.83098555,9.100826972010177,825
gentd26,image_conditioned,test,no_budget_horizon,48,1700000944,2,1700200950,21,-3.12,-2.3868015338414192,1.0,0.0,8.0,0.0,0.0,0.0,0.7525219375,0.8448616499999999,9.100826972010177,825
gentd26,image_conditioned,test,blackbox_matched_weight,48,1700000944,2,1700200950,21,-3.12,-2.3868015338414192,1.0,0.0,8.0,0.0,0.0,0.0,0.357121296875,0.3786684,9.100826972010177,825
gentd26,image_conditioned,test,dap,48,1700000944,3,1700300953,115,-1037.3211906337715,-642.2943018409649,0.6101477633888336,0.609375,48.0,0.0,13557.39599236641,460.0,0.4348237968749999,0.8507358999999998,9.100826972010177,825
gentd26,image_conditioned,test,no_budget_horizon,48,1700000944,3,1700300953,115,-1105.8216826401024,-690.7594049531422,0.5866945748936642,0.671875,48.0,0.0,14370.393956743002,460.0,0.412223203125,0.8007422,9.100826972010177,825
gentd26,image_conditioned,test,blackbox_matched_weight,48,1700000944,3,1700300953,115,-1105.8216826401024,-690.7594049531422,0.5866945748936642,0.671875,48.0,0.0,14370.393956743002,460.0,0.190296734375,0.36056885,9.100826972010177,825
gentd26,image_conditioned,test,dap,48,1700000944,4,1700400956,189,9.40302999348216,5.210048325363144,0.9721951219512196,0.0,45.0,0.0,38.97818066157761,15.31603053435115,0.75160996875,0.8644164499999996,9.100826972010177,825
gentd26,image_conditioned,test,no_budget_horizon,48,1700000944,4,1700400956,189,6.735756182349941,3.9462903557663753,0.9292386132668145,0.015625,48.0,0.0,51.14917302798983,38.97818066157761,0.737701703125,0.8217006999999997,9.100826972010177,825
gentd26,image_conditioned,test,blackbox_matched_weight,48,1700000944,4,1700400956,189,2.4187288156435294,1.3666007999902334,0.8928907982261641,0.03125,48.0,0.0,80.51297709923665,59.0,0.339480484375,0.3637248999999999,9.100826972010177,825
gentd26,txt2img,test,dap,48,1700000944,0,1701000947,139,17.219812075502855,14.490919125250308,1.0,0.015625,46.0,0.0,79.3729288581417,0.0,0.6262877656249999,0.7671716,5.885345598073498,825
gentd26,txt2img,test,no_budget_horizon,48,1700000944,0,1701000947,139,7.369325832483637,6.389986356049256,1.0,0.078125,48.0,0.0,77.94483635078555,0.0,0.3426511875,0.7568857,5.885345598073498,825
gentd26,txt2img,test,blackbox_matched_weight,48,1700000944,0,1701000947,139,21.514999296059795,18.721431994652768,1.0,0.0,48.0,0.0,60.950660743151055,0.0,0.161258484375,0.3514131,5.885345598073498,825
gentd26,txt2img,test,dap,48,1700000944,1,1701100950,105,-1655.7943655596496,-1102.1401285455077,0.439561061502394,0.796875,48.0,0.0,21716.7870098712,474.8995906449033,0.34369021875,0.7570570999999999,5.885345598073498,825
gentd26,txt2img,test,no_budget_horizon,48,1700000944,1,1701100950,105,-1669.5761382391977,-1113.1847889866417,0.4305897728043772,0.796875,48.0,0.0,21896.290187113867,474.8995906449033,0.34220175,0.76070575,5.885345598073498,825
gentd26,txt2img,test,blackbox_matched_weight,48,1700000944,1,1701100950,105,-1666.2610295583245,-1109.8696803057687,0.4305897728043772,0.78125,48.0,0.0,21887.04033331212,474.8995906449033,0.165010078125,0.3611324999999999,5.885345598073498,825
gentd26,txt2img,test,dap,48,1700000944,2,1701200953,310,0.7299707603502401,1.328943762589411,1.0,0.0,0.0,0.0,0.0,0.0,0.761375234375,0.8416639499999999,5.885345598073498,825
gentd26,txt2img,test,no_budget_horizon,48,1700000944,2,1701200953,310,0.7299707603502401,1.328943762589411,1.0,0.0,0.0,0.0,0.0,0.0,0.7779124531249999,0.8812850999999999,5.885345598073498,825
gentd26,txt2img,test,blackbox_matched_weight,48,1700000944,2,1701200953,310,0.7299707603502401,1.328943762589411,1.0,0.0,2.0,0.0,0.0,0.0,0.366228234375,0.4384075999999999,5.885345598073498,825
gentd26,txt2img,test,dap,48,1700000944,3,1701300956,125,-878.7580996673826,-600.2059667356127,0.7980779457378798,0.875,48.0,0.0,10889.956700123192,164.7979024695238,0.379857515625,0.8201021999999999,5.885345598073498,825
gentd26,txt2img,test,no_budget_horizon,48,1700000944,3,1701300956,125,-865.3719286277433,-587.2481901399931,0.7980779457378798,0.828125,48.0,0.0,10752.239613128271,164.7979024695238,0.374458453125,0.7958654,5.885345598073498,825
gentd26,txt2img,test,blackbox_matched_weight,48,1700000944,3,1701300956,125,-962.6400290718698,-654.7852107069964,0.766530254021794,0.859375,48.0,0.0,12024.998912132532,190.54542886808744,0.165326421875,0.3921491499999999,5.885345598073498,825
gentd26,txt2img,test,dap,48,1700000944,4,1701400959,459,7.456757459892851,5.940673691645675,1.0,0.0,0.0,0.0,0.6999415207004782,0.0,0.779902984375,0.92229575,5.885345598073498,825
gentd26,txt2img,test,no_budget_horizon,48,1700000944,4,1701400959,459,7.456757459892851,5.940673691645675,1.0,0.0,0.0,0.0,0.6999415207004782,0.0,1.0780573125,1.1308802,5.885345598073498,825
gentd26,txt2img,test,blackbox_matched_weight,48,1700000944,4,1701400959,459,7.456757459892851,5.940673691645675,1.0,0.0,2.0,0.0,0.6999415207004782,0.0,0.45619525,0.56798155,5.885345598073498,825
gentd26,image_conditioned,test,dap,48,1700000945,0,1700000945,503,-3.12,-2.573572864063435,1.0,0.0,3.0,0.0,0.0,0.0,1.5171020937500002,1.8152103,9.100826972010177,826
gentd26,image_conditioned,test,no_budget_horizon,48,1700000945,0,1700000945,503,-3.12,-2.573572864063435,1.0,0.0,2.0,0.0,0.0,0.0,0.730721078125,0.7793186499999999,9.100826972010177,826
gentd26,image_conditioned,test,blackbox_matched_weight,48,1700000945,0,1700000945,503,-3.12,-2.573572864063435,1.0,0.0,10.0,0.0,0.0,0.0,0.36128021875,0.3808437999999999,9.100826972010177,826
gentd26,image_conditioned,test,dap,48,1700000945,1,1700100948,369,-154.15492004373516,-91.72841091665504,0.9580206398348812,0.390625,48.0,0.0,1704.215458015267,31.051908396946544,0.80582215625,1.75055575,9.100826972010177,826
gentd26,image_conditioned,test,no_budget_horizon,48,1700000945,1,1700100948,369,-173.37993231081953,-103.74008936681469,0.9497840557275542,0.4375,48.0,0.0,1869.9981552162849,37.14446564885495,1.21686234375,1.78315275,9.100826972010177,826
gentd26,image_conditioned,test,blackbox_matched_weight,48,1700000945,1,1700100948,369,-444.2417746464305,-271.6968121781364,0.7873779669762642,0.5,48.0,0.0,5446.623155216284,157.27538167938928,0.9125931875,1.4495662,9.100826972010177,826
gentd26,image_conditioned,test,dap,48,1700000945,2,1700200951,532,-1.1199999999999997,-1.0930157039862056,1.0,0.0,10.0,0.0,0.0,0.0,1.273322703125,1.8035823,9.100826972010177,826
gentd26,image_conditioned,test,no_budget_horizon,48,1700000945,2,1700200951,532,-1.1199999999999997,-1.0930157039862056,1.0,0.0,10.0,0.0,0.0,0.0,0.72708128125,0.7891218,9.100826972010177,826
gentd26,image_conditioned,test,blackbox_matched_weight,48,1700000945,2,1700200951,532,-1.1199999999999997,-1.0930157039862056,1.0,0.0,18.0,0.0,0.0,0.0,0.38908753125,0.6899875999999999,9.100826972010177,826
gentd26,image_conditioned,test,dap,48,1700000945,3,1700300954,499,-3.12,-2.6217109547556694,1.0,0.0,2.0,0.0,0.0,0.0,1.11611490625,1.87750225,9.100826972010177,826
gentd26,image_conditioned,test,no_budget_horizon,48,1700000945,3,1700300954,499,-3.12,-2.6217109547556694,1.0,0.0,2.0,0.0,0.0,0.0,0.804526015625,1.091046949999999,9.100826972010177,826
gentd26,image_conditioned,test,blackbox_matched_weight,48,1700000945,3,1700300954,499,-3.12,-2.6217109547556694,1.0,0.0,12.0,0.0,0.0,0.0,0.41239178125,0.5572144,9.100826972010177,826
gentd26,image_conditioned,test,dap,48,1700000945,4,1700400957,406,3.1531603053435124,2.644823440660642,1.0,0.0,27.0,0.0,12.170992366412214,0.0,1.52974484375,1.95288915,9.100826972010177,826
gentd26,image_conditioned,test,no_budget_horizon,48,1700000945,4,1700400957,406,3.1531603053435124,2.644823440660642,1.0,0.0,19.0,0.0,12.170992366412214,0.0,1.75676290625,1.8557096,9.100826972010177,826
gentd26,image_conditioned,test,blackbox_matched_weight,48,1700000945,4,1700400957,406,1.2540762007536426,0.8390535247074435,1.0,0.015625,38.0,0.0,27.89446564885497,0.0,1.3134826406250002,1.362031,9.100826972010177,826
gentd26,txt2img,test,dap,48,1700000945,0,1701000948,537,33.16481712414964,24.299763024643056,1.0,0.0,13.0,0.0,14.701391734395228,0.0,1.763405875,1.81333575,5.885345598073498,826
gentd26,txt2img,test,no_budget_horizon,48,1700000945,0,1701000948,537,30.80681288140609,22.40168037611079,1.0,0.0,7.0,0.0,30.387563766968576,0.0,1.74397990625,1.8100748,5.885345598073498,826
gentd26,txt2img,test,blackbox_matched_weight,48,1700000945,0,1701000948,537,33.740525125697324,24.713533316825043,1.0,0.0,24.0,0.0,10.307808644062618,0.0,1.342713375,1.4404135999999996,5.885345598073498,826
gentd26,txt2img,test,dap,48,1700000945,1,1701100951,280,17.809544089870972,15.649654596947476,1.0,0.0,12.0,0.0,20.15554946672445,0.0,1.705988484375,1.81944315,5.885345598073498,826
gentd26,txt2img,test,no_budget_horizon,48,1700000945,1,1701100951,280,18.32492278936052,16.160832261792066,1.0,0.0,10.0,0.0,13.509882636952272,0.0,1.0113512187499998,1.7128811,5.885345598073498,826
gentd26,txt2img,test,blackbox_matched_weight,48,1700000945,1,1701100951,280,18.88939024685077,16.632947299908015,1.0,0.0,24.0,0.0,3.9164554914183896,0.0,0.36222184375,0.3798609,5.885345598073498,826
gentd26,txt2img,test,dap,48,1700000945,2,1701200954,216,-1023.5948357557276,-629.9209587150333,0.3536389617329665,0.671875,48.0,0.0,13162.854242832307,498.7999610138003,0.399803046875,0.76810125,5.885345598073498,826
gentd26,txt2img,test,no_budget_horizon,48,1700000945,2,1701200954,216,-925.877439690054,-560.1403449889652,0.3833797945934382,0.65625,48.0,0.0,11887.80752387242,498.7999610138003,0.875647203125,1.82427085,5.885345598073498,826
gentd26,txt2img,test,blackbox_matched_weight,48,1700000945,2,1701200954,216,-1056.6473444738874,-653.8172097822819,0.3439731910533131,0.6875,48.0,0.0,13591.307402372062,498.7999610138003,0.71858478125,1.440715,5.885345598073498,826
gentd26,txt2img,test,dap,48,1700000945,3,1701300957,257,-1636.8967322512744,-1135.8362463120698,0.6505369054846628,0.9375,48.0,0.0,21274.242295252843,354.0072005123903,0.842659390625,1.9484282,5.885345598073498,826
gentd26,txt2img,test,no_budget_horizon,48,1700000945,3,1701300957,257,-1636.8967322512744,-1135.8362463120698,0.6505369054846628,0.9375,48.0,0.0,21274.242295252843,354.0072005123903,0.822873109375,1.945788,5.885345598073498,826
gentd26,txt2img,test,blackbox_matched_weight,48,1700000945,3,1701300957,257,-1636.8967322512744,-1135.8362463120698,0.6505369054846628,0.9375,48.0,0.0,21274.242295252843,354.0072005123903,0.562231015625,1.39304765,5.885345598073498,826
gentd26,txt2img,test,dap,48,1700000945,4,1701400960,479,10.45675745989285,5.669091760230703,1.0,0.0,13.0,0.0,0.6999415207004782,0.0,1.84090278125,1.9412011,5.885345598073498,826
gentd26,txt2img,test,no_budget_horizon,48,1700000945,4,1701400960,479,10.45675745989285,5.669091760230703,1.0,0.0,1.0,0.0,0.6999415207004782,0.0,1.849412671875,1.98287135,5.885345598073498,826
gentd26,txt2img,test,blackbox_matched_weight,48,1700000945,4,1701400960,479,10.629951267250398,5.763855902347332,1.0,0.0,16.0,0.0,0.0,0.0,1.46072771875,1.54907795,5.885345598073498,826
gentd26,image_conditioned,test,dap,48,1700000946,0,1700000946,118,-1161.1325886274524,-732.1444495623086,0.6093393920273599,0.703125,48.0,0.0,15070.871246819335,445.0,0.302794390625,0.5961657,9.100826972010177,827
gentd26,image_conditioned,test,no_budget_horizon,48,1700000946,0,1700000946,118,-1161.1325886274524,-732.1444495623086,0.6093393920273599,0.703125,48.0,0.0,15070.871246819335,445.0,0.28626921875,0.54819725,9.100826972010177,827
gentd26,image_conditioned,test,blackbox_matched_weight,48,1700000946,0,1700000946,118,-1526.9751420060588,-1006.6612067107188,0.4637892604339921,0.765625,48.0,0.0,19944.087022900763,445.0,0.1127274531249999,0.2329428499999999,9.100826972010177,827
gentd26,image_conditioned,test,dap,48,1700000946,1,1700100949,195,-64.24904249388943,-33.792301546070306,0.6772838377952013,0.09375,48.0,0.0,917.4339694656488,279.0041348600509,0.49506028125,0.5492189500000001,9.100826972010177,827
gentd26,image_conditioned,test,no_budget_horizon,48,1700000946,1,1700100949,195,-64.24904249388943,-33.792301546070306,0.6772838377952013,0.09375,48.0,0.0,917.4339694656488,279.0041348600509,0.493772921875,0.535006,9.100826972010177,827
gentd26,image_conditioned,test,blackbox_matched_weight,48,1700000946,1,1700100949,195,-179.6142066186525,-99.82305651804772,0.5462968849332486,0.296875,48.0,0.0,2079.068702290076,392.248854961832,0.178547640625,0.2340911,9.100826972010177,827
gentd26,image_conditioned,test,dap,48,1700000946,2,1700200952,470,-5.12,-3.795228099795501,0.0,0.0,0.0,0.0,0.0,0.0,0.5157090312499999,0.5481085,9.100826972010177,827
gentd26,image_conditioned,test,no_budget_horizon,48,1700000946,2,1700200952,470,-5.12,-3.795228099795501,0.0,0.0,0.0,0.0,0.0,0.0,0.548215125,0.6306599999999999,9.100826972010177,827
gentd26,image_conditioned,test,blackbox_matched_weight,48,1700000946,2,1700200952,470,-5.12,-3.795228099795501,0.0,0.0,4.0,0.0,0.0,0.0,0.335149015625,0.35333105,9.100826972010177,827
gentd26,image_conditioned,test,dap,48,1700000946,3,1700300955,235,-1332.3328686714033,-846.2513618524194,0.4605163234882323,0.625,48.0,0.0,17614.022264631043,470.0,0.48781121875,0.8818045,9.100826972010177,827
gentd26,image_conditioned,test,no_budget_horizon,48,1700000946,3,1700300955,235,-1332.3328686714033,-846.2513618524194,0.4605163234882323,0.625,48.0,0.0,17614.022264631043,470.0,0.4836486875,0.85613485,9.100826972010177,827
gentd26,image_conditioned,test,blackbox_matched_weight,48,1700000946,3,1700300955,235,-1602.4190899333894,-1057.0095096539458,0.2751666241085934,0.734375,48.0,0.0,21012.943511450383,470.0,0.12167428125,0.2564697,9.100826972010177,827
gentd26,image_conditioned,test,dap,48,1700000946,4,1700400958,490,-4.12,-3.208191317858016,1.0,0.0,1.0,0.0,0.0,0.0,0.5421885625,0.5830250499999999,9.100826972010177,827
gentd26,image_conditioned,test,no_budget_horizon,48,1700000946,4,1700400958,490,-4.12,-3.208191317858016,1.0,0.0,1.0,0.0,0.0,0.0,0.628271078125,1.17169165,9.100826972010177,827
gentd26,image_conditioned,test,blackbox_matched_weight,48,1700000946,4,1700400958,490,-4.12,-3.208191317858016,1.0,0.0,4.0,0.0,0.0,0.0,0.2713268125,0.38664135,9.100826972010177,827
gentd26,txt2img,test,dap,48,1700000946,0,1701000949,67,-818.7997411958095,-492.7678079520174,0.4047086935865205,0.59375,48.0,0.0,10517.780161925331,500.0,0.343739171875,0.5638642500000001,5.885345598073498,827
gentd26,txt2img,test,no_budget_horizon,48,1700000946,0,1701000949,67,-818.7997411958095,-492.7678079520174,0.4047086935865205,0.59375,48.0,0.0,10517.780161925331,500.0,0.496611078125,0.5506375499999999,5.885345598073498,827
gentd26,txt2img,test,blackbox_matched_weight,48,1700000946,0,1701000949,67,-916.6418905917092,-558.7930293675843,0.3689566489049266,0.59375,48.0,0.0,11852.051768932506,500.0,0.369425203125,0.8931346499999999,5.885345598073498,827
gentd26,txt2img,test,dap,48,1700000946,1,1701100952,442,12.679961013800318,11.440839562631636,1.0,0.0,4.0,0.0,0.0,0.0,0.5281286875,0.556077,5.885345598073498,827
gentd26,txt2img,test,no_budget_horizon,48,1700000946,1,1701100952,442,12.679961013800318,11.440839562631636,1.0,0.0,4.0,0.0,0.0,0.0,0.525104671875,0.54510625,5.885345598073498,827
gentd26,txt2img,test,blackbox_matched_weight,48,1700000946,1,1701100952,442,12.679961013800318,11.440839562631636,1.0,0.0,47.0,0.0,0.0,0.0,0.2283829218749999,0.23556225,5.885345598073498,827
gentd26,txt2img,test,dap,48,1700000946,2,1701200955,39,-71.19966118169764,-39.661187829511206,0.8023504513348237,0.15625,48.0,0.0,904.8557245399552,106.6506022638516,0.488442859375,0.5494081000000001,5.885345598073498,827
gentd26,txt2img,test,no_budget_horizon,48,1700000946,2,1701200955,39,-71.19966118169764,-39.661187829511206,0.8023504513348237,0.15625,48.0,0.0,904.8557245399552,106.6506022638516,0.483676078125,0.5427716,5.885345598073498,827
gentd26,txt2img,test,blackbox_matched_weight,48,1700000946,2,1701200955,39,-90.10610619071038,-50.117110319769495,0.7499969511460866,0.15625,48.0,0.0,1146.154894060969,134.9002611346044,0.228538796875,0.2941115999999997,5.885345598073498,827
gentd26,txt2img,test,dap,48,1700000946,3,1701300958,70,-932.771134996532,-568.8566307190208,0.3946478332344293,0.640625,48.0,0.0,12017.780161925331,500.0,0.315505,0.543159,5.885345598073498,827
gentd26,txt2img,test,no_budget_horizon,48,1700000946,3,1701300958,70,-932.771134996532,-568.8566307190208,0.3946478332344293,0.640625,48.0,0.0,12017.780161925331,500.0,0.313115796875,0.5278190500000001,5.885345598073498,827
gentd26,txt2img,test,blackbox_matched_weight,48,1700000946,3,1701300958,70,-1030.6132843924318,-636.9028942064272,0.3606740208704721,0.640625,48.0,0.0,13352.051768932504,500.0,0.1357488593749999,0.2421462999999999,5.885345598073498,827
gentd26,txt2img,test,dap,48,1700000946,4,1701400961,356,38.67996101380032,25.52823054429851,1.0,0.0,25.0,0.0,0.0,0.0,0.546922859375,0.6226154999999998,5.885345598073498,827
gentd26,txt2img,test,no_budget_horizon,48,1700000946,4,1701400961,356,38.67996101380032,25.52823054429851,1.0,0.0,25.0,0.0,0.0,0.0,0.532062078125,0.56436175,5.885345598073498,827
gentd26,txt2img,test,blackbox_matched_weight,48,1700000946,4,1701400961,356,30.311180706408678,21.05282437152888,0.9332931615441548,0.03125,48.0,0.0,33.399298248405735,16.34967836385263,0.2207896875,0.2409474,5.885345598073498,827
gentd26,image_conditioned,test,dap,48,1700000947,0,1700000947,352,-79.7311079580177,-43.99271071425736,0.8088638897749275,0.1875,48.0,0.0,976.7183206106868,139.05604325699744,0.99790978125,1.1432989,9.100826972010177,828
gentd26,image_conditioned,test,no_budget_horizon,48,1700000947,0,1700000947,352,-79.7311079580177,-43.99271071425736,0.8088638897749275,0.1875,48.0,0.0,976.7183206106868,139.05604325699744,0.996052875,1.14330415,9.100826972010177,828
gentd26,image_conditioned,test,blackbox_matched_weight,48,1700000947,0,1700000947,352,-350.4316196840224,-199.6026231845364,0.4960757814860826,0.28125,48.0,0.0,4445.494529262087,366.6167938931298,0.583675875,0.8991233,9.100826972010177,828
gentd26,image_conditioned,test,dap,48,1700000947,1,1700100950,37,-163.23274507122676,-90.87577485234306,0.6221783457325958,0.203125,48.0,0.0,2250.862595419847,362.5541984732824,0.50361590625,0.5580063,9.100826972010177,828
gentd26,image_conditioned,test,no_budget_horizon,48,1700000947,1,1700100950,37,-163.23274507122676,-90.87577485234306,0.6221783457325958,0.203125,48.0,0.0,2250.862595419847,362.5541984732824,0.496443578125,0.55078865,9.100826972010177,828
gentd26,image_conditioned,test,blackbox_matched_weight,48,1700000947,1,1700100950,37,-204.22666754909037,-113.31208342216172,0.5406153412501936,0.203125,48.0,0.0,2755.048409669211,440.82131043257,0.230218984375,0.2565478499999999,9.100826972010177,828
gentd26,image_conditioned,test,dap,48,1700000947,2,1700200953,483,-4.12,-3.24807145740474,1.0,0.0,1.0,0.0,0.0,0.0,0.584653671875,1.12110885,9.100826972010177,828
gentd26,image_conditioned,test,no_budget_horizon,48,1700000947,2,1700200953,483,-4.12,-3.24807145740474,1.0,0.0,1.0,0.0,0.0,0.0,0.55793615625,0.6933174999999999,9.100826972010177,828
gentd26,image_conditioned,test,blackbox_matched_weight,48,1700000947,2,1700200953,483,-4.12,-3.24807145740474,1.0,0.0,15.0,0.0,0.0,0.0,0.25324540625,0.3396839499999999,9.100826972010177,828
gentd26,image_conditioned,test,dap,48,1700000947,3,1700300956,408,3.1531603053435124,2.775582573050273,1.0,0.0,19.0,0.0,12.170992366412214,0.0,0.56727971875,0.6817747999999998,9.100826972010177,828
gentd26,image_conditioned,test,no_budget_horizon,48,1700000947,3,1700300956,408,3.1531603053435124,2.775582573050273,1.0,0.0,19.0,0.0,12.170992366412214,0.0,0.539364359375,0.59574985,9.100826972010177,828
gentd26,image_conditioned,test,blackbox_matched_weight,48,1700000947,3,1700300956,408,-27.75900945308016,-15.55610439042799,1.0000000000000002,0.140625,48.0,0.0,222.4977099236641,0.0,0.174800203125,0.2517990499999999,9.100826972010177,828
gentd26,image_conditioned,test,dap,48,1700000947,4,1700400959,43,-354.01906994407364,-200.1235760028746,0.5932460696684134,0.296875,48.0,0.0,4735.001526717556,429.92213740458,0.4791441875,0.5931270999999999,9.100826972010177,828
gentd26,image_conditioned,test,no_budget_horizon,48,1700000947,4,1700400959,43,-354.01906994407364,-200.1235760028746,0.5932460696684134,0.296875,48.0,0.0,4735.001526717556,429.92213740458,0.480953296875,0.5708125,9.100826972010177,828
gentd26,image_conditioned,test,blackbox_matched_weight,48,1700000947,4,1700400959,43,-426.9361773548694,-241.35717762175244,0.519196718319977,0.296875,48.0,0.0,5682.411513994911,495.0,0.2288513906249999,0.36047475,9.100826972010177,828
gentd26,txt2img,test,dap,48,1700000947,0,1701000950,97,-1443.5921376592737,-928.678353060962,0.3888950620313386,0.703125,48.0,0.0,19012.11612749018,494.9497953224516,0.294918375,0.5657563999999999,5.885345598073498,828
gentd26,txt2img,test,no_budget_horizon,48,1700000947,0,1701000950,97,-1443.5921376592737,-928.678353060962,0.3888950620313386,0.703125,48.0,0.0,19012.11612749018,494.9497953224516,0.301130578125,0.5790135499999999,5.885345598073498,828
gentd26,txt2img,test,blackbox_matched_weight,48,1700000947,0,1701000950,97,-1506.0771398292395,-977.9398095371528,0.3528283492836611,0.734375,48.0,0.0,19789.14609879421,494.9497953224516,0.126373984375,0.2518392,5.885345598073498,828
gentd26,txt2img,test,dap,48,1700000947,1,1701100953,316,1.7299707603502397,0.7010139478332233,1.0,0.0,1.0,0.0,0.0,0.0,0.5573637812500001,0.7032680499999999,5.885345598073498,828
gentd26,txt2img,test,no_budget_horizon,48,1700000947,1,1701100953,316,1.7299707603502397,0.7010139478332233,1.0,0.0,1.0,0.0,0.0,0.0,0.5371415625,0.5755659,5.885345598073498,828
gentd26,txt2img,test,blackbox_matched_weight,48,1700000947,1,1701100953,316,1.7299707603502397,0.7010139478332233,1.0,0.0,22.0,0.0,0.0,0.0,0.244514546875,0.3532957499999998,5.885345598073498,828
gentd26,txt2img,test,dap,48,1700000947,2,1701200956,590,7.679961013800318,7.522363618571832,1.0,0.0,1.0,0.0,0.0,0.0,0.534867546875,0.56884015,5.885345598073498,828
gentd26,txt2img,test,no_budget_horizon,48,1700000947,2,1701200956,590,7.679961013800318,7.522363618571832,1.0,0.0,1.0,0.0,0.0,0.0,0.5204485625,0.5501806499999999,5.885345598073498,828
gentd26,txt2img,test,blackbox_matched_weight,48,1700000947,2,1701200956,590,7.679961013800318,7.522363618571832,1.0,0.0,21.0,0.0,0.0,0.0,0.2342360781249999,0.2580949999999999,5.885345598073498,828
gentd26,txt2img,test,dap,48,1700000947,3,1701300959,509,25.3799025345008,18.550968195462204,1.0,0.0,5.0,0.0,0.0,0.0,0.543556578125,0.6479471499999999,5.885345598073498,828
gentd26,txt2img,test,no_budget_horizon,48,1700000947,3,1701300959,509,25.3799025345008,18.550968195462204,1.0,0.0,5.0,0.0,0.0,0.0,0.54501534375,0.60334145,5.885345598073498,828
gentd26,txt2img,test,blackbox_matched_weight,48,1700000947,3,1701300959,509,25.3799025345008,18.550968195462204,1.0,0.0,48.0,0.0,0.0,0.0,0.228454890625,0.25970435,5.885345598073498,828
gentd26,txt2img,test,dap,48,1700000947,4,1701400962,178,-19.841338138403597,-10.623949663981204,0.8484973337733974,0.0625,48.0,0.0,324.5574071790303,71.25131379514745,0.51289921875,0.5542252499999999,5.885345598073498,828
gentd26,txt2img,test,no_budget_horizon,48,1700000947,4,1701400962,178,-19.841338138403597,-10.623949663981204,0.8484973337733974,0.0625,48.0,0.0,324.5574071790303,71.25131379514745,0.50956303125,0.5648502,5.885345598073498,828
gentd26,txt2img,test,blackbox_matched_weight,48,1700000947,4,1701400962,178,-62.04271068846662,-33.7155240643244,0.6808084908516867,0.109375,48.0,0.0,791.853847666066,150.11494480933231,0.217371125,0.24358065,5.885345598073498,828
gentd26,image_conditioned,test,dap,48,1700000948,0,1700000948,468,-5.12,-3.795228099795501,0.0,0.0,21.0,0.0,0.0,0.0,0.9662965625,1.72658685,9.100826972010177,829
gentd26,image_conditioned,test,no_budget_horizon,48,1700000948,0,1700000948,468,-5.12,-3.795228099795501,0.0,0.0,0.0,0.0,0.0,0.0,0.733092578125,0.77446345,9.100826972010177,829
gentd26,image_conditioned,test,blackbox_matched_weight,48,1700000948,0,1700000948,468,-5.12,-3.795228099795501,0.0,0.0,24.0,0.0,0.0,0.0,0.355756234375,0.3771164499999999,9.100826972010177,829
gentd26,image_conditioned,test,dap,48,1700000948,1,1700100951,104,-1455.1268945067864,-948.6711197132306,0.4737586519422067,0.859375,48.0,0.0,19001.726972010176,480.0,0.741891671875,1.8641393,9.100826972010177,829
gentd26,image_conditioned,test,no_budget_horizon,48,1700000948,1,1700100951,104,-1525.2056323249883,-1002.8382589274936,0.4493319349209427,0.875,48.0,0.0,19875.41679389313,480.0,0.579192328125,0.7994751999999998,9.100826972010177,829
gentd26,image_conditioned,test,blackbox_matched_weight,48,1700000948,1,1700100951,104,-1548.5837270730617,-1021.7613244305616,0.4409258900189784,0.890625,48.0,0.0,20186.956297709923,480.0,0.5481173593750001,1.335353,9.100826972010177,829
gentd26,image_conditioned,test,dap,48,1700000948,2,1700200954,239,-1391.3699470139916,-894.0543598492814,0.5008881460361158,0.6875,48.0,0.0,18393.623536895677,462.1709923664122,0.685874484375,1.73865125,9.100826972010177,829
gentd26,image_conditioned,test,no_budget_horizon,48,1700000948,2,1700200954,239,-1400.0279392717823,-900.7501853723834,0.4950273244191,0.6875,48.0,0.0,18464.03982188295,462.1709923664122,0.6219210625,0.8624904499999998,9.100826972010177,829
gentd26,image_conditioned,test,blackbox_matched_weight,48,1700000948,2,1700200954,239,-1434.4080713753651,-927.3118055429716,0.4668953806574247,0.6875,48.0,0.0,18905.51157760814,462.1709923664122,0.351249359375,1.3740358499999998,9.100826972010177,829
gentd26,image_conditioned,test,dap,48,1700000948,3,1700300957,463,-5.12,-3.795228099795501,0.0,0.0,21.0,0.0,0.0,0.0,1.5896298906250002,1.9462909,9.100826972010177,829
gentd26,image_conditioned,test,no_budget_horizon,48,1700000948,3,1700300957,463,-5.12,-3.795228099795501,0.0,0.0,0.0,0.0,0.0,0.0,1.589213859375,1.7588788,9.100826972010177,829
gentd26,image_conditioned,test,blackbox_matched_weight,48,1700000948,3,1700300957,463,-5.12,-3.795228099795501,0.0,0.0,24.0,0.0,0.0,0.0,0.43649325,0.6085242499999998,9.100826972010177,829
gentd26,image_conditioned,test,dap,48,1700000948,4,1700400960,440,-2.967839936769904,-1.9467415549925668,1.0,0.0,23.0,0.0,11.491157760814248,0.0,0.76090015625,0.8082426999999999,9.100826972010177,829
gentd26,image_conditioned,test,no_budget_horizon,48,1700000948,4,1700400960,440,-2.12,-1.23920746025111,1.0,0.0,6.0,0.0,0.0,0.0,0.770917859375,0.8356706499999998,9.100826972010177,829
gentd26,image_conditioned,test,blackbox_matched_weight,48,1700000948,4,1700400960,440,-2.12,-1.23920746025111,1.0,0.0,25.0,0.0,0.0,0.0,0.40407190625,0.5519725499999999,9.100826972010177,829
gentd26,txt2img,test,dap,48,1700000948,0,1701000951,95,-1369.6866062575748,-872.0777277085608,0.4057863692533717,0.671875,48.0,0.0,18060.09441290629,495.4498927879508,0.416413171875,0.78507535,5.885345598073498,829
gentd26,txt2img,test,no_budget_horizon,48,1700000948,0,1701000951,95,-1399.5455840876102,-894.6389665503422,0.3871852145574751,0.6875,48.0,0.0,18436.82901965621,495.4498927879508,0.435857234375,0.8138519999999999,5.885345598073498,829
gentd26,txt2img,test,blackbox_matched_weight,48,1700000948,0,1701000951,95,-1413.0409346375272,-904.9638067702708,0.3789545336598238,0.6875,48.0,0.0,18617.38919266741,495.4498927879508,0.188389984375,0.36838445,5.885345598073498,829
gentd26,txt2img,test,dap,48,1700000948,1,1701100954,117,-1653.9618497044837,-1121.9289917278495,0.5783110663726011,0.9375,48.0,0.0,21614.804819370576,424.39949317940415,0.616800109375,0.9003823,5.885345598073498,829
gentd26,txt2img,test,no_budget_horizon,48,1700000948,1,1701100954,117,-1669.258784413013,-1134.1387967423984,0.5695077211103066,0.9375,48.0,0.0,21780.38825083244,424.39949317940415,0.59036928125,1.6970963,5.885345598073498,829
gentd26,txt2img,test,blackbox_matched_weight,48,1700000948,1,1701100954,117,-1669.258784413013,-1134.1387967423984,0.5695077211103066,0.9375,48.0,0.0,21780.38825083244,424.39949317940415,0.17846625,0.40365175,5.885345598073498,829
gentd26,txt2img,test,dap,48,1700000948,2,1701200957,577,15.860003709895793,13.82061289276778,1.0,0.0,26.0,0.0,10.372453299439195,0.0,0.8071076875,0.9267184,5.885345598073498,829
gentd26,txt2img,test,no_budget_horizon,48,1700000948,2,1701200957,577,15.860003709895793,13.82061289276778,1.0,0.0,5.0,0.0,10.372453299439195,0.0,1.524595078125,1.8303001,5.885345598073498,829
gentd26,txt2img,test,blackbox_matched_weight,48,1700000948,2,1701200957,577,17.45675745989285,15.261448679280434,1.0,0.0,31.0,0.0,0.6999415207004782,0.0,0.3904308125,0.4360219999999997,5.885345598073498,829
gentd26,txt2img,test,dap,48,1700000948,3,1701300960,291,10.046231856006065,9.57296872022118,1.0000000000000002,0.0,27.0,0.0,2.864410738178492,0.0,1.3634174843750002,1.47654365,5.885345598073498,829
gentd26,txt2img,test,no_budget_horizon,48,1700000948,3,1701300960,291,9.5669487031684,9.160327127380995,1.0000000000000002,0.0,2.0,0.0,5.46433276577913,0.0,1.63509075,1.86367755,5.885345598073498,829
gentd26,txt2img,test,blackbox_matched_weight,48,1700000948,3,1701300960,291,10.579941520700478,10.094422736282104,1.0,0.0,25.0,0.0,0.0,0.0,1.35196721875,1.4240076,5.885345598073498,829
gentd26,txt2img,test,dap,48,1700000948,4,1701400963,254,-1794.8755583287573,-1244.9098704573332,0.5716957259447418,0.96875,48.0,0.0,23485.201443285023,403.3992982484058,0.788183234375,1.8316376,5.885345598073498,829
gentd26,txt2img,test,no_budget_horizon,48,1700000948,4,1701400963,254,-1794.8755583287573,-1244.9098704573332,0.5716957259447418,0.96875,48.0,0.0,23485.201443285023,403.3992982484058,0.679277921875,1.0218336999999995,5.885345598073498,829
gentd26,txt2img,test,blackbox_matched_weight,48,1700000948,4,1701400963,254,-1794.8755583287573,-1244.9098704573332,0.5716957259447418,0.96875,48.0,0.0,23485.201443285023,403.3992982484058,0.527055265625,1.3782778,5.885345598073498,829
gentd26,image_conditioned,test,dap,72,1700000939,0,1700000939,66,-971.143470396466,-594.2074877088011,0.5559752085397316,0.65625,72.0,0.0,13050.52671755725,495.0,0.803885171875,1.13169875,9.100826972010177,820
gentd26,image_conditioned,test,no_budget_horizon,72,1700000939,0,1700000939,66,-971.143470396466,-594.2074877088011,0.5559752085397316,0.65625,72.0,0.0,13050.52671755725,495.0,0.612459609375,1.0985062,9.100826972010177,820
gentd26,image_conditioned,test,blackbox_matched_weight,72,1700000939,0,1700000939,66,-971.143470396466,-594.2074877088011,0.5559752085397316,0.65625,72.0,0.0,13050.52671755725,495.0,0.604344265625,0.95111045,9.100826972010177,820
gentd26,image_conditioned,test,dap,72,1700000939,1,1700100942,73,-1236.3590190398377,-782.3721314107718,0.488128774078802,0.765625,72.0,0.0,16540.52671755725,500.0,0.73840596875,1.1571679499999998,9.100826972010177,820
gentd26,image_conditioned,test,no_budget_horizon,72,1700000939,1,1700100942,73,-1236.3590190398377,-782.3721314107718,0.488128774078802,0.765625,72.0,0.0,16540.52671755725,500.0,0.67945834375,1.1345382999999998,9.100826972010177,820
gentd26,image_conditioned,test,blackbox_matched_weight,72,1700000939,1,1700100942,73,-1236.3590190398377,-782.3721314107718,0.488128774078802,0.765625,72.0,0.0,16540.52671755725,500.0,0.14750053125,0.24910715,9.100826972010177,820
gentd26,image_conditioned,test,dap,72,1700000939,2,1700200945,182,8.153160305343512,4.075854434575395,1.0,0.0,37.0,0.0,12.170992366412214,0.0,0.5206876406250001,0.5578269499999999,9.100826972010177,820
gentd26,image_conditioned,test,no_budget_horizon,72,1700000939,2,1700200945,182,8.153160305343512,4.075854434575395,1.0,0.0,37.0,0.0,12.170992366412214,0.0,0.6839206718749999,1.17393745,9.100826972010177,820
gentd26,image_conditioned,test,blackbox_matched_weight,72,1700000939,2,1700200945,182,8.153160305343512,4.075854434575395,1.0,0.0,72.0,0.0,12.170992366412214,0.0,0.32880803125,0.8627632,9.100826972010177,820
gentd26,image_conditioned,test,dap,72,1700000939,3,1700300948,574,-1.1199999999999997,-0.6655502062416275,1.0,0.0,10.0,0.0,0.0,0.0,0.6047455625,0.8734950499999999,9.100826972010177,820
gentd26,image_conditioned,test,no_budget_horizon,72,1700000939,3,1700300948,574,-1.1199999999999997,-0.6655502062416275,1.0,0.0,10.0,0.0,0.0,0.0,0.531099671875,0.5587033,9.100826972010177,820
gentd26,image_conditioned,test,blackbox_matched_weight,72,1700000939,3,1700300948,574,-1.1199999999999997,-0.6655502062416275,1.0,0.0,72.0,0.0,0.0,0.0,0.2070819375,0.2614608499999999,9.100826972010177,820
gentd26,image_conditioned,test,dap,72,1700000939,4,1700400951,217,-646.00115674315,-371.3158295711255,0.5317177020649775,0.34375,72.0,0.0,8682.64134860051,495.0,0.640492578125,1.2708858999999997,9.100826972010177,820
gentd26,image_conditioned,test,no_budget_horizon,72,1700000939,4,1700400951,217,-646.00115674315,-371.3158295711255,0.5317177020649775,0.34375,72.0,0.0,8682.64134860051,495.0,0.959670265625,1.2881566999999998,9.100826972010177,820
gentd26,image_conditioned,test,blackbox_matched_weight,72,1700000939,4,1700400951,217,-927.4404919087564,-554.5823309927571,0.3533198681349024,0.46875,72.0,0.0,12223.66641221374,495.0,0.5618493437500001,0.8802597000000001,9.100826972010177,820
gentd26,txt2img,test,dap,72,1700000939,0,1701000942,528,34.47992202760064,25.005151420867666,1.0,0.0,17.0,0.0,0.0,0.0,1.10935003125,1.20933595,5.885345598073498,820
gentd26,txt2img,test,no_budget_horizon,72,1700000939,0,1701000942,528,34.47992202760064,25.005151420867666,1.0,0.0,17.0,0.0,0.0,0.0,0.6631311093750001,1.07287635,5.885345598073498,820
gentd26,txt2img,test,blackbox_matched_weight,72,1700000939,0,1701000942,528,-4.242719448517008,2.961979259691926,0.8721824510559855,0.15625,72.0,0.0,174.69584796973396,22.94940546045486,0.302816875,0.8739430999999999,5.885345598073498,820
gentd26,txt2img,test,dap,72,1700000939,1,1701100945,43,-1.398826122671187,-1.5687381289793163,0.9999999999999998,0.046875,70.0,0.0,281.197115021223,0.0,0.740303671875,1.14203725,5.885345598073498,820
gentd26,txt2img,test,no_budget_horizon,72,1700000939,1,1701100945,43,-1.398826122671187,-1.5687381289793163,0.9999999999999998,0.046875,70.0,0.0,281.197115021223,0.0,1.063382515625,1.09169505,5.885345598073498,820
gentd26,txt2img,test,blackbox_matched_weight,72,1700000939,1,1701100945,43,-21.35715394262543,-12.442144711362609,0.9549339774515369,0.125,72.0,0.0,358.6113288061597,25.90143072059492,0.7708998437500001,0.86401725,5.885345598073498,820
gentd26,txt2img,test,dap,72,1700000939,2,1701200948,172,8.196837166624656,4.907597157305129,0.997005988023952,0.0,40.0,0.0,37.99961013800312,0.9499902534500748,1.1074484531250002,1.1431167,5.885345598073498,820
gentd26,txt2img,test,no_budget_horizon,72,1700000939,2,1701200948,172,8.196837166624656,4.907597157305129,0.997005988023952,0.0,40.0,0.0,37.99961013800312,0.9499902534500748,1.1018983593749998,1.12726235,5.885345598073498,820
gentd26,txt2img,test,blackbox_matched_weight,72,1700000939,2,1701200948,172,-119.5587828312606,-65.3560101221621,0.212261469523265,0.171875,72.0,0.0,1363.8326219014918,249.94687135747557,0.72140978125,0.9223018,5.885345598073498,820
gentd26,txt2img,test,dap,72,1700000939,3,1701300951,160,6.729970760350239,6.778798942324167,1.0,0.0,1.0,0.0,0.0,0.0,1.076517375,1.13315155,5.885345598073498,820
gentd26,txt2img,test,no_budget_horizon,72,1700000939,3,1701300951,160,6.729970760350239,6.778798942324167,1.0,0.0,1.0,0.0,0.0,0.0,1.058017671875,1.0875962499999998,5.885345598073498,820
gentd26,txt2img,test,blackbox_matched_weight,72,1700000939,3,1701300951,160,6.729970760350239,6.778798942324167,1.0,0.0,72.0,0.0,0.0,0.0,0.3124965625,0.85239045,5.885345598073498,820
gentd26,txt2img,test,dap,72,1700000939,4,1701400954,164,7.729970760350239,6.297139362743622,1.0,0.0,10.0,0.0,0.0,0.0,0.588388671875,0.8752032999999999,5.885345598073498,820
gentd26,txt2img,test,no_budget_horizon,72,1700000939,4,1701400954,164,7.729970760350239,6.297139362743622,1.0,0.0,10.0,0.0,0.0,0.0,0.83294128125,1.2560007,5.885345598073498,820
gentd26,txt2img,test,blackbox_matched_weight,72,1700000939,4,1701400954,164,-6.122103079690734,-1.1193932489720586,0.4976094963453631,0.046875,72.0,0.0,75.44891813295885,41.99941520700478,0.330192546875,0.88521015,5.885345598073498,820
gentd26,image_conditioned,test,dap,72,1700000940,0,1700000940,545,-0.1199999999999996,-0.6138769201016279,1.0,0.0,11.0,0.0,0.0,0.0,0.5469577343750001,0.6578225499999995,9.100826972010177,821
gentd26,image_conditioned,test,no_budget_horizon,72,1700000940,0,1700000940,545,-0.1199999999999996,-0.6138769201016279,1.0,0.0,11.0,0.0,0.0,0.0,0.5428073906249999,0.7835016499999992,9.100826972010177,821
gentd26,image_conditioned,test,blackbox_matched_weight,72,1700000940,0,1700000940,545,-89.45405451080754,-51.77595271157932,0.716219267436026,0.234375,72.0,0.0,787.4931297709921,34.53893129770991,0.1197600312499999,0.2277565,9.100826972010177,821
gentd26,image_conditioned,test,dap,72,1700000940,1,1700100943,2,0.9777096249085536,1.7687670280809364,1.0,0.0,22.0,0.0,15.31603053435115,0.0,0.562897078125,0.8082089499999999,9.100826972010177,821
gentd26,image_conditioned,test,no_budget_horizon,72,1700000940,1,1700100943,2,0.9777096249085536,1.7687670280809364,1.0,0.0,22.0,0.0,15.31603053435115,0.0,0.539579203125,0.58199895,9.100826972010177,821
gentd26,image_conditioned,test,blackbox_matched_weight,72,1700000940,1,1700100943,2,-17.12344090371453,-11.147622597403494,1.0,0.09375,72.0,0.0,130.9068702290076,0.0,0.148187375,0.2422709499999999,9.100826972010177,821
gentd26,image_conditioned,test,dap,72,1700000940,2,1700200946,388,9.068890303961718,7.977632604989332,1.0,0.0,61.0,0.0,134.29007633587787,0.0,0.56354190625,0.8167254999999999,9.100826972010177,821
gentd26,image_conditioned,test,no_budget_horizon,72,1700000940,2,1700200946,388,9.068890303961718,7.977632604989332,1.0,0.0,61.0,0.0,134.29007633587787,0.0,0.517813875,0.5588814499999999,9.100826972010177,821
gentd26,image_conditioned,test,blackbox_matched_weight,72,1700000940,2,1700200946,388,-98.1310891217718,-69.61679695666638,0.9896224580877216,0.375,72.0,0.0,988.047455470738,7.170992366412213,0.13033796875,0.2376251499999999,9.100826972010177,821
gentd26,image_conditioned,test,dap,72,1700000940,3,1700300949,157,3.780890879979809,4.6508382419146495,1.0,0.0,26.0,0.0,18.461068702290085,0.0,0.541140484375,0.5901345999999997,9.100826972010177,821
gentd26,image_conditioned,test,no_budget_horizon,72,1700000940,3,1700300949,157,3.780890879979809,4.6508382419146495,1.0,0.0,26.0,0.0,18.461068702290085,0.0,0.536636703125,0.5881436,9.100826972010177,821
gentd26,image_conditioned,test,blackbox_matched_weight,72,1700000940,3,1700300949,157,3.780890879979809,4.6508382419146495,1.0,0.0,67.0,0.0,18.461068702290085,0.0,0.22931890625,0.2355411999999999,9.100826972010177,821
gentd26,image_conditioned,test,dap,72,1700000940,4,1700400952,155,4.780890879979808,5.4727615217146175,1.0,0.0,28.0,0.0,18.461068702290085,0.0,0.533113984375,0.5882860499999999,9.100826972010177,821
gentd26,image_conditioned,test,no_budget_horizon,72,1700000940,4,1700400952,155,4.780890879979808,5.4727615217146175,1.0,0.0,28.0,0.0,18.461068702290085,0.0,0.53075246875,0.5594794499999999,9.100826972010177,821
gentd26,image_conditioned,test,blackbox_matched_weight,72,1700000940,4,1700400952,155,4.780890879979808,5.4727615217146175,1.0,0.0,72.0,0.0,18.461068702290085,0.0,0.21902528125,0.2451195999999999,9.100826972010177,821
gentd26,txt2img,test,dap,72,1700000940,0,1701000943,125,-442.6345319318575,-300.0806114368631,0.9469286222810628,0.75,72.0,0.0,5116.800712393236,43.31399936083848,0.3034315625,0.5860578999999999,5.885345598073498,821
gentd26,txt2img,test,no_budget_horizon,72,1700000940,0,1701000943,125,-442.6345319318575,-300.0806114368631,0.9469286222810628,0.75,72.0,0.0,5116.800712393236,43.31399936083848,0.29311028125,0.53753425,5.885345598073498,821
gentd26,txt2img,test,blackbox_matched_weight,72,1700000940,0,1701000943,125,-584.8782023985893,-395.7427774380876,0.8950594629044935,0.78125,72.0,0.0,6997.058869161517,85.64681287817601,0.12013671875,0.2379124999999999,5.885345598073498,821
gentd26,txt2img,test,dap,72,1700000940,1,1701100946,518,30.32989278795088,22.402496641131897,1.0,0.0,9.0,0.0,0.0,0.0,0.53888575,0.5869508499999999,5.885345598073498,821
gentd26,txt2img,test,no_budget_horizon,72,1700000940,1,1701100946,518,30.32989278795088,22.402496641131897,1.0,0.0,9.0,0.0,0.0,0.0,0.550567734375,0.6004669499999999,5.885345598073498,821
gentd26,txt2img,test,blackbox_matched_weight,72,1700000940,1,1701100946,518,29.467287701226955,21.94025715884049,0.99641230140602,0.0,72.0,0.0,4.949795322451676,0.449892787950878,0.308267828125,0.4440711499999999,5.885345598073498,821
gentd26,txt2img,test,dap,72,1700000940,2,1701200949,118,-1115.7110369748634,-747.8775410092294,0.7426874836087886,0.953125,72.0,0.0,14302.319810161083,286.0537054791525,1.84423628125,1.1251322,5.885345598073498,821
gentd26,txt2img,test,no_budget_horizon,72,1700000940,2,1701200949,118,-1115.7110369748634,-747.8775410092294,0.7426874836087886,0.953125,72.0,0.0,14302.319810161083,286.0537054791525,0.4659415,1.0925444,5.885345598073498,821
gentd26,txt2img,test,blackbox_matched_weight,72,1700000940,2,1701200949,118,-1115.7110369748634,-747.8775410092294,0.7426874836087886,0.953125,72.0,0.0,14302.319810161083,286.0537054791525,0.1244805,0.2605415,5.885345598073498,821
gentd26,txt2img,test,dap,72,1700000940,3,1701300952,500,22.529931774150555,15.188606318320048,1.0,0.0,5.0,0.0,0.0,0.0,0.54908334375,0.5808622499999999,5.885345598073498,821
gentd26,txt2img,test,no_budget_horizon,72,1700000940,3,1701300952,500,22.529931774150555,15.188606318320048,1.0,0.0,5.0,0.0,0.0,0.0,0.553109171875,0.59828695,5.885345598073498,821
gentd26,txt2img,test,blackbox_matched_weight,72,1700000940,3,1701300952,500,22.529931774150555,15.188606318320048,1.0,0.0,72.0,0.0,0.0,0.0,0.19323565625,0.24898785,5.885345598073498,821
gentd26,txt2img,test,dap,72,1700000940,4,1701400955,582,14.67996101380032,13.373550169237314,1.0,0.0,8.0,0.0,0.0,0.0,0.5965009375,0.7177708999999998,5.885345598073498,821
gentd26,txt2img,test,no_budget_horizon,72,1700000940,4,1701400955,582,14.67996101380032,13.373550169237314,1.0,0.0,8.0,0.0,0.0,0.0,0.6456078749999999,1.1643104,5.885345598073498,821
gentd26,txt2img,test,blackbox_matched_weight,72,1700000940,4,1701400955,582,14.67996101380032,13.373550169237314,1.0,0.0,72.0,0.0,0.0,0.0,0.2274358437499999,0.2575675,5.885345598073498,821
gentd26,image_conditioned,test,dap,72,1700000941,0,1700000941,459,-4.12,-2.795228099795501,1.0,0.0,1.0,0.0,0.0,0.0,0.637402640625,1.10668855,9.100826972010177,822
gentd26,image_conditioned,test,no_budget_horizon,72,1700000941,0,1700000941,459,-4.12,-2.795228099795501,1.0,0.0,1.0,0.0,0.0,0.0,0.54837321875,0.6001059999999998,9.100826972010177,822
gentd26,image_conditioned,test,blackbox_matched_weight,72,1700000941,0,1700000941,459,-4.12,-2.795228099795501,1.0,0.0,45.0,0.0,0.0,0.0,0.246236015625,0.2644545499999999,9.100826972010177,822
gentd26,image_conditioned,test,dap,72,1700000941,1,1700100944,13,-3.12,-2.0534348836672525,1.0,0.0,5.0,0.0,0.0,0.0,0.553697796875,0.60537495,9.100826972010177,822
gentd26,image_conditioned,test,no_budget_horizon,72,1700000941,1,1700100944,13,-3.12,-2.0534348836672525,1.0,0.0,5.0,0.0,0.0,0.0,0.5300325,0.5608333499999999,9.100826972010177,822
gentd26,image_conditioned,test,blackbox_matched_weight,72,1700000941,1,1700100944,13,-3.12,-2.0534348836672525,1.0,0.0,72.0,0.0,0.0,0.0,0.221908640625,0.235688,9.100826972010177,822
gentd26,image_conditioned,test,dap,72,1700000941,2,1700200947,76,-1348.168713948104,-866.1703761007517,0.495174916450322,0.8125,72.0,0.0,18010.52671755725,485.0,0.324428625,0.55430645,9.100826972010177,822
gentd26,image_conditioned,test,no_budget_horizon,72,1700000941,2,1700200947,76,-1348.168713948104,-866.1703761007517,0.495174916450322,0.8125,72.0,0.0,18010.52671755725,485.0,0.629879078125,1.0778496,9.100826972010177,822
gentd26,image_conditioned,test,blackbox_matched_weight,72,1700000941,2,1700200947,76,-1512.766306822104,-990.1822691854276,0.4130939915948307,0.8125,72.0,0.0,20048.694656488547,485.0,0.267298953125,0.8356297500000001,9.100826972010177,822
gentd26,image_conditioned,test,dap,72,1700000941,3,1700300950,41,-137.80638650307668,-79.13016681770463,0.8513714508755639,0.265625,72.0,0.0,2166.4824427480908,153.4763358778625,0.772760046875,1.206247,9.100826972010177,822
gentd26,image_conditioned,test,no_budget_horizon,72,1700000941,3,1700300950,41,-137.80638650307668,-79.13016681770463,0.8513714508755639,0.265625,72.0,0.0,2166.4824427480908,153.4763358778625,0.79712746875,1.11600095,9.100826972010177,822
gentd26,image_conditioned,test,blackbox_matched_weight,72,1700000941,3,1700300950,41,-391.5326341195197,-220.0913155077077,0.4706341555730345,0.265625,72.0,0.0,5153.225954198473,500.0,0.20343203125,0.2412717999999999,9.100826972010177,822
gentd26,image_conditioned,test,dap,72,1700000941,4,1700400953,170,1.1531603053435115,0.1503190458735416,1.0000000000000002,0.0,23.0,0.0,12.170992366412214,0.0,0.5414601562499999,0.6114213999999998,9.100826972010177,822
gentd26,image_conditioned,test,no_budget_horizon,72,1700000941,4,1700400953,170,1.1531603053435115,0.1503190458735416,1.0000000000000002,0.0,23.0,0.0,12.170992366412214,0.0,0.52928678125,0.5536091,9.100826972010177,822
gentd26,image_conditioned,test,blackbox_matched_weight,72,1700000941,4,1700400953,170,1.1531603053435115,0.1503190458735416,1.0000000000000002,0.0,64.0,0.0,12.170992366412214,0.0,0.2308775625,0.2360812,9.100826972010177,822
gentd26,txt2img,test,dap,72,1700000941,0,1701000944,489,19.57994152070048,11.752003117260566,1.0,0.0,5.0,0.0,0.0,0.0,0.5351984999999999,0.55659855,5.885345598073498,822
gentd26,txt2img,test,no_budget_horizon,72,1700000941,0,1701000944,489,19.57994152070048,11.752003117260566,1.0,0.0,5.0,0.0,0.0,0.0,0.5265652187500001,0.54830275,5.885345598073498,822
gentd26,txt2img,test,blackbox_matched_weight,72,1700000941,0,1701000944,489,19.57994152070048,11.752003117260566,1.0,0.0,71.0,0.0,0.0,0.0,0.236514640625,0.2812530999999997,5.885345598073498,822
gentd26,txt2img,test,dap,72,1700000941,1,1701100947,192,7.504339621944615,5.243243391343755,0.8807825152602814,0.03125,72.0,0.0,215.9397353248121,78.26574399327421,0.6418868125,1.2343603499999998,5.885345598073498,822
gentd26,txt2img,test,no_budget_horizon,72,1700000941,1,1701100947,192,7.504339621944615,5.243243391343755,0.8807825152602814,0.03125,72.0,0.0,215.9397353248121,78.26574399327421,1.0173768281250002,1.3236797999999996,5.885345598073498,822
gentd26,txt2img,test,blackbox_matched_weight,72,1700000941,1,1701100947,192,-231.41581873768848,-133.5657543514286,0.6126169048101027,0.3125,72.0,0.0,2791.188387715105,254.3152644232364,0.709368125,0.94612395,5.885345598073498,822
gentd26,txt2img,test,dap,72,1700000941,2,1701200950,105,-1445.4795749358798,-937.108339451286,0.5374296654807602,0.75,72.0,0.0,19013.68986809669,474.8995906449033,0.6466144375,1.16081945,5.885345598073498,822
gentd26,txt2img,test,no_budget_horizon,72,1700000941,2,1701200950,105,-1445.4795749358798,-937.108339451286,0.5374296654807602,0.75,72.0,0.0,19013.68986809669,474.8995906449033,0.638356421875,1.1622471,5.885345598073498,822
gentd26,txt2img,test,blackbox_matched_weight,72,1700000941,2,1701200950,105,-1507.543122297027,-984.4812651259814,0.5088846559870701,0.75,72.0,0.0,19821.23273169936,474.8995906449033,0.4267209843749999,0.90779145,5.885345598073498,822
gentd26,txt2img,test,dap,72,1700000941,3,1701300953,584,13.679961013800318,12.712044901972495,1.0,0.0,8.0,0.0,0.0,0.0,1.127272671875,1.14782655,5.885345598073498,822
gentd26,txt2img,test,no_budget_horizon,72,1700000941,3,1701300953,584,13.679961013800318,12.712044901972495,1.0,0.0,8.0,0.0,0.0,0.0,1.105990578125,1.14448725,5.885345598073498,822
gentd26,txt2img,test,blackbox_matched_weight,72,1700000941,3,1701300953,584,13.679961013800318,12.712044901972495,1.0,0.0,54.0,0.0,0.0,0.0,0.945497828125,0.9518846,5.885345598073498,822
gentd26,txt2img,test,dap,72,1700000941,4,1701400956,34,-8.348816376121265,-4.291797482338124,0.9903288201160544,0.046875,58.0,0.0,281.197115021223,4.749951267250296,1.1447128750000002,1.2451112999999998,5.885345598073498,822
gentd26,txt2img,test,no_budget_horizon,72,1700000941,4,1701400956,34,-8.348816376121265,-4.291797482338124,0.9903288201160544,0.046875,58.0,0.0,281.197115021223,4.749951267250296,1.117263578125,1.2476859,5.885345598073498,822
gentd26,txt2img,test,blackbox_matched_weight,72,1700000941,4,1701400956,34,-71.09244120764271,-38.29437041331244,0.6260483726390389,0.109375,72.0,0.0,946.2411676035284,183.6644574486847,0.8204695625,0.91785805,5.885345598073498,822
gentd26,image_conditioned,test,dap,72,1700000942,0,1700000942,156,4.780890879979808,5.566377578497548,0.9999999999999998,0.0,38.0,0.0,18.461068702290085,0.0,1.337149859375,1.88968545,9.100826972010177,823
gentd26,image_conditioned,test,no_budget_horizon,72,1700000942,0,1700000942,156,4.780890879979808,5.566377578497548,0.9999999999999998,0.0,40.0,0.0,18.461068702290085,0.0,1.7484952968749998,1.836427,9.100826972010177,823
gentd26,image_conditioned,test,blackbox_matched_weight,72,1700000942,0,1700000942,156,4.780890879979808,5.566377578497548,0.9999999999999998,0.0,58.0,0.0,18.461068702290085,0.0,1.31440403125,1.35928195,9.100826972010177,823
gentd26,image_conditioned,test,dap,72,1700000942,1,1700100945,579,-1.1199999999999997,-0.5042600251211441,1.0,0.0,14.0,0.0,0.0,0.0,1.729356984375,1.7864655,9.100826972010177,823
gentd26,image_conditioned,test,no_budget_horizon,72,1700000942,1,1700100945,579,-1.1199999999999997,-0.5042600251211441,1.0,0.0,10.0,0.0,0.0,0.0,1.3854406250000002,1.82218585,9.100826972010177,823
gentd26,image_conditioned,test,blackbox_matched_weight,72,1700000942,1,1700100945,579,-1.1199999999999997,-0.5042600251211441,1.0,0.0,18.0,0.0,0.0,0.0,0.357619875,0.37698175,9.100826972010177,823
gentd26,image_conditioned,test,dap,72,1700000942,2,1700200948,517,-3.12,-2.388999467926474,1.0,0.0,2.0,0.0,0.0,0.0,0.738779921875,0.79444145,9.100826972010177,823
gentd26,image_conditioned,test,no_budget_horizon,72,1700000942,2,1700200948,517,-3.12,-2.388999467926474,1.0,0.0,2.0,0.0,0.0,0.0,0.74586334375,0.8141065999999999,9.100826972010177,823
gentd26,image_conditioned,test,blackbox_matched_weight,72,1700000942,2,1700200948,517,-3.12,-2.388999467926474,1.0,0.0,4.0,0.0,0.0,0.0,0.35470290625,0.36668495,9.100826972010177,823
gentd26,image_conditioned,test,dap,72,1700000942,3,1700300951,290,-0.1199999999999992,0.8638244381068716,1.0,0.0,10.0,0.0,0.0,0.0,0.734366109375,0.76523515,9.100826972010177,823
gentd26,image_conditioned,test,no_budget_horizon,72,1700000942,3,1700300951,290,-0.1199999999999992,0.8638244381068716,1.0,0.0,6.0,0.0,0.0,0.0,0.7245405625,0.76083505,9.100826972010177,823
gentd26,image_conditioned,test,blackbox_matched_weight,72,1700000942,3,1700300951,290,-0.1199999999999992,0.8638244381068716,1.0,0.0,17.0,0.0,0.0,0.0,0.3482061875,0.358365,9.100826972010177,823
gentd26,image_conditioned,test,dap,72,1700000942,4,1700400954,476,-5.12,-3.795228099795501,0.0,0.0,0.0,0.0,0.0,0.0,0.7483320625,0.8036907499999999,9.100826972010177,823
gentd26,image_conditioned,test,no_budget_horizon,72,1700000942,4,1700400954,476,-5.12,-3.795228099795501,0.0,0.0,0.0,0.0,0.0,0.0,1.0986125,1.85515225,9.100826972010177,823
gentd26,image_conditioned,test,blackbox_matched_weight,72,1700000942,4,1700400954,476,-5.12,-3.795228099795501,0.0,0.0,4.0,0.0,0.0,0.0,0.3740001093749999,0.4584994499999999,9.100826972010177,823
gentd26,txt2img,test,dap,72,1700000942,0,1701000945,525,30.087371677826,22.017510080183744,1.0,0.0,9.0,0.0,16.97218039604143,0.0,0.809056203125,0.933809,5.885345598073498,823
gentd26,txt2img,test,no_budget_horizon,72,1700000942,0,1701000945,525,28.683842329467204,20.862060311523795,1.0,0.0,8.0,0.0,25.029550445357632,0.0,0.77513721875,0.8340619499999999,5.885345598073498,823
gentd26,txt2img,test,blackbox_matched_weight,72,1700000942,0,1701000945,525,31.48682631415588,22.93532748725412,1.0000000000000002,0.0,15.0,0.0,6.558052307810624,0.0,0.453394796875,1.3459719999999995,5.885345598073498,823
gentd26,txt2img,test,dap,72,1700000942,1,1701100948,503,21.445749433715044,14.925104553082004,1.0,0.0,1.0,0.0,11.621722308195173,0.0,0.755744171875,0.9060833999999997,5.885345598073498,823
gentd26,txt2img,test,no_budget_horizon,72,1700000942,1,1701100948,503,21.445749433715044,14.925104553082004,1.0,0.0,1.0,0.0,11.621722308195173,0.0,0.7519723281249999,0.79566565,5.885345598073498,823
gentd26,txt2img,test,blackbox_matched_weight,72,1700000942,1,1701100948,503,23.281227868990847,16.14623318431733,1.0,0.0,6.0,0.0,1.4645276967775374,0.0,0.35783684375,0.37588425,5.885345598073498,823
gentd26,txt2img,test,dap,72,1700000942,2,1701200951,490,17.54576892681488,10.720839031671767,0.9999999999999998,0.0,1.0,0.0,11.621722308195174,0.0,0.7520098125000001,0.79476105,5.885345598073498,823
gentd26,txt2img,test,no_budget_horizon,72,1700000942,2,1701200951,490,17.54576892681488,10.720839031671767,0.9999999999999998,0.0,1.0,0.0,11.621722308195174,0.0,0.8036692968750001,1.1048038999999998,5.885345598073498,823
gentd26,txt2img,test,blackbox_matched_weight,72,1700000942,2,1701200951,490,19.381247362090686,11.79240507736672,1.0,0.0,6.0,0.0,1.4645276967775374,0.0,0.808205890625,1.3183229,5.885345598073498,823
gentd26,txt2img,test,dap,72,1700000942,3,1701300954,13,13.721031803559525,13.164232250471786,1.0,0.0,1.0,0.0,4.699746589702073,0.0,1.27838278125,1.7684168999999998,5.885345598073498,823
gentd26,txt2img,test,no_budget_horizon,72,1700000942,3,1701300954,13,13.721031803559525,13.164232250471786,1.0,0.0,1.0,0.0,4.699746589702073,0.0,1.052960109375,1.19921455,5.885345598073498,823
gentd26,txt2img,test,blackbox_matched_weight,72,1700000942,3,1701300954,13,14.506767206442769,13.910365703593804,1.0,0.0,4.0,0.0,0.6999415207004782,0.0,0.356253484375,0.38729555,5.885345598073498,823
gentd26,txt2img,test,dap,72,1700000942,4,1701400957,469,6.57994152070048,4.546898212906409,1.0,0.0,0.0,0.0,0.0,0.0,0.76438775,0.8196855,5.885345598073498,823
gentd26,txt2img,test,no_budget_horizon,72,1700000942,4,1701400957,469,6.57994152070048,4.546898212906409,1.0,0.0,0.0,0.0,0.0,0.0,0.74127553125,0.767068,5.885345598073498,823
gentd26,txt2img,test,blackbox_matched_weight,72,1700000942,4,1701400957,469,6.57994152070048,4.546898212906409,1.0,0.0,0.0,0.0,0.0,0.0,0.36504625,0.4400361,5.885345598073498,823
gentd26,image_conditioned,test,dap,72,1700000943,0,1700000943,531,-2.12,-1.6456343154698605,1.0,0.0,6.0,0.0,0.0,0.0,1.27462990625,1.82920105,9.100826972010177,824
gentd26,image_conditioned,test,no_budget_horizon,72,1700000943,0,1700000943,531,-2.12,-1.6456343154698605,1.0,0.0,6.0,0.0,0.0,0.0,1.711169359375,1.77476745,9.100826972010177,824
gentd26,image_conditioned,test,blackbox_matched_weight,72,1700000943,0,1700000943,531,-2.12,-1.6456343154698605,1.0,0.0,7.0,0.0,0.0,0.0,1.31590359375,1.35585005,9.100826972010177,824
gentd26,image_conditioned,test,dap,72,1700000943,1,1700100946,420,-0.1199999999999998,0.1074126950244427,1.0,0.0,8.0,0.0,0.0,0.0,1.719288375,1.7719485499999998,9.100826972010177,824
gentd26,image_conditioned,test,no_budget_horizon,72,1700000943,1,1700100946,420,-0.1199999999999998,0.1074126950244427,1.0,0.0,8.0,0.0,0.0,0.0,1.445138390625,1.7909938,9.100826972010177,824
gentd26,image_conditioned,test,blackbox_matched_weight,72,1700000943,1,1700100946,420,-0.1199999999999998,0.1074126950244427,1.0,0.0,10.0,0.0,0.0,0.0,0.71965971875,1.386492,9.100826972010177,824
gentd26,image_conditioned,test,dap,72,1700000943,2,1700200949,396,6.254587128726802,4.977606047750572,1.0,0.0,49.0,0.0,112.41329516539442,0.0,0.8003693593749999,0.90769085,9.100826972010177,824
gentd26,image_conditioned,test,no_budget_horizon,72,1700000943,2,1700200949,396,6.698020373709653,5.40356625358245,1.0,0.0,49.0,0.0,106.80305343511452,0.0,0.7736809375,0.88339485,9.100826972010177,824
gentd26,image_conditioned,test,blackbox_matched_weight,72,1700000943,2,1700200949,396,6.254587128726802,4.977606047750572,1.0,0.0,66.0,0.0,112.41329516539442,0.0,0.3731439843749999,0.4121276,9.100826972010177,824
gentd26,image_conditioned,test,dap,72,1700000943,3,1700300952,172,2.153160305343511,0.277299352347047,1.0,0.0,27.0,0.0,12.170992366412214,0.0,0.999133734375,1.7954038,9.100826972010177,824
gentd26,image_conditioned,test,no_budget_horizon,72,1700000943,3,1700300952,172,2.153160305343511,0.277299352347047,1.0,0.0,27.0,0.0,12.170992366412214,0.0,0.745125609375,0.79806285,9.100826972010177,824
gentd26,image_conditioned,test,blackbox_matched_weight,72,1700000943,3,1700300952,172,2.153160305343511,0.277299352347047,1.0,0.0,29.0,0.0,12.170992366412214,0.0,0.3565020625,0.3740076499999999,9.100826972010177,824
gentd26,image_conditioned,test,dap,72,1700000943,4,1700400955,302,-4.12,-2.899889845536784,1.0,0.0,1.0,0.0,0.0,0.0,0.7411492343749999,0.7696233,9.100826972010177,824
gentd26,image_conditioned,test,no_budget_horizon,72,1700000943,4,1700400955,302,-4.12,-2.899889845536784,1.0,0.0,1.0,0.0,0.0,0.0,0.7620035000000001,0.8597187499999998,9.100826972010177,824
gentd26,image_conditioned,test,blackbox_matched_weight,72,1700000943,4,1700400955,302,-4.12,-2.899889845536784,1.0,0.0,5.0,0.0,0.0,0.0,0.3580595,0.3720661999999999,9.100826972010177,824
gentd26,txt2img,test,dap,72,1700000943,0,1701000946,552,24.41365199989817,18.302027375773257,1.0,0.0,8.0,0.0,7.257993828511102,0.0,1.5932179843749998,1.93600515,5.885345598073498,824
gentd26,txt2img,test,no_budget_horizon,72,1700000943,0,1701000946,552,25.183544159435463,18.88948959625436,1.0,0.0,10.0,0.0,1.3998830414009564,0.0,1.689273046875,1.75724325,5.885345598073498,824
gentd26,txt2img,test,blackbox_matched_weight,72,1700000943,0,1701000946,552,25.356737966793013,19.0088979084152,1.0,0.0,12.0,0.0,0.6999415207004782,0.0,1.300164765625,1.3493833,5.885345598073498,824
gentd26,txt2img,test,dap,72,1700000943,1,1701100949,495,19.89928852862376,12.827976615157525,1.0,0.0,2.0,0.0,3.564352258878971,0.0,1.696926234375,1.7560168,5.885345598073498,824
gentd26,txt2img,test,no_budget_horizon,72,1700000943,1,1701100949,495,19.701693444883865,12.70967997175472,1.0,0.0,2.0,0.0,3.49970760350239,0.0,1.8709580312500005,1.9736807,5.885345598073498,824
gentd26,txt2img,test,blackbox_matched_weight,72,1700000943,1,1701100949,495,20.356737966793013,13.114741163582108,1.0,0.0,10.0,0.0,0.6999415207004782,0.0,0.941256703125,1.5489004,5.885345598073498,824
gentd26,txt2img,test,dap,72,1700000943,2,1701200952,61,-297.2261316459165,-167.25404972005396,0.5982593839461525,0.3125,72.0,0.0,3954.1442093227406,474.050871189066,0.7117803593750001,1.1057429,5.885345598073498,824
gentd26,txt2img,test,no_budget_horizon,72,1700000943,2,1701200952,61,-306.3341336314702,-171.94582093395348,0.5902792028813508,0.3125,72.0,0.0,4079.0743250679934,483.4674241459836,0.69178578125,0.9177088,5.885345598073498,824
gentd26,txt2img,test,blackbox_matched_weight,72,1700000943,2,1701200952,61,-370.8850331115323,-210.2909812466549,0.5530919370773514,0.359375,72.0,0.0,4862.340610757273,500.0,0.325207390625,0.5934491999999997,5.885345598073498,824
gentd26,txt2img,test,dap,72,1700000943,3,1701300955,248,-1508.5585507084006,-998.3033893680068,0.6532162189605762,0.875,72.0,0.0,19927.56031539704,426.42376324900937,0.415363203125,0.8126711999999998,5.885345598073498,824
gentd26,txt2img,test,no_budget_horizon,72,1700000943,3,1701300955,248,-1508.5585507084006,-998.3033893680068,0.6532162189605762,0.875,72.0,0.0,19927.56031539704,426.42376324900937,0.427591703125,0.8164922,5.885345598073498,824
gentd26,txt2img,test,blackbox_matched_weight,72,1700000943,3,1701300955,248,-1508.5585507084006,-998.3033893680068,0.6532162189605762,0.875,72.0,0.0,19927.56031539704,426.42376324900937,0.208306078125,0.4416591499999998,5.885345598073498,824
gentd26,txt2img,test,dap,72,1700000943,4,1701400958,405,41.30241386575035,32.19650881600344,1.0,0.0,23.0,0.0,18.873806047634744,0.0,1.014350171875,1.33607745,5.885345598073498,824
gentd26,txt2img,test,no_budget_horizon,72,1700000943,4,1701400958,405,41.97341850312854,32.786285011009,1.0,0.0,24.0,0.0,13.659522014605225,0.0,1.72163921875,2.0158008,5.885345598073498,824
gentd26,txt2img,test,blackbox_matched_weight,72,1700000943,4,1701400958,405,44.2103893382776,34.715506420807856,1.0,0.0,42.0,0.0,2.099824562101434,0.0,1.348816484375,1.4064784,5.885345598073498,824
gentd26,image_conditioned,test,dap,72,1700000944,0,1700000944,364,6.767186359847861,4.599312910266665,1.0,0.0,61.0,0.0,179.354834605598,0.0,0.7945511406250001,1.0134236499999991,9.100826972010177,825
gentd26,image_conditioned,test,no_budget_horizon,72,1700000944,0,1700000944,364,-111.12208089372196,-63.34426472236203,0.9365264017887858,0.28125,72.0,0.0,1280.3321246819337,46.951081424936376,1.124716296875,1.9290721,9.100826972010177,825
gentd26,image_conditioned,test,blackbox_matched_weight,72,1700000944,0,1700000944,364,1.7423509996270798,1.2737068583322282,1.0,0.03125,65.0,0.0,214.0877226463105,0.0,1.387855109375,1.5018429999999998,9.100826972010177,825
gentd26,image_conditioned,test,dap,72,1700000944,1,1700100947,217,-628.6277493738888,-360.72969263483446,0.5449806943198855,0.34375,72.0,0.0,8452.199109414758,495.0,1.393755328125,1.85111105,9.100826972010177,825
gentd26,image_conditioned,test,no_budget_horizon,72,1700000944,1,1700100947,217,-966.7016205459244,-582.2615343911466,0.3379427142166024,0.546875,72.0,0.0,12600.35165394402,495.0,1.202755328125,1.99629005,9.100826972010177,825
gentd26,image_conditioned,test,blackbox_matched_weight,72,1700000944,1,1700100947,217,-646.00115674315,-371.3158295711255,0.5317177020649775,0.34375,72.0,0.0,8682.64134860051,495.0,0.281828515625,0.38463325,9.100826972010177,825
gentd26,image_conditioned,test,dap,72,1700000944,2,1700200950,21,-2.967839936769904,-2.262053089726148,1.0,0.0,7.0,0.0,11.491157760814248,0.0,0.7992694062500001,1.0910316999999998,9.100826972010177,825
gentd26,image_conditioned,test,no_budget_horizon,72,1700000944,2,1700200950,21,-3.12,-2.3868015338414192,1.0,0.0,8.0,0.0,0.0,0.0,0.7454304375,0.8686370999999998,9.100826972010177,825
gentd26,image_conditioned,test,blackbox_matched_weight,72,1700000944,2,1700200950,21,-3.12,-2.3868015338414192,1.0,0.0,8.0,0.0,0.0,0.0,0.391766859375,0.55424485,9.100826972010177,825
gentd26,image_conditioned,test,dap,72,1700000944,3,1700300953,115,-436.85726995745694,-253.74036112108195,0.7865542431573456,0.40625,72.0,0.0,5721.905916030533,274.7877862595419,0.518188734375,0.79796075,9.100826972010177,825
gentd26,image_conditioned,test,no_budget_horizon,72,1700000944,3,1700300953,115,-1011.9002240302492,-624.0480710474409,0.6172169746058852,0.59375,72.0,0.0,13228.27506361323,460.0,0.4270804375,0.82745825,9.100826972010177,825
gentd26,image_conditioned,test,blackbox_matched_weight,72,1700000944,3,1700300953,115,-458.7278612745492,-266.6537884928878,0.7792977088373417,0.453125,72.0,0.0,5936.727353689566,284.12977099236633,0.2351968749999999,0.38760095,9.100826972010177,825
gentd26,image_conditioned,test,dap,72,1700000944,4,1700400956,189,9.40302999348216,5.210048325363144,0.9721951219512196,0.0,45.0,0.0,38.97818066157761,15.31603053435115,0.79773490625,1.0392734999999995,9.100826972010177,825
gentd26,image_conditioned,test,no_budget_horizon,72,1700000944,4,1700400956,189,-21.7763197812996,-11.638342947688482,0.8403798272357723,0.109375,72.0,0.0,249.34910941475823,87.9251272264631,0.7298591249999999,0.8968703499999998,9.100826972010177,825
gentd26,image_conditioned,test,blackbox_matched_weight,72,1700000944,4,1700400956,189,9.702534369883416,5.405366998477065,0.9721951219512196,0.0,44.0,0.0,53.10082697201018,15.31603053435115,0.3593318749999999,0.3790767,9.100826972010177,825
gentd26,txt2img,test,dap,72,1700000944,0,1701000947,139,17.219812075502855,14.490919125250308,1.0,0.015625,46.0,0.0,79.3729288581417,0.0,0.75656340625,0.8366848999999998,5.885345598073498,825
gentd26,txt2img,test,no_budget_horizon,72,1700000944,0,1701000947,139,20.411294859518136,17.38885950946255,1.0,0.015625,51.0,0.0,40.0866398669695,0.0,0.769593328125,0.9976502499999994,5.885345598073498,825
gentd26,txt2img,test,blackbox_matched_weight,72,1700000944,0,1701000947,139,12.876292236647112,10.709222061840483,1.0,0.0,48.0,0.0,174.65581832563467,0.0,0.362331515625,0.3929981499999999,5.885345598073498,825
gentd26,txt2img,test,dap,72,1700000944,1,1701100950,105,-1407.900952595638,-910.0008483710328,0.5570033862764333,0.765625,72.0,0.0,18484.91350086128,474.8995906449033,0.387627984375,0.7644755,5.885345598073498,825
gentd26,txt2img,test,no_budget_horizon,72,1700000944,1,1701100950,105,-1427.1186243305715,-924.2191928196236,0.5480320975784165,0.765625,72.0,0.0,18722.56070360145,474.8995906449033,0.3782275312499999,0.75200545,5.885345598073498,825
gentd26,txt2img,test,blackbox_matched_weight,72,1700000944,1,1701100950,105,-1400.6514317556098,-904.8603487678168,0.5623269979308344,0.765625,72.0,0.0,18449.86562739934,474.8995906449033,0.192208296875,0.36790825,5.885345598073498,825
gentd26,txt2img,test,dap,72,1700000944,2,1701200953,310,0.7299707603502401,1.328943762589411,1.0,0.0,0.0,0.0,0.0,0.0,0.7464358125,0.8603843999999995,5.885345598073498,825
gentd26,txt2img,test,no_budget_horizon,72,1700000944,2,1701200953,310,0.7299707603502401,1.328943762589411,1.0,0.0,0.0,0.0,0.0,0.0,0.7469681875,0.79606625,5.885345598073498,825
gentd26,txt2img,test,blackbox_matched_weight,72,1700000944,2,1701200953,310,0.7299707603502401,1.328943762589411,1.0,0.0,4.0,0.0,0.0,0.0,0.3691942656249999,0.5158853499999997,5.885345598073498,825
gentd26,txt2img,test,dap,72,1700000944,3,1701300956,125,-345.2623004483123,-240.11484638381785,0.990195474178961,0.78125,72.0,0.0,3771.7760552795135,8.001925772397513,0.423981890625,0.78507785,5.885345598073498,825
gentd26,txt2img,test,no_budget_horizon,72,1700000944,3,1701300956,125,-434.9461982083428,-299.168618715598,0.9552016337596876,0.796875,72.0,0.0,4963.106178384407,36.56201308689812,0.42339371875,0.8591505499999997,5.885345598073498,825
gentd26,txt2img,test,blackbox_matched_weight,72,1700000944,3,1701300956,125,-443.0130032207581,-300.42635148695115,0.9469286222810628,0.75,72.0,0.0,5120.807226834706,43.31399936083848,0.202391125,0.3975779999999998,5.885345598073498,825
gentd26,txt2img,test,dap,72,1700000944,4,1701400959,459,7.456757459892851,5.940673691645675,1.0,0.0,0.0,0.0,0.6999415207004782,0.0,0.800978234375,0.98372215,5.885345598073498,825
gentd26,txt2img,test,no_budget_horizon,72,1700000944,4,1701400959,459,7.456757459892851,5.940673691645675,1.0,0.0,0.0,0.0,0.6999415207004782,0.0,1.056418953125,1.3399013,5.885345598073498,825
gentd26,txt2img,test,blackbox_matched_weight,72,1700000944,4,1701400959,459,7.456757459892851,5.940673691645675,1.0,0.0,4.0,0.0,0.6999415207004782,0.0,0.559213953125,0.6486269499999999,5.885345598073498,825
gentd26,image_conditioned,test,dap,72,1700000945,0,1700000945,503,-3.12,-2.573572864063435,1.0,0.0,2.0,0.0,0.0,0.0,1.456683421875,2.1066312999999988,9.100826972010177,826
gentd26,image_conditioned,test,no_budget_horizon,72,1700000945,0,1700000945,503,-3.12,-2.573572864063435,1.0,0.0,2.0,0.0,0.0,0.0,1.99539665625,2.0392339,9.100826972010177,826
gentd26,image_conditioned,test,blackbox_matched_weight,72,1700000945,0,1700000945,503,-3.12,-2.573572864063435,1.0,0.0,10.0,0.0,0.0,0.0,1.371600484375,1.4355214,9.100826972010177,826
gentd26,image_conditioned,test,dap,72,1700000945,1,1700100948,369,8.41832430504182,6.403125269852145,1.0,0.0,63.0,0.0,157.0523536895675,0.0,1.83834784375,1.96488725,9.100826972010177,826
gentd26,image_conditioned,test,no_budget_horizon,72,1700000945,1,1700100948,369,8.41832430504182,6.403125269852145,1.0,0.0,63.0,0.0,157.0523536895675,0.0,1.88619003125,2.01072555,9.100826972010177,826
gentd26,image_conditioned,test,blackbox_matched_weight,72,1700000945,1,1700100948,369,3.721362557104525,3.2011389382857462,1.0,0.03125,72.0,0.0,215.1001272264632,0.0,0.94752525,1.45622155,9.100826972010177,826
gentd26,image_conditioned,test,dap,72,1700000945,2,1700200951,532,-1.1199999999999997,-1.0930157039862056,1.0,0.0,10.0,0.0,0.0,0.0,1.165136859375,1.4872514,9.100826972010177,826
gentd26,image_conditioned,test,no_budget_horizon,72,1700000945,2,1700200951,532,-1.1199999999999997,-1.0930157039862056,1.0,0.0,10.0,0.0,0.0,0.0,1.30663571875,1.45037465,9.100826972010177,826
gentd26,image_conditioned,test,blackbox_matched_weight,72,1700000945,2,1700200951,532,-1.1199999999999997,-1.0930157039862056,1.0,0.0,18.0,0.0,0.0,0.0,0.5796177656250001,0.69524315,9.100826972010177,826
gentd26,image_conditioned,test,dap,72,1700000945,3,1700300954,499,-3.12,-2.6217109547556694,1.0,0.0,2.0,0.0,0.0,0.0,1.047412671875,1.3129097,9.100826972010177,826
gentd26,image_conditioned,test,no_budget_horizon,72,1700000945,3,1700300954,499,-3.12,-2.6217109547556694,1.0,0.0,2.0,0.0,0.0,0.0,0.8638820781250001,1.04833805,9.100826972010177,826
gentd26,image_conditioned,test,blackbox_matched_weight,72,1700000945,3,1700300954,499,-3.12,-2.6217109547556694,1.0,0.0,14.0,0.0,0.0,0.0,0.37089415625,0.4367535999999999,9.100826972010177,826
gentd26,image_conditioned,test,dap,72,1700000945,4,1700400957,406,3.1531603053435124,2.644823440660642,1.0,0.0,19.0,0.0,12.170992366412214,0.0,0.778144765625,0.8973613999999996,9.100826972010177,826
gentd26,image_conditioned,test,no_budget_horizon,72,1700000945,4,1700400957,406,3.1531603053435124,2.644823440660642,1.0,0.0,19.0,0.0,12.170992366412214,0.0,0.806557234375,0.9889043499999997,9.100826972010177,826
gentd26,image_conditioned,test,blackbox_matched_weight,72,1700000945,4,1700400957,406,3.1531603053435124,2.644823440660642,1.0,0.0,31.0,0.0,12.170992366412214,0.0,0.3787921875,0.4608404999999999,9.100826972010177,826
gentd26,txt2img,test,dap,72,1700000945,0,1701000948,537,32.623054528537935,23.97851598352993,1.0,0.0,9.0,0.0,17.380398395200697,0.0,0.7854075781250001,0.9397077,5.885345598073498,826
gentd26,txt2img,test,no_budget_horizon,72,1700000945,0,1701000948,537,33.78300875437137,24.67885753845569,1.0,0.0,10.0,0.0,10.822346087390072,0.0,0.7447212812499999,0.8086365999999998,5.885345598073498,826
gentd26,txt2img,test,blackbox_matched_weight,72,1700000945,0,1701000948,537,33.28882800989223,24.53465916416298,1.0,0.0,14.0,0.0,17.245198995376,0.0,0.361965328125,0.40071075,5.885345598073498,826
gentd26,txt2img,test,dap,72,1700000945,1,1701100951,280,18.32492278936052,16.160832261792066,1.0,0.0,10.0,0.0,13.509882636952272,0.0,0.7369365,0.7716078,5.885345598073498,826
gentd26,txt2img,test,no_budget_horizon,72,1700000945,1,1701100951,280,18.804205942198177,16.530286065160134,1.0,0.0,11.0,0.0,10.909960609351636,0.0,0.748920265625,0.8067533,5.885345598073498,826
gentd26,txt2img,test,blackbox_matched_weight,72,1700000945,1,1701100951,280,19.109484448189196,16.798567265550137,1.0,0.0,22.0,0.0,3.4665627034675133,0.0,0.36510096875,0.4210491499999999,5.885345598073498,826
gentd26,txt2img,test,dap,72,1700000945,2,1701200954,216,-706.8499618896561,-409.60911470462463,0.463761348448749,0.390625,72.0,0.0,9515.957144022184,498.7999610138003,0.547527078125,0.7942134,5.885345598073498,826
gentd26,txt2img,test,no_budget_horizon,72,1700000945,2,1701200954,216,-706.8499618896561,-409.60911470462463,0.463761348448749,0.390625,72.0,0.0,9515.957144022184,498.7999610138003,0.547089953125,0.8226319499999998,5.885345598073498,826
gentd26,txt2img,test,blackbox_matched_weight,72,1700000945,2,1701200954,216,-721.8279467921532,-419.1423583054089,0.4540955777690957,0.390625,72.0,0.0,9728.37948805418,498.7999610138003,0.41892965625,0.7228726499999999,5.885345598073498,826
gentd26,txt2img,test,dap,72,1700000945,3,1701300957,257,-1009.3771626773828,-702.0917994489323,0.8178591496709992,0.9375,72.0,0.0,12884.093610639267,184.50924728787356,0.5022190625,1.7727116,5.885345598073498,826
gentd26,txt2img,test,no_budget_horizon,72,1700000945,3,1701300957,257,-1009.3771626773828,-702.0917994489323,0.8178591496709992,0.9375,72.0,0.0,12884.093610639267,184.50924728787356,0.7111597187500001,1.84871585,5.885345598073498,826
gentd26,txt2img,test,blackbox_matched_weight,72,1700000945,3,1701300957,257,-1009.3771626773828,-702.0917994489323,0.8178591496709992,0.9375,72.0,0.0,12884.093610639267,184.50924728787356,0.5584282812500001,1.37137785,5.885345598073498,826
gentd26,txt2img,test,dap,72,1700000945,4,1701400960,479,10.45675745989285,5.669091760230703,1.0,0.0,1.0,0.0,0.6999415207004782,0.0,1.81265240625,2.01246845,5.885345598073498,826
gentd26,txt2img,test,no_budget_horizon,72,1700000945,4,1701400960,479,10.45675745989285,5.669091760230703,1.0,0.0,1.0,0.0,0.6999415207004782,0.0,1.7723343593749998,1.8476113,5.885345598073498,826
gentd26,txt2img,test,blackbox_matched_weight,72,1700000945,4,1701400960,479,10.629951267250398,5.763855902347332,1.0,0.0,7.0,0.0,0.0,0.0,1.335272828125,1.3877136499999998,5.885345598073498,826
gentd26,image_conditioned,test,dap,72,1700000946,0,1700000946,118,-730.1407045899603,-445.63329875417,0.7335826596526515,0.609375,72.0,0.0,9300.50992366412,336.49770992366405,0.5437502968750001,1.71717445,9.100826972010177,827
gentd26,image_conditioned,test,no_budget_horizon,72,1700000946,0,1700000946,118,-1142.4577020003396,-719.0777588280214,0.6145104049820137,0.671875,72.0,0.0,14852.250381679389,445.0,0.544235578125,0.7882579999999999,9.100826972010177,827
gentd26,image_conditioned,test,blackbox_matched_weight,72,1700000946,0,1700000946,118,-1094.7149423341175,-684.62504338551,0.6298241500019341,0.640625,72.0,0.0,14264.819847328245,445.0,0.3976301875,1.36922895,9.100826972010177,827
gentd26,image_conditioned,test,dap,72,1700000946,1,1700100949,195,8.547497440240697,5.519886538534905,0.9468531468531468,0.0,72.0,0.0,165.33129770992366,45.94809160305344,0.949041328125,1.8975566,9.100826972010177,827
gentd26,image_conditioned,test,no_budget_horizon,72,1700000946,1,1700100949,195,-661.3262468914968,-393.1992023176433,0.2464010736738009,0.4375,72.0,0.0,8386.077862595419,500.0,0.9426735625,1.98349095,9.100826972010177,827
gentd26,image_conditioned,test,blackbox_matched_weight,72,1700000946,1,1700100949,195,-15.03462500633692,-7.082104365696852,0.8184277948482493,0.046875,72.0,0.0,367.3696564885496,156.9781806615776,1.16917096875,1.34536715,9.100826972010177,827
gentd26,image_conditioned,test,dap,72,1700000946,2,1700200952,470,-5.12,-3.795228099795501,0.0,0.0,0.0,0.0,0.0,0.0,1.324838890625,1.8372966,9.100826972010177,827
gentd26,image_conditioned,test,no_budget_horizon,72,1700000946,2,1700200952,470,-5.12,-3.795228099795501,0.0,0.0,72.0,0.0,0.0,0.0,1.080409640625,1.8626000499999995,9.100826972010177,827
gentd26,image_conditioned,test,blackbox_matched_weight,72,1700000946,2,1700200952,470,-5.12,-3.795228099795501,0.0,0.0,2.0,0.0,0.0,0.0,1.30713571875,1.34990295,9.100826972010177,827
gentd26,image_conditioned,test,dap,72,1700000946,3,1700300955,235,-1132.4799345905951,-699.5914864645508,0.6171426000762344,0.59375,72.0,0.0,15075.082633587786,470.0,1.128166921875,1.77929675,9.100826972010177,827
gentd26,image_conditioned,test,no_budget_horizon,72,1700000946,3,1700300955,235,-1297.169081093876,-819.8666774706904,0.4869883702355003,0.625,72.0,0.0,17160.37951653944,470.0,0.977719984375,1.86059495,9.100826972010177,827
gentd26,image_conditioned,test,blackbox_matched_weight,72,1700000946,3,1700300955,235,-1246.0521672659124,-781.9092743055558,0.5255934384085994,0.625,72.0,0.0,16527.790394402036,470.0,0.23171690625,0.4572215499999996,9.100826972010177,827
gentd26,image_conditioned,test,dap,72,1700000946,4,1700400958,490,-4.12,-3.208191317858016,1.0,0.0,1.0,0.0,0.0,0.0,0.7905096093749999,0.92902785,9.100826972010177,827
gentd26,image_conditioned,test,no_budget_horizon,72,1700000946,4,1700400958,490,-5.684556489699983,-4.141501085879749,1.0,0.015625,72.0,0.0,9.341984732824423,0.0,0.8389883124999999,1.7498628,9.100826972010177,827
gentd26,image_conditioned,test,blackbox_matched_weight,72,1700000946,4,1700400958,490,-4.12,-3.208191317858016,1.0,0.0,3.0,0.0,0.0,0.0,1.315117328125,1.40169485,9.100826972010177,827
gentd26,txt2img,test,dap,72,1700000946,0,1701000949,67,-541.3998760327786,-310.83920007925707,0.5090361207464253,0.40625,72.0,0.0,7170.639932609569,500.0,1.3125308749999998,1.7993491499999998,5.885345598073498,827
gentd26,txt2img,test,no_budget_horizon,72,1700000946,0,1701000949,67,-1217.6064646982818,-769.7115246636531,0.2650262864584329,0.671875,72.0,0.0,15782.807645372775,500.0,0.968114046875,1.84595695,5.885345598073498,827
gentd26,txt2img,test,blackbox_matched_weight,72,1700000946,0,1701000949,67,-603.6840252835646,-350.28583617301064,0.479820881079123,0.453125,72.0,0.0,7926.266266627149,500.0,0.3745299374999999,1.4309039,5.885345598073498,827
gentd26,txt2img,test,dap,72,1700000946,1,1701100952,442,12.33357339908522,11.151642929220891,1.0,0.0,2.0,0.0,1.3998830414009564,0.0,1.073862203125,1.904345,5.885345598073498,827
gentd26,txt2img,test,no_budget_horizon,72,1700000946,1,1701100952,442,12.33357339908522,11.151642929220891,1.0,0.0,72.0,0.0,1.3998830414009564,0.0,0.5553086406250001,0.9620717499999998,5.885345598073498,827
gentd26,txt2img,test,blackbox_matched_weight,72,1700000946,1,1701100952,442,12.33357339908522,11.151642929220891,1.0,0.0,4.0,0.0,1.3998830414009564,0.0,0.374321234375,0.42043715,5.885345598073498,827
gentd26,txt2img,test,dap,72,1700000946,2,1701200955,39,-12.82975958286826,-8.164052856221499,1.0,0.0625,63.0,0.0,365.27832035782353,0.0,0.820876828125,0.9802854499999998,5.885345598073498,827
gentd26,txt2img,test,no_budget_horizon,72,1700000946,2,1701200955,39,-424.60730216853,-242.29925644211323,0.2104356509660981,0.328125,72.0,0.0,5290.68386965879,426.0445516785946,0.386553890625,0.8177507999999999,5.885345598073498,827
gentd26,txt2img,test,blackbox_matched_weight,72,1700000946,2,1701200955,39,-14.627068110305224,-9.028572672999296,1.0,0.078125,68.0,0.0,359.3394797928153,0.0,0.3701578749999999,0.4163864499999998,5.885345598073498,827
gentd26,txt2img,test,dap,72,1700000946,3,1701300958,70,-663.8611959263833,-386.6801952543932,0.4890456992707204,0.453125,72.0,0.0,8786.798967296678,500.0,0.550966734375,0.81882335,5.885345598073498,827
gentd26,txt2img,test,no_budget_horizon,72,1700000946,3,1701300958,70,-1159.4279687666333,-728.5377964825293,0.318799321910246,0.671875,72.0,0.0,15023.76543286616,500.0,0.405137765625,0.7910524499999999,5.885345598073498,827
gentd26,txt2img,test,blackbox_matched_weight,72,1700000946,3,1701300958,70,-717.655419084287,-422.0132641083094,0.4660240967977214,0.5,72.0,0.0,9426.26626662715,500.0,0.24542596875,0.37054955,5.885345598073498,827
gentd26,txt2img,test,dap,72,1700000946,4,1701400961,356,33.54904358350651,22.141895319945483,1.0,0.0,14.0,0.0,26.42943348675859,0.0,0.746216390625,0.8026850499999999,5.885345598073498,827
gentd26,txt2img,test,no_budget_horizon,72,1700000946,4,1701400961,356,-64.46888136677406,-41.97609392168515,0.8580190195161855,0.40625,72.0,0.0,410.4226024481741,34.7991812898067,0.380355484375,0.75553305,5.885345598073498,827
gentd26,txt2img,test,blackbox_matched_weight,72,1700000946,4,1701400961,356,36.2196369943996,24.056981378130047,1.0000000000000002,0.0,21.0,0.0,15.401333255095702,0.0,0.3554515,0.3695066999999999,5.885345598073498,827
gentd26,image_conditioned,test,dap,72,1700000947,0,1700000947,352,9.068890303961718,5.3337301990667925,1.0,0.0,65.0,0.0,134.29007633587787,0.0,0.68249690625,1.123182,9.100826972010177,828
gentd26,image_conditioned,test,no_budget_horizon,72,1700000947,0,1700000947,352,9.068890303961718,5.3337301990667925,1.0,0.0,65.0,0.0,134.29007633587787,0.0,0.5426837656250001,0.5727482,9.100826972010177,828
gentd26,image_conditioned,test,blackbox_matched_weight,72,1700000947,0,1700000947,352,-337.23564970617974,-191.8818843928346,0.5085851023794334,0.28125,72.0,0.0,4279.249236641222,357.5159669211196,0.5475995,0.8503082000000001,9.100826972010177,828
gentd26,image_conditioned,test,dap,72,1700000947,1,1700100950,37,-93.19633478626788,-53.10255361281559,0.8497960326602304,0.203125,68.0,0.0,1595.603053435114,144.1343511450381,1.1070795625,1.16328225,9.100826972010177,828
gentd26,image_conditioned,test,no_budget_horizon,72,1700000947,1,1700100950,37,-93.19633478626788,-53.10255361281559,0.8497960326602304,0.203125,68.0,0.0,1595.603053435114,144.1343511450381,1.099986578125,1.1330546,9.100826972010177,828
gentd26,image_conditioned,test,blackbox_matched_weight,72,1700000947,1,1700100950,37,-151.47224772262228,-84.4548798130444,0.6430433003676291,0.203125,72.0,0.0,2150.753498727735,342.53237913486004,0.852874140625,0.9586625,9.100826972010177,828
gentd26,image_conditioned,test,dap,72,1700000947,2,1700200953,483,-4.12,-3.24807145740474,1.0,0.0,1.0,0.0,0.0,0.0,1.109039421875,1.15254675,9.100826972010177,828
gentd26,image_conditioned,test,no_budget_horizon,72,1700000947,2,1700200953,483,-4.12,-3.24807145740474,1.0,0.0,1.0,0.0,0.0,0.0,0.6850084218750001,1.1267687,9.100826972010177,828
gentd26,image_conditioned,test,blackbox_matched_weight,72,1700000947,2,1700200953,483,-4.12,-3.24807145740474,1.0,0.0,31.0,0.0,0.0,0.0,0.230196046875,0.2367932999999999,9.100826972010177,828
gentd26,image_conditioned,test,dap,72,1700000947,3,1700300956,408,3.1531603053435124,2.775582573050273,1.0,0.0,19.0,0.0,12.170992366412214,0.0,0.5405302031250001,0.5871803999999999,9.100826972010177,828
gentd26,image_conditioned,test,no_budget_horizon,72,1700000947,3,1700300956,408,3.1531603053435124,2.775582573050273,1.0,0.0,19.0,0.0,12.170992366412214,0.0,0.55223540625,0.7979261,9.100826972010177,828
gentd26,image_conditioned,test,blackbox_matched_weight,72,1700000947,3,1700300956,408,3.1531603053435124,2.775582573050273,1.0,0.0,59.0,0.0,12.170992366412214,0.0,0.2400506406249999,0.2642313999999999,9.100826972010177,828
gentd26,image_conditioned,test,dap,72,1700000947,4,1700400959,43,-166.2751739658134,-95.85131028588214,0.8412252927887587,0.296875,72.0,0.0,2507.119083969465,167.81832061068692,0.6865117812499999,1.1082751,9.100826972010177,828
gentd26,image_conditioned,test,no_budget_horizon,72,1700000947,4,1700400959,43,-166.2751739658134,-95.85131028588214,0.8412252927887587,0.296875,72.0,0.0,2507.119083969465,167.81832061068692,1.05206053125,1.1721632999999998,9.100826972010177,828
gentd26,image_conditioned,test,blackbox_matched_weight,72,1700000947,4,1700400959,43,-333.60554089452296,-188.5920482523229,0.6121889269901065,0.296875,72.0,0.0,4514.76151399491,409.9003180661577,0.797570765625,0.94188655,9.100826972010177,828
gentd26,txt2img,test,dap,72,1700000947,0,1701000950,97,-1237.0597103945852,-774.2558372062483,0.4967225646364582,0.625,72.0,0.0,16388.75422400224,494.9497953224516,0.7093850625,1.18431665,5.885345598073498,828
gentd26,txt2img,test,no_budget_horizon,72,1700000947,0,1701000950,97,-1237.0597103945852,-774.2558372062483,0.4967225646364582,0.625,72.0,0.0,16388.75422400224,494.9497953224516,0.699288234375,1.1698216,5.885345598073498,828
gentd26,txt2img,test,blackbox_matched_weight,72,1700000947,0,1701000950,97,-1395.8846164014628,-891.6751683475713,0.4164953658226625,0.671875,72.0,0.0,18430.040871361456,494.9497953224516,0.465453984375,0.9107782,5.885345598073498,828
gentd26,txt2img,test,dap,72,1700000947,1,1701100953,316,1.7299707603502397,0.7010139478332233,1.0,0.0,1.0,0.0,0.0,0.0,1.11557796875,1.1456949,5.885345598073498,828
gentd26,txt2img,test,no_budget_horizon,72,1700000947,1,1701100953,316,1.7299707603502397,0.7010139478332233,1.0,0.0,1.0,0.0,0.0,0.0,1.0911106875,1.12085935,5.885345598073498,828
gentd26,txt2img,test,blackbox_matched_weight,72,1700000947,1,1701100953,316,1.7299707603502397,0.7010139478332233,1.0,0.0,22.0,0.0,0.0,0.0,0.77110859375,0.94753255,5.885345598073498,828
gentd26,txt2img,test,dap,72,1700000947,2,1701200956,590,7.679961013800318,7.522363618571832,1.0,0.0,1.0,0.0,0.0,0.0,0.712445015625,1.1743004499999992,5.885345598073498,828
gentd26,txt2img,test,no_budget_horizon,72,1700000947,2,1701200956,590,7.679961013800318,7.522363618571832,1.0,0.0,1.0,0.0,0.0,0.0,0.732531375,1.02115615,5.885345598073498,828
gentd26,txt2img,test,blackbox_matched_weight,72,1700000947,2,1701200956,590,7.679961013800318,7.522363618571832,1.0,0.0,13.0,0.0,0.0,0.0,0.2838580625,0.38504655,5.885345598073498,828
gentd26,txt2img,test,dap,72,1700000947,3,1701300959,509,25.3799025345008,18.550968195462204,1.0,0.0,5.0,0.0,0.0,0.0,1.032229625,1.34730775,5.885345598073498,828
gentd26,txt2img,test,no_budget_horizon,72,1700000947,3,1701300959,509,25.3799025345008,18.550968195462204,1.0,0.0,5.0,0.0,0.0,0.0,1.139089828125,1.1864085999999998,5.885345598073498,828
gentd26,txt2img,test,blackbox_matched_weight,72,1700000947,3,1701300959,509,25.3799025345008,18.550968195462204,1.0,0.0,56.0,0.0,0.0,0.0,0.90737921875,0.95200575,5.885345598073498,828
gentd26,txt2img,test,dap,72,1700000947,4,1701400962,178,8.343234741657819,4.541381049472212,1.0,0.0,61.0,0.0,98.95573475062758,0.0,1.064053609375,1.1820811,5.885345598073498,828
gentd26,txt2img,test,no_budget_horizon,72,1700000947,4,1701400962,178,8.343234741657819,4.541381049472212,1.0,0.0,61.0,0.0,98.95573475062758,0.0,0.9311618125,0.9773358,5.885345598073498,828
gentd26,txt2img,test,blackbox_matched_weight,72,1700000947,4,1701400962,178,-17.2668454635989,-9.23011710445904,0.8610114265287488,0.0625,72.0,0.0,301.1180792865261,65.36596819707395,0.2685702031249999,0.445667,5.885345598073498,828
gentd26,image_conditioned,test,dap,72,1700000948,0,1700000948,468,-5.12,-3.795228099795501,0.0,0.0,0.0,0.0,0.0,0.0,1.7295120625,1.7923774,9.100826972010177,829
gentd26,image_conditioned,test,no_budget_horizon,72,1700000948,0,1700000948,468,-5.12,-3.795228099795501,0.0,0.0,0.0,0.0,0.0,0.0,1.75768353125,1.87805805,9.100826972010177,829
gentd26,image_conditioned,test,blackbox_matched_weight,72,1700000948,0,1700000948,468,-5.12,-3.795228099795501,0.0,0.0,4.0,0.0,0.0,0.0,1.378898703125,1.45608195,9.100826972010177,829
gentd26,image_conditioned,test,dap,72,1700000948,1,1700100951,104,-1151.5258043006145,-721.6328219004515,0.5841764937453361,0.671875,72.0,0.0,15252.395101781169,480.0,1.07829525,1.82842705,9.100826972010177,829
gentd26,image_conditioned,test,no_budget_horizon,72,1700000948,1,1700100951,104,-1144.5986483369982,-715.113226175707,0.5841764937453361,0.65625,72.0,0.0,15147.592493638676,480.0,1.07122153125,1.80183515,9.100826972010177,829
gentd26,image_conditioned,test,blackbox_matched_weight,72,1700000948,1,1700100951,104,-1271.5212443599014,-806.648731549747,0.5353733702326182,0.71875,72.0,0.0,16752.21488549618,480.0,0.72421328125,1.3780302,9.100826972010177,829
gentd26,image_conditioned,test,dap,72,1700000948,2,1700200954,239,-1184.712764498327,-740.815466291742,0.6696798086061677,0.609375,72.0,0.0,15773.71685750636,462.1709923664122,1.13098775,1.82875645,9.100826972010177,829
gentd26,image_conditioned,test,no_budget_horizon,72,1700000948,2,1700200954,239,-1196.6091076851512,-749.2285566654493,0.6638189869891521,0.609375,72.0,0.0,15898.4179389313,462.1709923664122,1.1258816406249998,1.85955715,9.100826972010177,829
gentd26,image_conditioned,test,blackbox_matched_weight,72,1700000948,2,1700200954,239,-1235.7331450803863,-777.3677034777561,0.6356870432274767,0.625,72.0,0.0,16389.923346055977,462.1709923664122,0.806675171875,1.39359555,9.100826972010177,829
gentd26,image_conditioned,test,dap,72,1700000948,3,1700300957,463,-5.12,-3.795228099795501,0.0,0.0,0.0,0.0,0.0,0.0,1.767208578125,1.81948345,9.100826972010177,829
gentd26,image_conditioned,test,no_budget_horizon,72,1700000948,3,1700300957,463,-5.12,-3.795228099795501,0.0,0.0,0.0,0.0,0.0,0.0,1.434367625,1.787743,9.100826972010177,829
gentd26,image_conditioned,test,blackbox_matched_weight,72,1700000948,3,1700300957,463,-5.12,-3.795228099795501,0.0,0.0,4.0,0.0,0.0,0.0,0.7857145624999999,1.4200707499999998,9.100826972010177,829
gentd26,image_conditioned,test,dap,72,1700000948,4,1700400960,440,-2.967839936769904,-1.9467415549925668,1.0,0.0,5.0,0.0,11.491157760814248,0.0,0.8647440624999999,1.7424478499999998,9.100826972010177,829
gentd26,image_conditioned,test,no_budget_horizon,72,1700000948,4,1700400960,440,-2.12,-1.23920746025111,1.0,0.0,6.0,0.0,0.0,0.0,0.752949796875,0.8113696499999999,9.100826972010177,829
gentd26,image_conditioned,test,blackbox_matched_weight,72,1700000948,4,1700400960,440,-2.12,-1.23920746025111,1.0,0.0,11.0,0.0,0.0,0.0,0.360012734375,0.3879632,9.100826972010177,829
gentd26,txt2img,test,dap,72,1700000948,0,1701000951,95,-1154.7892478958845,-715.1379470075576,0.5150092198149399,0.59375,72.0,0.0,15319.04430237909,495.4498927879508,0.4867944531249999,0.89313765,5.885345598073498,829
gentd26,txt2img,test,no_budget_horizon,72,1700000948,0,1701000951,95,-1192.070116377381,-740.6754161493429,0.4966102468365069,0.59375,72.0,0.0,15817.646415225572,495.4498927879508,0.6132500625,0.9150186499999998,5.885345598073498,829
gentd26,txt2img,test,blackbox_matched_weight,72,1700000948,0,1701000951,95,-1234.9004304980344,-771.3883940574435,0.4782112738580741,0.609375,72.0,0.0,16356.854929400504,495.4498927879508,0.214608078125,0.3821594999999999,5.885345598073498,829
gentd26,txt2img,test,dap,72,1700000948,1,1701100954,117,-1155.7184291998087,-771.0732681737873,0.7275896331998096,0.9375,72.0,0.0,14911.933025620832,309.3076292942836,0.44164015625,0.98336705,5.885345598073498,829
gentd26,txt2img,test,no_budget_horizon,72,1700000948,1,1701100954,117,-1187.2562168016862,-791.6933157001513,0.718786287937515,0.9375,72.0,0.0,15315.75041273656,319.3033643499053,0.388800515625,0.7705555999999999,5.885345598073498,829
gentd26,txt2img,test,blackbox_matched_weight,72,1700000948,1,1701100954,117,-1187.2562168016862,-791.6933157001513,0.718786287937515,0.9375,72.0,0.0,15315.75041273656,319.3033643499053,0.3849405625,1.36324755,5.885345598073498,829
gentd26,txt2img,test,dap,72,1700000948,2,1701200957,577,15.860003709895793,13.82061289276778,1.0,0.0,11.0,0.0,10.372453299439195,0.0,0.789478453125,0.9954080999999998,5.885345598073498,829
gentd26,txt2img,test,no_budget_horizon,72,1700000948,2,1701200957,577,15.860003709895793,13.82061289276778,1.0,0.0,5.0,0.0,10.372453299439195,0.0,0.745832390625,0.8093089,5.885345598073498,829
gentd26,txt2img,test,blackbox_matched_weight,72,1700000948,2,1701200957,577,17.45675745989285,15.261448679280434,1.0,0.0,11.0,0.0,0.6999415207004782,0.0,0.36698071875,0.4105231999999998,5.885345598073498,829
gentd26,txt2img,test,dap,72,1700000948,3,1701300960,291,9.5669487031684,9.160327127380995,1.0000000000000002,0.0,9.0,0.0,5.46433276577913,0.0,0.7628496875,0.8709565499999997,5.885345598073498,829
gentd26,txt2img,test,no_budget_horizon,72,1700000948,3,1701300960,291,9.5669487031684,9.160327127380995,1.0000000000000002,0.0,2.0,0.0,5.46433276577913,0.0,0.79056015625,1.0534688499999998,5.885345598073498,829
gentd26,txt2img,test,blackbox_matched_weight,72,1700000948,3,1701300960,291,10.579941520700478,10.094422736282104,1.0,0.0,11.0,0.0,0.0,0.0,0.38647315625,0.4998890499999997,5.885345598073498,829
gentd26,txt2img,test,dap,72,1700000948,4,1701400963,254,-1422.320057684635,-976.4298883482963,0.7187395155442639,0.96875,72.0,0.0,18627.183688651447,324.21006400897505,0.412289515625,0.9046835,5.885345598073498,829
gentd26,txt2img,test,no_budget_horizon,72,1700000948,4,1701400963,254,-1422.320057684635,-976.4298883482963,0.7187395155442639,0.96875,72.0,0.0,18627.183688651447,324.21006400897505,0.415129375,0.8753226999999999,5.885345598073498,829
gentd26,txt2img,test,blackbox_matched_weight,72,1700000948,4,1701400963,254,-1422.320057684635,-976.4298883482963,0.7187395155442639,0.96875,72.0,0.0,18627.183688651447,324.21006400897505,0.199883546875,0.3906098499999999,5.885345598073498,829
gentd26,image_conditioned,test,dap,96,1700000939,0,1700000939,66,-720.1625346629226,-434.01569967918056,0.6905285598839549,0.5625,96.0,0.0,9861.767938931296,495.0,1.068499234375,1.8192162,9.100826972010177,820
gentd26,image_conditioned,test,no_budget_horizon,96,1700000939,0,1700000939,66,-720.1625346629226,-434.01569967918056,0.6905285598839549,0.5625,96.0,0.0,9861.767938931296,495.0,1.35445178125,1.8139691,9.100826972010177,820
gentd26,image_conditioned,test,blackbox_matched_weight,96,1700000939,0,1700000939,66,-752.6749827776084,-453.7106771427109,0.6774272365118383,0.578125,96.0,0.0,10287.686641221371,495.0,1.04894821875,1.43881015,9.100826972010177,820
gentd26,image_conditioned,test,dap,96,1700000939,1,1700100942,73,-985.3780833062945,-610.5045811479698,0.602283452143605,0.671875,96.0,0.0,13351.767938931298,500.0,1.301235828125,1.9523305,9.100826972010177,820
gentd26,image_conditioned,test,no_budget_horizon,96,1700000939,1,1700100942,73,-985.3780833062945,-610.5045811479698,0.602283452143605,0.671875,96.0,0.0,13351.767938931298,500.0,1.2236370625,1.8224007,9.100826972010177,820
gentd26,image_conditioned,test,blackbox_matched_weight,96,1700000939,1,1700100942,73,-1017.89053142098,-631.6350496368548,0.5911683269027572,0.6875,96.0,0.0,13777.686641221371,500.0,0.903142046875,1.35285405,9.100826972010177,820
gentd26,image_conditioned,test,dap,96,1700000939,2,1700200945,182,8.153160305343512,4.075854434575395,1.0,0.0,41.0,0.0,12.170992366412214,0.0,1.3540575625,1.8372684,9.100826972010177,820
gentd26,image_conditioned,test,no_budget_horizon,96,1700000939,2,1700200945,182,8.153160305343512,4.075854434575395,1.0,0.0,37.0,0.0,12.170992366412214,0.0,0.804321828125,1.12475575,9.100826972010177,820
gentd26,image_conditioned,test,blackbox_matched_weight,96,1700000939,2,1700200945,182,8.153160305343512,4.075854434575395,1.0,0.0,50.0,0.0,12.170992366412214,0.0,0.365049890625,0.3900920499999999,9.100826972010177,820
gentd26,image_conditioned,test,dap,96,1700000939,3,1700300948,574,-1.1199999999999997,-0.6655502062416275,1.0,0.0,10.0,0.0,0.0,0.0,0.7992818281249999,0.9571847999999996,9.100826972010177,820
gentd26,image_conditioned,test,no_budget_horizon,96,1700000939,3,1700300948,574,-1.1199999999999997,-0.6655502062416275,1.0,0.0,10.0,0.0,0.0,0.0,0.791622859375,0.9834091499999992,9.100826972010177,820
gentd26,image_conditioned,test,blackbox_matched_weight,96,1700000939,3,1700300948,574,-1.1199999999999997,-0.6655502062416275,1.0,0.0,16.0,0.0,0.0,0.0,0.38837265625,0.51427945,9.100826972010177,820
gentd26,image_conditioned,test,dap,96,1700000939,4,1700400951,217,-475.8427794212019,-266.8760294730795,0.6541453228795129,0.3125,96.0,0.0,6505.914631043257,495.0,1.136166671875,1.88108695,9.100826972010177,820
gentd26,image_conditioned,test,no_budget_horizon,96,1700000939,4,1700400951,217,-443.86811423724,-247.84574424005604,0.67863084704242,0.296875,96.0,0.0,6106.566094147582,495.0,1.46612334375,1.8226601,9.100826972010177,820
gentd26,image_conditioned,test,blackbox_matched_weight,96,1700000939,4,1700400951,217,-576.3924952285851,-328.0141141191406,0.5806887503907916,0.34375,96.0,0.0,7787.526844783715,495.0,1.038089984375,1.36566825,9.100826972010177,820
gentd26,txt2img,test,dap,96,1700000939,0,1701000942,528,31.44750094223972,23.014044662602014,1.0000000000000002,0.0,10.0,0.0,18.6637869589836,0.0,1.7303721875,1.812937,5.885345598073498,820
gentd26,txt2img,test,no_budget_horizon,96,1700000939,0,1701000942,528,31.746238589345552,23.259999739235184,1.0000000000000002,0.0,10.0,0.0,16.68045687450022,0.0,1.7928992031250002,1.8827782,5.885345598073498,820
gentd26,txt2img,test,blackbox_matched_weight,96,1700000939,0,1701000942,528,33.65168369833395,24.3469710350787,1.0,0.0,19.0,0.0,3.49970760350239,0.0,1.385352703125,1.4581286,5.885345598073498,820
gentd26,txt2img,test,dap,96,1700000939,1,1701100945,43,-2.407402174896427,-2.1879884057428924,0.9999999999999998,0.046875,68.0,0.0,286.39695907642425,0.0,1.826815953125,1.9388626,5.885345598073498,820
gentd26,txt2img,test,no_budget_horizon,96,1700000939,1,1701100945,43,-10.279212398495815,-7.002149686251452,0.9999999999999998,0.0625,65.0,0.0,377.32532044269095,0.0,1.77505996875,1.9125732,5.885345598073498,820
gentd26,txt2img,test,blackbox_matched_weight,96,1700000939,1,1701100945,43,-1.928119022058767,-1.9228201306810715,0.9999999999999998,0.046875,75.0,0.0,283.79703704882365,0.0,1.397308515625,1.45918675,5.885345598073498,820
gentd26,txt2img,test,dap,96,1700000939,2,1701200948,172,7.97469078594913,4.778430645794693,0.997005988023952,0.0,37.0,0.0,39.66824683436029,0.9499902534500748,1.8454385,2.084573,5.885345598073498,820
gentd26,txt2img,test,no_budget_horizon,96,1700000939,2,1701200948,172,7.97469078594913,4.778430645794693,0.997005988023952,0.0,37.0,0.0,39.66824683436029,0.9499902534500748,1.857944234375,1.9971418,5.885345598073498,820
gentd26,txt2img,test,blackbox_matched_weight,96,1700000939,2,1701200948,172,8.196837166624656,4.907597157305129,0.997005988023952,0.0,40.0,0.0,37.99961013800312,0.9499902534500748,1.40055453125,1.45528705,5.885345598073498,820
gentd26,txt2img,test,dap,96,1700000939,3,1701300951,160,6.200677860962657,6.265226571341297,0.9999999999999998,0.0,0.0,0.0,2.5999220276006376,0.0,1.848695703125,1.94248915,5.885345598073498,820
gentd26,txt2img,test,no_budget_horizon,96,1700000939,3,1701300951,160,6.200677860962657,6.265226571341297,0.9999999999999998,0.0,0.0,0.0,2.5999220276006376,0.0,1.809402484375,1.93455785,5.885345598073498,820
gentd26,txt2img,test,blackbox_matched_weight,96,1700000939,3,1701300951,160,6.729970760350239,6.778798942324167,1.0,0.0,6.0,0.0,0.0,0.0,1.355182,1.4370755499999996,5.885345598073498,820
gentd26,txt2img,test,dap,96,1700000939,4,1701400954,164,7.507824379674713,6.1779516495496045,1.0,0.0,7.0,0.0,1.6686366963571686,0.0,1.151049046875,1.82700255,5.885345598073498,820
gentd26,txt2img,test,no_budget_horizon,96,1700000939,4,1701400954,164,7.507824379674713,6.1779516495496045,1.0,0.0,7.0,0.0,1.6686366963571686,0.0,0.74824884375,0.8159518499999999,5.885345598073498,820
gentd26,txt2img,test,blackbox_matched_weight,96,1700000939,4,1701400954,164,7.729970760350239,6.297139362743622,1.0,0.0,10.0,0.0,0.0,0.0,0.41008459375,0.5999780499999999,5.885345598073498,820
gentd26,image_conditioned,test,dap,96,1700000940,0,1700000940,545,-0.1199999999999996,-0.6138769201016279,1.0,0.0,11.0,0.0,0.0,0.0,0.75643559375,0.81831115,9.100826972010177,821
gentd26,image_conditioned,test,no_budget_horizon,96,1700000940,0,1700000940,545,-0.1199999999999996,-0.6138769201016279,1.0,0.0,17.0,0.0,0.0,0.0,0.778466515625,0.8778585499999999,9.100826972010177,821
gentd26,image_conditioned,test,blackbox_matched_weight,96,1700000940,0,1700000940,545,-0.1199999999999996,-0.6138769201016279,1.0,0.0,27.0,0.0,0.0,0.0,0.3944472343749999,0.5663198999999998,9.100826972010177,821
gentd26,image_conditioned,test,dap,96,1700000940,1,1700100943,2,0.9777096249085536,1.7687670280809364,1.0,0.0,33.0,0.0,15.31603053435115,0.0,0.8050023749999999,0.94774085,9.100826972010177,821
gentd26,image_conditioned,test,no_budget_horizon,96,1700000940,1,1700100943,2,0.9777096249085536,1.7687670280809364,1.0,0.0,31.0,0.0,15.31603053435115,0.0,0.7865239374999999,0.9481766,9.100826972010177,821
gentd26,image_conditioned,test,blackbox_matched_weight,96,1700000940,1,1700100943,2,0.9777096249085536,1.7687670280809364,1.0,0.0,37.0,0.0,15.31603053435115,0.0,0.386865515625,0.5263766999999996,9.100826972010177,821
gentd26,image_conditioned,test,dap,96,1700000940,2,1700200946,388,9.068890303961718,7.977632604989332,1.0,0.0,74.0,0.0,134.29007633587787,0.0,0.771143046875,0.9280250999999996,9.100826972010177,821
gentd26,image_conditioned,test,no_budget_horizon,96,1700000940,2,1700200946,388,8.415454008830118,7.381476702637068,1.0,0.0,75.0,0.0,142.33072519083973,0.0,1.15934396875,1.7861458,9.100826972010177,821
gentd26,image_conditioned,test,blackbox_matched_weight,96,1700000940,2,1700200946,388,5.51995845355454,5.935853661761392,0.989622458087722,0.015625,96.0,0.0,147.07131043257,7.170992366412213,0.739386765625,1.30845355,9.100826972010177,821
gentd26,image_conditioned,test,dap,96,1700000940,3,1700300949,157,3.780890879979809,4.6508382419146495,1.0,0.0,30.0,0.0,18.461068702290085,0.0,1.1464904687500002,1.760893,9.100826972010177,821
gentd26,image_conditioned,test,no_budget_horizon,96,1700000940,3,1700300949,157,3.780890879979809,4.6508382419146495,1.0,0.0,37.0,0.0,18.461068702290085,0.0,1.07695084375,1.78138575,9.100826972010177,821
gentd26,image_conditioned,test,blackbox_matched_weight,96,1700000940,3,1700300949,157,3.780890879979809,4.6508382419146495,1.0,0.0,43.0,0.0,18.461068702290085,0.0,0.5258824843750001,1.4323403,9.100826972010177,821
gentd26,image_conditioned,test,dap,96,1700000940,4,1700400952,155,4.780890879979808,5.4727615217146175,1.0,0.0,32.0,0.0,18.461068702290085,0.0,1.51134396875,1.8781662,9.100826972010177,821
gentd26,image_conditioned,test,no_budget_horizon,96,1700000940,4,1700400952,155,4.780890879979808,5.4727615217146175,1.0,0.0,39.0,0.0,18.461068702290085,0.0,1.7096002812500002,1.8600833,9.100826972010177,821
gentd26,image_conditioned,test,blackbox_matched_weight,96,1700000940,4,1700400952,155,4.780890879979808,5.4727615217146175,1.0,0.0,47.0,0.0,18.461068702290085,0.0,1.281452703125,1.3333119999999998,9.100826972010177,821
gentd26,txt2img,test,dap,96,1700000940,0,1701000943,125,-18.157669728793376,-15.903728334426487,1.0,0.21875,96.0,0.0,389.8148047772687,0.0,1.02436290625,1.7300503,5.885345598073498,821
gentd26,txt2img,test,no_budget_horizon,96,1700000940,0,1701000943,125,10.97944529251306,5.060088939425493,1.0,0.078125,96.0,0.0,306.53043807758326,0.0,1.074550890625,1.77313,5.885345598073498,821
gentd26,txt2img,test,blackbox_matched_weight,96,1700000940,0,1701000943,125,-141.64465106491934,-101.08666230553116,1.0,0.5,96.0,0.0,1481.1073381906954,0.0,0.74863075,1.3791421499999998,5.885345598073498,821
gentd26,txt2img,test,dap,96,1700000940,1,1701100946,518,30.32989278795088,22.402496641131897,1.0,0.0,9.0,0.0,0.0,0.0,1.7182926093750002,1.83537575,5.885345598073498,821
gentd26,txt2img,test,no_budget_horizon,96,1700000940,1,1701100946,518,29.24297284624277,21.645998944262782,1.0,0.0,33.0,0.0,7.007945095761501,0.0,1.705601796875,1.78533935,5.885345598073498,821
gentd26,txt2img,test,blackbox_matched_weight,96,1700000940,1,1701100946,518,30.32989278795088,22.402496641131897,1.0,0.0,40.0,0.0,0.0,0.0,1.338787484375,1.3928164,5.885345598073498,821
gentd26,txt2img,test,dap,96,1700000940,2,1701200949,118,-645.5794508797669,-433.8263685220596,0.8729001929714887,0.84375,96.0,0.0,8070.903182944733,141.2965497213282,1.02257684375,1.82268235,5.885345598073498,821
gentd26,txt2img,test,no_budget_horizon,96,1700000940,2,1701200949,118,-628.7387684076548,-422.9075901436813,0.8781942096427134,0.84375,96.0,0.0,7843.048230172402,135.4112041232547,1.000835015625,1.7641927,5.885345598073498,821
gentd26,txt2img,test,blackbox_matched_weight,96,1700000940,2,1701200949,118,-719.0911212228773,-482.024498131649,0.8509070736373442,0.859375,96.0,0.0,9048.891097222831,165.74624757828067,0.7182376562499999,1.3495952999999998,5.885345598073498,821
gentd26,txt2img,test,dap,96,1700000940,3,1701300952,500,22.183544159435463,14.958018114830884,1.0,0.0,3.0,0.0,1.3998830414009564,0.0,1.7446746875,1.82769295,5.885345598073498,821
gentd26,txt2img,test,no_budget_horizon,96,1700000940,3,1701300952,500,21.89928852862376,14.77350703774249,1.0,0.0,37.0,0.0,3.564352258878971,0.0,1.668492,1.72068185,5.885345598073498,821
gentd26,txt2img,test,blackbox_matched_weight,96,1700000940,3,1701300952,500,22.529931774150555,15.188606318320048,1.0,0.0,39.0,0.0,0.0,0.0,1.283005390625,1.3283138,5.885345598073498,821
gentd26,txt2img,test,dap,96,1700000940,4,1701400955,582,14.67996101380032,13.373550169237314,1.0,0.0,8.0,0.0,0.0,0.0,1.7054791562499998,1.80120075,5.885345598073498,821
gentd26,txt2img,test,no_budget_horizon,96,1700000940,4,1701400955,582,14.069967682279156,12.797876848330205,1.0,0.0,48.0,0.0,3.814400991628572,0.0,1.71116615625,1.7887669,5.885345598073498,821
gentd26,txt2img,test,blackbox_matched_weight,96,1700000940,4,1701400955,582,14.67996101380032,13.373550169237314,1.0,0.0,40.0,0.0,0.0,0.0,1.305222453125,1.38653435,5.885345598073498,821
gentd26,image_conditioned,test,dap,96,1700000941,0,1700000941,459,-4.12,-2.795228099795501,1.0,0.0,1.0,0.0,0.0,0.0,1.69589159375,1.78883775,9.100826972010177,822
gentd26,image_conditioned,test,no_budget_horizon,96,1700000941,0,1700000941,459,-5.684556489699983,-4.385094010652727,1.0,0.015625,0.0,0.0,9.341984732824423,0.0,1.421659203125,1.7425384499999998,9.100826972010177,822
gentd26,image_conditioned,test,blackbox_matched_weight,96,1700000941,0,1700000941,459,-4.12,-2.795228099795501,1.0,0.0,2.0,0.0,0.0,0.0,0.6926316406249999,1.3740326,9.100826972010177,822
gentd26,image_conditioned,test,dap,96,1700000941,1,1700100944,13,-2.9678399367699035,-1.9383239187217471,1.0,0.0,4.0,0.0,11.491157760814248,0.0,0.9557800625,1.9491025,9.100826972010177,822
gentd26,image_conditioned,test,no_budget_horizon,96,1700000941,1,1700100944,13,-3.12,-2.0534348836672525,1.0,0.0,5.0,0.0,0.0,0.0,1.7802603125,1.86881995,9.100826972010177,822
gentd26,image_conditioned,test,blackbox_matched_weight,96,1700000941,1,1700100944,13,-2.9678399367699035,-1.9383239187217471,1.0,0.0,5.0,0.0,11.491157760814248,0.0,1.33263265625,1.39075515,9.100826972010177,822
gentd26,image_conditioned,test,dap,96,1700000941,2,1700200947,76,-1099.7582828643638,-693.3396509901988,0.613604642684682,0.75,96.0,0.0,14917.94179389313,485.0,0.6389193125,1.78780665,9.100826972010177,822
gentd26,image_conditioned,test,no_budget_horizon,96,1700000941,2,1700200947,76,-1097.1877782145607,-689.0419339784762,0.6093295945151249,0.71875,96.0,0.0,14821.767938931296,485.0,0.5079130624999999,0.7855812999999999,9.100826972010177,822
gentd26,image_conditioned,test,blackbox_matched_weight,96,1700000941,2,1700200947,76,-1112.3076724317643,-701.737709762509,0.6093295945151249,0.75,96.0,0.0,15072.655852417302,485.0,0.24035196875,0.3794403999999999,9.100826972010177,822
gentd26,image_conditioned,test,dap,96,1700000941,3,1700300950,41,-108.777206011878,-63.59749612569701,0.9782838826430736,0.234375,84.0,0.0,1904.3786259541976,22.42442748091596,0.76576453125,0.80441965,9.100826972010177,822
gentd26,image_conditioned,test,no_budget_horizon,96,1700000941,3,1700300950,41,-108.777206011878,-63.59749612569701,0.9782838826430736,0.234375,84.0,0.0,1904.3786259541976,22.42442748091596,0.7351375468750001,0.7843415999999999,9.100826972010177,822
gentd26,image_conditioned,test,blackbox_matched_weight,96,1700000941,3,1700300950,41,-108.777206011878,-63.59749612569701,0.9782838826430736,0.234375,85.0,0.0,1904.3786259541976,22.42442748091596,0.64511540625,1.3620641999999998,9.100826972010177,822
gentd26,image_conditioned,test,dap,96,1700000941,4,1700400953,170,1.1531603053435115,0.1503190458735416,1.0000000000000002,0.0,23.0,0.0,12.170992366412214,0.0,1.661218390625,1.8811236,9.100826972010177,822
gentd26,image_conditioned,test,no_budget_horizon,96,1700000941,4,1700400953,170,1.1531603053435115,0.1503190458735416,1.0000000000000002,0.0,23.0,0.0,12.170992366412214,0.0,1.7290414531249998,1.86963675,9.100826972010177,822
gentd26,image_conditioned,test,blackbox_matched_weight,96,1700000941,4,1700400953,170,1.1531603053435115,0.1503190458735416,1.0000000000000002,0.0,23.0,0.0,12.170992366412214,0.0,1.32746359375,1.4100412,9.100826972010177,822
gentd26,txt2img,test,dap,96,1700000941,0,1701000944,489,18.94929827517368,11.380348852044204,1.0,0.0,2.0,0.0,3.564352258878971,0.0,1.712924734375,1.7782488499999998,5.885345598073498,822
gentd26,txt2img,test,no_budget_horizon,96,1700000941,0,1701000944,489,19.40674771334293,11.65033198193789,1.0,0.0,5.0,0.0,0.6999415207004782,0.0,1.716155921875,1.8342063,5.885345598073498,822
gentd26,txt2img,test,blackbox_matched_weight,96,1700000941,0,1701000944,489,19.23355390598538,11.545548677695924,1.0,0.0,4.0,0.0,1.3998830414009564,0.0,1.3403493125,1.4070705499999998,5.885345598073498,822
gentd26,txt2img,test,dap,96,1700000941,1,1701100947,192,19.615646641679454,11.662544183441891,0.9696116806911174,0.0,76.0,0.0,121.67846098661607,19.949795322451664,1.83830615625,1.9207287,5.885345598073498,822
gentd26,txt2img,test,no_budget_horizon,96,1700000941,1,1701100947,192,19.482088163489585,11.60164942418001,0.9696116806911174,0.0,76.0,0.0,121.9161145279289,19.949795322451664,1.769495484375,1.86846295,5.885345598073498,822
gentd26,txt2img,test,blackbox_matched_weight,96,1700000941,1,1701100947,192,18.510243541030015,10.981909222816792,0.9696116806911174,0.0,77.0,0.0,131.72218056179915,19.949795322451664,1.305558578125,1.36060335,5.885345598073498,822
gentd26,txt2img,test,dap,96,1700000941,2,1701200950,105,-1155.3333920937246,-725.3026667482893,0.6654744223524559,0.75,96.0,0.0,15223.728097612697,474.8995906449033,0.98041484375,1.85274725,5.885345598073498,822
gentd26,txt2img,test,no_budget_horizon,96,1700000941,2,1701200950,105,-1179.5448496399133,-742.1487766877631,0.6548719902547996,0.75,96.0,0.0,15557.753445604309,474.8995906449033,0.438086140625,0.7829265999999999,5.885345598073498,822
gentd26,txt2img,test,blackbox_matched_weight,96,1700000941,2,1701200950,105,-1126.8094944076825,-706.3506531995815,0.6744457110504727,0.75,96.0,0.0,14869.908877217344,469.8543369826539,0.2205206874999999,0.37267275,5.885345598073498,822
gentd26,txt2img,test,dap,96,1700000941,3,1701300953,584,12.854290246247562,11.90805762606604,0.9999999999999998,0.0,5.0,0.0,3.999805069001594,0.0,1.1884333749999998,1.79170655,5.885345598073498,822
gentd26,txt2img,test,no_budget_horizon,96,1700000941,3,1701300953,584,13.383583145635145,12.432057596459746,0.9999999999999998,0.0,6.0,0.0,1.3998830414009564,0.0,1.249550390625,1.8930212,5.885345598073498,822
gentd26,txt2img,test,blackbox_matched_weight,96,1700000941,3,1701300953,584,13.193151743086784,12.24303854399232,0.9999999999999998,0.0,7.0,0.0,3.114459470928094,0.0,0.5502316093749999,1.4373260999999986,5.885345598073498,822
gentd26,txt2img,test,dap,96,1700000941,4,1701400956,34,-12.83149328195518,-6.822636408999728,0.9843183232274636,0.0625,56.0,0.0,322.5254686631838,7.701976527390357,0.7987211875,0.9344019499999996,5.885345598073498,822
gentd26,txt2img,test,no_budget_horizon,96,1700000941,4,1701400956,34,-8.348816376121265,-4.291797482338124,0.9903288201160544,0.046875,60.0,0.0,281.197115021223,4.749951267250296,0.7669748437499999,0.8289863999999998,5.885345598073498,822
gentd26,txt2img,test,blackbox_matched_weight,96,1700000941,4,1701400956,34,-12.83149328195518,-6.822636408999728,0.9843183232274636,0.0625,56.0,0.0,322.5254686631838,7.701976527390357,0.461210484375,1.2475031999999973,5.885345598073498,822
gentd26,image_conditioned,test,dap,96,1700000942,0,1700000942,156,4.780890879979808,5.566377578497548,0.9999999999999998,0.0,28.0,0.0,18.461068702290085,0.0,0.559702125,0.7257087499999999,9.100826972010177,823
gentd26,image_conditioned,test,no_budget_horizon,96,1700000942,0,1700000942,156,4.780890879979808,5.566377578497548,0.9999999999999998,0.0,28.0,0.0,18.461068702290085,0.0,0.584548671875,0.69420675,9.100826972010177,823
gentd26,image_conditioned,test,blackbox_matched_weight,96,1700000942,0,1700000942,156,4.780890879979808,5.566377578497548,0.9999999999999998,0.0,90.0,0.0,18.461068702290085,0.0,0.239526421875,0.2974755999999999,9.100826972010177,823
gentd26,image_conditioned,test,dap,96,1700000942,1,1700100945,579,-1.1199999999999997,-0.5042600251211441,1.0,0.0,10.0,0.0,0.0,0.0,0.622344546875,0.8310655499999999,9.100826972010177,823
gentd26,image_conditioned,test,no_budget_horizon,96,1700000942,1,1700100945,579,-1.1199999999999997,-0.5042600251211441,1.0,0.0,10.0,0.0,0.0,0.0,0.5375491718750001,0.5717989,9.100826972010177,823
gentd26,image_conditioned,test,blackbox_matched_weight,96,1700000942,1,1700100945,579,-1.1199999999999997,-0.5042600251211441,1.0,0.0,68.0,0.0,0.0,0.0,0.2333918125,0.2567397999999999,9.100826972010177,823
gentd26,image_conditioned,test,dap,96,1700000942,2,1700200948,517,-3.12,-2.388999467926474,1.0,0.0,2.0,0.0,0.0,0.0,0.7242168124999999,0.8511011,9.100826972010177,823
gentd26,image_conditioned,test,no_budget_horizon,96,1700000942,2,1700200948,517,-3.12,-2.388999467926474,1.0,0.0,2.0,0.0,0.0,0.0,1.1826853437500002,1.9797937999999975,9.100826972010177,823
gentd26,image_conditioned,test,blackbox_matched_weight,96,1700000942,2,1700200948,517,-3.12,-2.388999467926474,1.0,0.0,69.0,0.0,0.0,0.0,0.254285921875,0.3358355999999999,9.100826972010177,823
gentd26,image_conditioned,test,dap,96,1700000942,3,1700300951,290,-0.1199999999999992,0.8638244381068716,1.0,0.0,6.0,0.0,0.0,0.0,0.552553265625,0.60184815,9.100826972010177,823
gentd26,image_conditioned,test,no_budget_horizon,96,1700000942,3,1700300951,290,-0.1199999999999992,0.8638244381068716,1.0,0.0,6.0,0.0,0.0,0.0,0.56044515625,0.6344233499999999,9.100826972010177,823
gentd26,image_conditioned,test,blackbox_matched_weight,96,1700000942,3,1700300951,290,-0.1199999999999992,0.8638244381068716,1.0,0.0,65.0,0.0,0.0,0.0,0.243323140625,0.2664808499999999,9.100826972010177,823
gentd26,image_conditioned,test,dap,96,1700000942,4,1700400954,476,-5.12,-3.795228099795501,0.0,0.0,0.0,0.0,0.0,0.0,0.548523640625,0.65364885,9.100826972010177,823
gentd26,image_conditioned,test,no_budget_horizon,96,1700000942,4,1700400954,476,-5.12,-3.795228099795501,0.0,0.0,0.0,0.0,0.0,0.0,1.0701208437499998,1.1480801,9.100826972010177,823
gentd26,image_conditioned,test,blackbox_matched_weight,96,1700000942,4,1700400954,476,-5.12,-3.795228099795501,0.0,0.0,64.0,0.0,0.0,0.0,0.5363504531250001,0.88384065,9.100826972010177,823
gentd26,txt2img,test,dap,96,1700000942,0,1701000945,525,32.42991228105072,23.52916757204035,1.0,0.0,15.0,0.0,0.0,0.0,0.532837484375,0.5572671499999999,5.885345598073498,823
gentd26,txt2img,test,no_budget_horizon,96,1700000942,0,1701000945,525,32.42991228105072,23.52916757204035,1.0,0.0,15.0,0.0,0.0,0.0,0.541086609375,0.5752270999999999,5.885345598073498,823
gentd26,txt2img,test,blackbox_matched_weight,96,1700000942,0,1701000945,525,32.42991228105072,23.52916757204035,1.0,0.0,69.0,0.0,0.0,0.0,0.2431409218749999,0.35243565,5.885345598073498,823
gentd26,txt2img,test,dap,96,1700000942,1,1701100948,503,23.47992202760064,16.279153965020047,1.0,0.0,5.0,0.0,0.0,0.0,0.6133628125,0.91664855,5.885345598073498,823
gentd26,txt2img,test,no_budget_horizon,96,1700000942,1,1701100948,503,23.47992202760064,16.279153965020047,1.0,0.0,5.0,0.0,0.0,0.0,0.5339972343749999,0.5865385999999999,5.885345598073498,823
gentd26,txt2img,test,blackbox_matched_weight,96,1700000942,1,1701100948,503,23.47992202760064,16.279153965020047,1.0,0.0,58.0,0.0,0.0,0.0,0.229396921875,0.2492400499999999,5.885345598073498,823
gentd26,txt2img,test,dap,96,1700000942,2,1701200951,490,19.57994152070048,11.90904585682679,1.0,0.0,5.0,0.0,0.0,0.0,0.5219182499999999,0.545034,5.885345598073498,823
gentd26,txt2img,test,no_budget_horizon,96,1700000942,2,1701200951,490,19.57994152070048,11.90904585682679,1.0,0.0,5.0,0.0,0.0,0.0,0.530830671875,0.5826958999999999,5.885345598073498,823
gentd26,txt2img,test,blackbox_matched_weight,96,1700000942,2,1701200951,490,19.57994152070048,11.90904585682679,1.0,0.0,64.0,0.0,0.0,0.0,0.230660078125,0.2603882999999999,5.885345598073498,823
gentd26,txt2img,test,dap,96,1700000942,3,1701300954,13,14.679961013800316,14.053452993075236,1.0,0.0,3.0,0.0,0.0,0.0,0.5309557968749999,0.5770411,5.885345598073498,823
gentd26,txt2img,test,no_budget_horizon,96,1700000942,3,1701300954,13,14.679961013800316,14.053452993075236,1.0,0.0,3.0,0.0,0.0,0.0,0.5314786406249999,0.5621816,5.885345598073498,823
gentd26,txt2img,test,blackbox_matched_weight,96,1700000942,3,1701300954,13,14.679961013800316,14.053452993075236,1.0,0.0,63.0,0.0,0.0,0.0,0.23109996875,0.2393431,5.885345598073498,823
gentd26,txt2img,test,dap,96,1700000942,4,1701400957,469,6.57994152070048,4.546898212906409,1.0,0.0,0.0,0.0,0.0,0.0,0.528939765625,0.5609046,5.885345598073498,823
gentd26,txt2img,test,no_budget_horizon,96,1700000942,4,1701400957,469,6.57994152070048,4.546898212906409,1.0,0.0,0.0,0.0,0.0,0.0,0.53333825,0.5831287499999999,5.885345598073498,823
gentd26,txt2img,test,blackbox_matched_weight,96,1700000942,4,1701400957,469,6.57994152070048,4.546898212906409,1.0,0.0,64.0,0.0,0.0,0.0,0.2445752499999999,0.2793585999999999,5.885345598073498,823
gentd26,image_conditioned,test,dap,96,1700000943,0,1700000943,531,-2.12,-1.6456343154698605,1.0,0.0,6.0,0.0,0.0,0.0,0.754768671875,0.8200348999999999,9.100826972010177,824
gentd26,image_conditioned,test,no_budget_horizon,96,1700000943,0,1700000943,531,-2.12,-1.6456343154698605,1.0,0.0,6.0,0.0,0.0,0.0,1.7162115624999998,1.946396,9.100826972010177,824
gentd26,image_conditioned,test,blackbox_matched_weight,96,1700000943,0,1700000943,531,-2.12,-1.6456343154698605,1.0,0.0,12.0,0.0,0.0,0.0,0.4872978125,1.3169772,9.100826972010177,824
gentd26,image_conditioned,test,dap,96,1700000943,1,1700100946,420,-0.1199999999999998,0.1074126950244427,1.0,0.0,8.0,0.0,0.0,0.0,0.75387996875,0.8233258999999997,9.100826972010177,824
gentd26,image_conditioned,test,no_budget_horizon,96,1700000943,1,1700100946,420,-0.1199999999999998,0.1074126950244427,1.0,0.0,8.0,0.0,0.0,0.0,0.7386104375,0.8132679999999999,9.100826972010177,824
gentd26,image_conditioned,test,blackbox_matched_weight,96,1700000943,1,1700100946,420,-0.1199999999999998,0.1074126950244427,1.0,0.0,19.0,0.0,0.0,0.0,0.35819459375,0.37621885,9.100826972010177,824
gentd26,image_conditioned,test,dap,96,1700000943,2,1700200949,396,6.698020373709653,5.40356625358245,1.0,0.0,49.0,0.0,106.80305343511452,0.0,0.906404765625,1.81159915,9.100826972010177,824
gentd26,image_conditioned,test,no_budget_horizon,96,1700000943,2,1700200949,396,6.698020373709653,5.40356625358245,1.0,0.0,49.0,0.0,106.80305343511452,0.0,1.634268171875,1.82674195,9.100826972010177,824
gentd26,image_conditioned,test,blackbox_matched_weight,96,1700000943,2,1700200949,396,6.698020373709653,5.40356625358245,1.0,0.0,86.0,0.0,106.80305343511452,0.0,1.204393875,1.408841,9.100826972010177,824
gentd26,image_conditioned,test,dap,96,1700000943,3,1700300952,172,2.153160305343511,0.277299352347047,1.0,0.0,27.0,0.0,12.170992366412214,0.0,0.924472359375,1.81634155,9.100826972010177,824
gentd26,image_conditioned,test,no_budget_horizon,96,1700000943,3,1700300952,172,2.153160305343511,0.277299352347047,1.0,0.0,27.0,0.0,12.170992366412214,0.0,0.858717859375,1.726051249999997,9.100826972010177,824
gentd26,image_conditioned,test,blackbox_matched_weight,96,1700000943,3,1700300952,172,2.153160305343511,0.277299352347047,1.0,0.0,30.0,0.0,12.170992366412214,0.0,0.415184609375,0.5380699999999999,9.100826972010177,824
gentd26,image_conditioned,test,dap,96,1700000943,4,1700400955,302,-4.12,-2.899889845536784,1.0,0.0,1.0,0.0,0.0,0.0,0.8246750937499999,1.124888,9.100826972010177,824
gentd26,image_conditioned,test,no_budget_horizon,96,1700000943,4,1700400955,302,-4.12,-2.899889845536784,1.0,0.0,1.0,0.0,0.0,0.0,1.1073776875,1.87814025,9.100826972010177,824
gentd26,image_conditioned,test,blackbox_matched_weight,96,1700000943,4,1700400955,302,-4.12,-2.899889845536784,1.0,0.0,8.0,0.0,0.0,0.0,0.53362928125,1.4075176,9.100826972010177,824
gentd26,txt2img,test,dap,96,1700000943,0,1701000946,552,22.95496012695889,17.174683848973153,1.0000000000000002,0.0,7.0,0.0,15.799376220805105,0.0,1.44869846875,1.84870265,5.885345598073498,824
gentd26,txt2img,test,no_budget_horizon,96,1700000943,0,1701000946,552,24.65425126004788,18.509599921676426,1.0,0.0,9.0,0.0,3.999805069001594,0.0,1.744021890625,1.7827615499999998,5.885345598073498,824
gentd26,txt2img,test,blackbox_matched_weight,96,1700000943,0,1701000946,552,24.65425126004788,18.509599921676426,1.0,0.0,14.0,0.0,3.999805069001594,0.0,1.35156009375,1.40195205,5.885345598073498,824
gentd26,txt2img,test,dap,96,1700000943,1,1701100949,495,19.701693444883865,12.70967997175472,1.0,0.0,2.0,0.0,3.49970760350239,0.0,1.7671868125,1.82384725,5.885345598073498,824
gentd26,txt2img,test,no_budget_horizon,96,1700000943,1,1701100949,495,19.701693444883865,12.70967997175472,1.0,0.0,2.0,0.0,3.49970760350239,0.0,1.720757078125,1.8336956,5.885345598073498,824
gentd26,txt2img,test,blackbox_matched_weight,96,1700000943,1,1701100949,495,19.701693444883865,12.70967997175472,1.0,0.0,8.0,0.0,3.49970760350239,0.0,0.379156453125,0.42136135,5.885345598073498,824
gentd26,txt2img,test,dap,96,1700000943,2,1701200952,61,-142.432095411891,-78.18315971137301,0.7122011085394796,0.203125,96.0,0.0,2067.1622757464725,339.60050284241225,0.7341919687499999,1.1045695,5.885345598073498,824
gentd26,txt2img,test,no_budget_horizon,96,1700000943,2,1701200952,61,-137.46103144557708,-75.3991382478856,0.7171887217049807,0.203125,96.0,0.0,2009.0963758083997,333.71515724433874,0.710088390625,0.8778532499999999,5.885345598073498,824
gentd26,txt2img,test,blackbox_matched_weight,96,1700000943,2,1701200952,61,-253.97508066958423,-141.5801855344363,0.6238965779133567,0.28125,96.0,0.0,3418.574469608666,443.7991773116232,0.332138,0.5536131,5.885345598073498,824
gentd26,txt2img,test,dap,96,1700000943,3,1701300955,248,-1006.6554100606528,-667.8376134767782,0.7862721215353244,0.875,96.0,0.0,13320.462973055772,262.8111556225661,0.4879186249999999,0.8814893999999996,5.885345598073498,824
gentd26,txt2img,test,no_budget_horizon,96,1700000943,3,1701300955,248,-985.8727293859922,-653.7344194948382,0.7910583050811788,0.875,96.0,0.0,13098.20528339255,256.9258100244926,0.464231546875,0.8006733999999999,5.885345598073498,824
gentd26,txt2img,test,blackbox_matched_weight,96,1700000943,3,1701300955,248,-1068.890008814864,-707.8235624132446,0.7680846240610782,0.875,96.0,0.0,14165.806974883082,285.1754688952454,0.218564140625,0.3922646999999999,5.885345598073498,824
gentd26,txt2img,test,dap,96,1700000943,4,1701400958,405,36.11976141653189,28.025011746125205,1.0,0.0,21.0,0.0,46.56627803127647,0.0,0.807700578125,1.10849695,5.885345598073498,824
gentd26,txt2img,test,no_budget_horizon,96,1700000943,4,1701400958,405,41.49413535029088,32.30650176070584,1.0,0.0,23.0,0.0,16.25944404220586,0.0,0.8112236875000001,1.1180114,5.885345598073498,824
gentd26,txt2img,test,blackbox_matched_weight,96,1700000943,4,1701400958,405,43.01781089624277,33.59809138048746,1.0000000000000002,0.0,49.0,0.0,7.749561405253586,0.0,0.3758797031249999,0.4349731999999999,5.885345598073498,824
gentd26,image_conditioned,test,dap,96,1700000944,0,1700000944,364,6.767186359847861,4.599312910266665,1.0,0.0,67.0,0.0,179.354834605598,0.0,0.746908546875,0.8011104,9.100826972010177,825
gentd26,image_conditioned,test,no_budget_horizon,96,1700000944,0,1700000944,364,-952.0228941476504,-587.262619202176,0.4346260749914001,0.59375,96.0,0.0,12196.065712468191,418.20407124681935,0.473779234375,1.1180448,9.100826972010177,825
gentd26,image_conditioned,test,blackbox_matched_weight,96,1700000944,0,1700000944,364,9.211429800940891,6.409593297414548,1.0,0.0,67.0,0.0,173.29465648854972,0.0,0.3694334375,0.39517335,9.100826972010177,825
gentd26,image_conditioned,test,dap,96,1700000944,1,1700100947,217,-437.3557240451864,-244.28695500632588,0.6837319979096924,0.296875,96.0,0.0,6036.149809160305,495.0,0.63383565625,0.7954869999999999,9.100826972010177,825
gentd26,image_conditioned,test,no_budget_horizon,96,1700000944,1,1700100947,217,-966.7016205459244,-582.2615343911466,0.3379427142166024,0.546875,96.0,0.0,12600.35165394402,495.0,0.66664,1.70774715,9.100826972010177,825
gentd26,image_conditioned,test,blackbox_matched_weight,96,1700000944,1,1700100947,217,-443.86811423724,-247.84574424005604,0.67863084704242,0.296875,96.0,0.0,6106.566094147582,495.0,0.30756071875,0.3915661,9.100826972010177,825
gentd26,image_conditioned,test,dap,96,1700000944,2,1700200950,21,-2.967839936769904,-2.262053089726148,1.0,0.0,19.0,0.0,11.491157760814248,0.0,1.1309030781249998,1.87608135,9.100826972010177,825
gentd26,image_conditioned,test,no_budget_horizon,96,1700000944,2,1700200950,21,-8.251996736159255,-5.111407047495916,0.5684688074928917,0.015625,96.0,0.0,31.51297709923664,31.51297709923664,0.97479278125,1.8344658,9.100826972010177,825
gentd26,image_conditioned,test,blackbox_matched_weight,96,1700000944,2,1700200950,21,-3.12,-2.3868015338414192,1.0,0.0,8.0,0.0,0.0,0.0,0.36622765625,0.3841861,9.100826972010177,825
gentd26,image_conditioned,test,dap,96,1700000944,3,1700300953,115,-79.61703490427075,-41.375809453659095,0.9557041886058536,0.25,96.0,0.0,1173.9074427480914,57.02595419847327,0.6328645937499999,0.8125975499999999,9.100826972010177,825
gentd26,image_conditioned,test,no_budget_horizon,96,1700000944,3,1700300953,115,-568.2711867238786,-337.06859851151296,0.7495900732096834,0.53125,96.0,0.0,7264.874491094147,322.37506361323153,0.6819534843749999,1.1035727,9.100826972010177,825
gentd26,image_conditioned,test,blackbox_matched_weight,96,1700000944,3,1700300953,115,-181.48601691847145,-99.4131125014835,0.8954370444159829,0.28125,96.0,0.0,2494.3604961832057,134.61323155216283,0.544691890625,0.7287733499999995,9.100826972010177,825
gentd26,image_conditioned,test,dap,96,1700000944,4,1700400956,189,9.40302999348216,5.210048325363144,0.9721951219512196,0.0,53.0,0.0,38.97818066157761,15.31603053435115,0.8175365156250001,1.0836679499999993,9.100826972010177,825
gentd26,image_conditioned,test,no_budget_horizon,96,1700000944,4,1700400956,189,-535.2890923123351,-316.56055328639485,0.2723115299334812,0.46875,96.0,0.0,6550.7984732824425,400.8396946564886,0.45930440625,0.9327454999999992,9.100826972010177,825
gentd26,image_conditioned,test,blackbox_matched_weight,96,1700000944,4,1700400956,189,10.250869930252064,5.812483728645336,0.9721951219512196,0.0,55.0,0.0,27.487022900763364,15.31603053435115,0.4113567812499999,0.59300895,9.100826972010177,825
gentd26,txt2img,test,dap,96,1700000944,0,1701000947,139,18.761863309908183,15.90157236836457,1.0,0.015625,48.0,0.0,56.13179987614578,0.0,0.772463828125,0.837939,5.885345598073498,825
gentd26,txt2img,test,no_budget_horizon,96,1700000944,0,1701000947,139,20.411294859518136,17.38885950946255,1.0,0.015625,95.0,0.0,40.0866398669695,0.0,0.6603904375,0.79985215,5.885345598073498,825
gentd26,txt2img,test,blackbox_matched_weight,96,1700000944,0,1701000947,139,12.597869006125409,10.444747625793646,1.0,0.0,50.0,0.0,175.41613955733328,0.0,0.469787671875,0.53971135,5.885345598073498,825
gentd26,txt2img,test,dap,96,1700000944,1,1701100950,105,-1130.1246030885554,-709.6657618804545,0.6744457110504727,0.765625,96.0,0.0,14879.158731019095,469.8543369826539,0.4411915468749999,0.75702245,5.885345598073498,825
gentd26,txt2img,test,no_budget_horizon,96,1700000944,1,1701100950,105,-1158.6485007745976,-728.6177754291623,0.6654744223524559,0.765625,96.0,0.0,15232.977951414448,474.8995906449033,0.455160203125,0.8337581999999999,5.885345598073498,825
gentd26,txt2img,test,blackbox_matched_weight,96,1700000944,1,1701100950,105,-1087.0359119670577,-681.4634619854528,0.685048143148129,0.75,96.0,0.0,14314.454657325896,454.5524384276628,0.239842703125,0.42279475,5.885345598073498,825
gentd26,txt2img,test,dap,96,1700000944,2,1701200953,310,0.7299707603502401,1.328943762589411,1.0,0.0,16.0,0.0,0.0,0.0,0.8960132343749999,1.78676925,5.885345598073498,825
gentd26,txt2img,test,no_budget_horizon,96,1700000944,2,1701200953,310,0.7299707603502401,1.328943762589411,1.0,0.0,96.0,0.0,0.0,0.0,0.4721423437499999,0.775173,5.885345598073498,825
gentd26,txt2img,test,blackbox_matched_weight,96,1700000944,2,1701200953,310,0.7299707603502401,1.328943762589411,1.0,0.0,6.0,0.0,0.0,0.0,0.3929416875,0.4295139,5.885345598073498,825
gentd26,txt2img,test,dap,96,1700000944,3,1701300956,125,-4.235597905614356,-9.420715661599878,1.0,0.125,93.0,0.0,462.44368897632114,0.0,1.4179134375,1.89351035,5.885345598073498,825
gentd26,txt2img,test,no_budget_horizon,96,1700000944,3,1701300956,125,-2.4067257471262447,-7.897687656194071,1.0,0.125,96.0,0.0,444.2475250725031,0.0,0.762148390625,1.7666167,5.885345598073498,825
gentd26,txt2img,test,blackbox_matched_weight,96,1700000944,3,1701300956,125,9.403876427412298,3.784274712381439,1.0,0.078125,96.0,0.0,327.22873445359045,0.0,0.2468244218749999,0.3806011499999999,5.885345598073498,825
gentd26,txt2img,test,dap,96,1700000944,4,1701400959,459,7.456757459892851,5.940673691645675,1.0,0.0,16.0,0.0,0.6999415207004782,0.0,1.683124671875,1.8551379,5.885345598073498,825
gentd26,txt2img,test,no_budget_horizon,96,1700000944,4,1701400959,459,7.456757459892851,5.940673691645675,1.0,0.0,96.0,0.0,0.6999415207004782,0.0,0.53268884375,0.8264515499999999,5.885345598073498,825
gentd26,txt2img,test,blackbox_matched_weight,96,1700000944,4,1701400959,459,7.456757459892851,5.940673691645675,1.0,0.0,6.0,0.0,0.6999415207004782,0.0,0.645187328125,1.36367845,5.885345598073498,825
gentd26,image_conditioned,test,dap,96,1700000945,0,1700000945,503,-3.12,-2.573572864063435,1.0,0.0,10.0,0.0,0.0,0.0,0.808804125,0.99886115,9.100826972010177,826
gentd26,image_conditioned,test,no_budget_horizon,96,1700000945,0,1700000945,503,-3.12,-2.573572864063435,1.0,0.0,2.0,0.0,0.0,0.0,0.8112645,0.9772662,9.100826972010177,826
gentd26,image_conditioned,test,blackbox_matched_weight,96,1700000945,0,1700000945,503,-3.12,-2.573572864063435,1.0,0.0,5.0,0.0,0.0,0.0,0.382308296875,0.4436589999999999,9.100826972010177,826
gentd26,image_conditioned,test,dap,96,1700000945,1,1700100948,369,8.41832430504182,6.403125269852145,1.0,0.0,63.0,0.0,157.0523536895675,0.0,0.75429490625,0.8049140499999999,9.100826972010177,826
gentd26,image_conditioned,test,no_budget_horizon,96,1700000945,1,1700100948,369,8.41832430504182,6.403125269852145,1.0,0.0,67.0,0.0,157.0523536895675,0.0,0.72392765625,0.7771264999999999,9.100826972010177,826
gentd26,image_conditioned,test,blackbox_matched_weight,96,1700000945,1,1700100948,369,8.41832430504182,6.403125269852145,1.0,0.0,74.0,0.0,157.0523536895675,0.0,0.3538249375,0.3678575999999999,9.100826972010177,826
gentd26,image_conditioned,test,dap,96,1700000945,2,1700200951,532,-1.1199999999999997,-1.0930157039862056,1.0,0.0,10.0,0.0,0.0,0.0,0.7217516093749999,0.76594265,9.100826972010177,826
gentd26,image_conditioned,test,no_budget_horizon,96,1700000945,2,1700200951,532,-1.1199999999999997,-1.0930157039862056,1.0,0.0,10.0,0.0,0.0,0.0,0.747466390625,0.8251831499999999,9.100826972010177,826
gentd26,image_conditioned,test,blackbox_matched_weight,96,1700000945,2,1700200951,532,-1.1199999999999997,-1.0930157039862056,1.0,0.0,10.0,0.0,0.0,0.0,0.362271890625,0.3902809,9.100826972010177,826
gentd26,image_conditioned,test,dap,96,1700000945,3,1700300954,499,-3.12,-2.6217109547556694,1.0,0.0,6.0,0.0,0.0,0.0,0.760240703125,0.8229381499999999,9.100826972010177,826
gentd26,image_conditioned,test,no_budget_horizon,96,1700000945,3,1700300954,499,-3.12,-2.6217109547556694,1.0,0.0,2.0,0.0,0.0,0.0,0.7457109375,0.8122309499999998,9.100826972010177,826
gentd26,image_conditioned,test,blackbox_matched_weight,96,1700000945,3,1700300954,499,-3.12,-2.6217109547556694,1.0,0.0,6.0,0.0,0.0,0.0,0.35936721875,0.3800713,9.100826972010177,826
gentd26,image_conditioned,test,dap,96,1700000945,4,1700400957,406,3.1531603053435124,2.644823440660642,1.0,0.0,19.0,0.0,12.170992366412214,0.0,0.751997625,0.80838585,9.100826972010177,826
gentd26,image_conditioned,test,no_budget_horizon,96,1700000945,4,1700400957,406,3.1531603053435124,2.644823440660642,1.0,0.0,19.0,0.0,12.170992366412214,0.0,0.7556823749999999,0.79891685,9.100826972010177,826
gentd26,image_conditioned,test,blackbox_matched_weight,96,1700000945,4,1700400957,406,3.1531603053435124,2.644823440660642,1.0,0.0,25.0,0.0,12.170992366412214,0.0,0.3656286562499999,0.4280213499999997,9.100826972010177,826
gentd26,txt2img,test,dap,96,1700000945,0,1701000948,537,32.623054528537935,23.97851598352993,1.0,0.0,13.0,0.0,17.380398395200697,0.0,0.83041084375,1.0304236499999997,5.885345598073498,826
gentd26,txt2img,test,no_budget_horizon,96,1700000945,0,1701000948,537,33.78300875437137,24.67885753845569,1.0,0.0,31.0,0.0,10.822346087390072,0.0,0.775035171875,0.8839941499999998,5.885345598073498,826
gentd26,txt2img,test,blackbox_matched_weight,96,1700000945,0,1701000948,537,34.21495784128838,25.093864804179777,1.0,0.0,13.0,0.0,8.72252152528864,0.0,0.356080296875,0.3800957,5.885345598073498,826
gentd26,txt2img,test,dap,96,1700000945,1,1701100951,280,18.32492278936052,16.160832261792066,1.0,0.0,10.0,0.0,13.509882636952272,0.0,0.749461203125,0.8055068,5.885345598073498,826
gentd26,txt2img,test,no_budget_horizon,96,1700000945,1,1701100951,280,18.804205942198177,16.530286065160134,1.0,0.0,48.0,0.0,10.909960609351636,0.0,0.755213359375,0.8565166,5.885345598073498,826
gentd26,txt2img,test,blackbox_matched_weight,96,1700000945,1,1701100951,280,19.42309991154518,17.099825028324197,1.0,0.0,20.0,0.0,1.0520447532398975,0.0,0.3586484375,0.38299985,5.885345598073498,826
gentd26,txt2img,test,dap,96,1700000945,2,1701200954,216,-540.6666403648392,-305.7614086118747,0.5708283467464472,0.375,96.0,0.0,7417.068502996238,498.7999610138003,0.61321534375,0.79673145,5.885345598073498,826
gentd26,txt2img,test,no_budget_horizon,96,1700000945,2,1701200954,216,-587.042896926728,-334.189833841575,0.5396004722429519,0.375,96.0,0.0,8000.820526068377,498.7999610138003,0.6368484062499999,1.0009513,5.885345598073498,826
gentd26,txt2img,test,blackbox_matched_weight,96,1700000945,2,1701200954,216,-547.8687458153199,-310.3130462648986,0.5671107426388883,0.375,96.0,0.0,7490.046788412349,498.7999610138003,0.2978714062499999,0.40327555,5.885345598073498,826
gentd26,txt2img,test,dap,96,1700000945,3,1701300957,257,-452.1136836584986,-329.1078222372114,0.9851813938573356,0.9375,96.0,0.0,5510.932645372788,15.011294063356807,0.478407296875,0.8819985999999999,5.885345598073498,826
gentd26,txt2img,test,no_budget_horizon,96,1700000945,3,1701300957,257,-452.1136836584986,-329.1078222372114,0.9851813938573356,0.9375,96.0,0.0,5510.932645372788,15.011294063356807,0.436064125,0.80701625,5.885345598073498,826
gentd26,txt2img,test,blackbox_matched_weight,96,1700000945,3,1701300957,257,-452.1136836584986,-329.1078222372114,0.9851813938573356,0.9375,96.0,0.0,5510.932645372788,15.011294063356807,0.209049484375,0.3786562999999999,5.885345598073498,826
gentd26,txt2img,test,dap,96,1700000945,4,1701400960,479,10.45675745989285,5.669091760230703,1.0,0.0,1.0,0.0,0.6999415207004782,0.0,0.76475225,0.8037993,5.885345598073498,826
gentd26,txt2img,test,no_budget_horizon,96,1700000945,4,1701400960,479,10.45675745989285,5.669091760230703,1.0,0.0,49.0,0.0,0.6999415207004782,0.0,0.763005609375,0.8364150499999999,5.885345598073498,826
gentd26,txt2img,test,blackbox_matched_weight,96,1700000945,4,1701400960,479,10.45675745989285,5.669091760230703,1.0,0.0,2.0,0.0,0.6999415207004782,0.0,0.36741084375,0.39342685,5.885345598073498,826
gentd26,image_conditioned,test,dap,96,1700000946,0,1700000946,118,-151.46483104760313,-85.42971177071753,0.939345822615686,0.34375,96.0,0.0,1967.0650127226456,76.60909669211193,1.381125125,1.78944965,9.100826972010177,827
gentd26,image_conditioned,test,no_budget_horizon,96,1700000946,0,1700000946,118,-527.4411822556712,-313.40598761780086,0.786920280044869,0.5,96.0,0.0,6750.725190839693,269.12977099236633,1.10067375,1.78943855,9.100826972010177,827
gentd26,image_conditioned,test,blackbox_matched_weight,96,1700000946,0,1700000946,118,-370.4870647968401,-214.69204275506365,0.8402579004370867,0.40625,96.0,0.0,4798.323218829516,201.76183206106867,0.961028984375,1.4196877,9.100826972010177,827
gentd26,image_conditioned,test,dap,96,1700000946,1,1700100949,195,2.7156285299062546,2.3783584634472072,0.9299238745261472,0.015625,67.0,0.0,250.00343511450384,60.584287531806616,1.862454203125,1.95891425,9.100826972010177,827
gentd26,image_conditioned,test,no_budget_horizon,96,1700000946,1,1700100949,195,-204.757755737541,-114.97197754386416,0.5319401032469214,0.328125,96.0,0.0,2354.965012722646,404.6610050890585,1.3953376562500002,1.86328585,9.100826972010177,827
gentd26,image_conditioned,test,blackbox_matched_weight,96,1700000946,1,1700100949,195,2.5634684666761585,2.2957398092689685,0.9299238745261472,0.015625,72.0,0.0,238.5122773536896,60.584287531806616,1.385792546875,1.4344491499999998,9.100826972010177,827
gentd26,image_conditioned,test,dap,96,1700000946,2,1700200952,470,-5.12,-3.795228099795501,0.0,0.0,0.0,0.0,0.0,0.0,1.7976174374999998,1.87570645,9.100826972010177,827
gentd26,image_conditioned,test,no_budget_horizon,96,1700000946,2,1700200952,470,-5.12,-3.795228099795501,0.0,0.0,96.0,0.0,0.0,0.0,1.4953198125,1.8555042,9.100826972010177,827
gentd26,image_conditioned,test,blackbox_matched_weight,96,1700000946,2,1700200952,470,-5.12,-3.795228099795501,0.0,0.0,2.0,0.0,0.0,0.0,1.4056444062500002,1.46463,9.100826972010177,827
gentd26,image_conditioned,test,dap,96,1700000946,3,1700300955,235,-752.9504889828663,-458.95026894699686,0.7759748805598422,0.578125,96.0,0.0,10045.920292620864,369.6845419847329,1.29963446875,1.8701103,9.100826972010177,827
gentd26,image_conditioned,test,no_budget_horizon,96,1700000946,3,1700300955,235,-1114.6733883403049,-686.9307707344567,0.6314816253976712,0.578125,96.0,0.0,14846.829643765905,470.0,1.192738265625,1.90260425,9.100826972010177,827
gentd26,image_conditioned,test,blackbox_matched_weight,96,1700000946,3,1700300955,235,-931.4435426534742,-565.3197603608155,0.7230307870653062,0.546875,96.0,0.0,12486.981424936388,457.05248091603056,0.95329940625,1.4966529999999998,9.100826972010177,827
gentd26,image_conditioned,test,dap,96,1700000946,4,1700400958,490,-4.12,-3.208191317858016,1.0,0.0,1.0,0.0,0.0,0.0,1.8150775,1.88923865,9.100826972010177,827
gentd26,image_conditioned,test,no_budget_horizon,96,1700000946,4,1700400958,490,-5.684556489699983,-4.141501085879749,1.0,0.015625,96.0,0.0,9.341984732824423,0.0,1.536635671875,1.89822895,9.100826972010177,827
gentd26,image_conditioned,test,blackbox_matched_weight,96,1700000946,4,1700400958,490,-4.12,-3.208191317858016,1.0,0.0,3.0,0.0,0.0,0.0,1.44380503125,1.9065998499999983,9.100826972010177,827
gentd26,txt2img,test,dap,96,1700000946,0,1701000949,67,-351.9698669139017,-197.99667287211247,0.6189734096131829,0.3125,96.0,0.0,4812.8430462344495,500.0,1.0512889843750002,1.81741485,5.885345598073498,827
gentd26,txt2img,test,no_budget_horizon,96,1700000946,0,1701000949,67,-873.4957963931231,-529.5853762593736,0.3847540639967937,0.59375,96.0,0.0,11255.277725287851,500.0,0.5322818125,1.1078029499999995,5.885345598073498,827
gentd26,txt2img,test,blackbox_matched_weight,96,1700000946,0,1701000949,67,-396.43599671624304,-226.86463345979757,0.6009009422619173,0.390625,96.0,0.0,5308.003211388744,500.0,0.30553075,0.4298348499999999,5.885345598073498,827
gentd26,txt2img,test,dap,96,1700000946,1,1701100952,442,12.33357339908522,11.151642929220891,1.0,0.0,2.0,0.0,1.3998830414009564,0.0,0.756476859375,0.8287141499999999,5.885345598073498,827
gentd26,txt2img,test,no_budget_horizon,96,1700000946,1,1701100952,442,12.33357339908522,11.151642929220891,1.0,0.0,96.0,0.0,1.3998830414009564,0.0,0.534718953125,0.8201968999999998,5.885345598073498,827
gentd26,txt2img,test,blackbox_matched_weight,96,1700000946,1,1701100952,442,12.33357339908522,11.151642929220891,1.0,0.0,7.0,0.0,1.3998830414009564,0.0,0.35222175,0.36695605,5.885345598073498,827
gentd26,txt2img,test,dap,96,1700000946,2,1701200955,39,-12.82975958286826,-8.164052856221499,1.0,0.0625,63.0,0.0,365.27832035782353,0.0,0.738417921875,0.7853604499999999,5.885345598073498,827
gentd26,txt2img,test,no_budget_horizon,96,1700000946,2,1701200955,39,-424.60730216853,-242.29925644211323,0.2104356509660981,0.328125,96.0,0.0,5290.68386965879,426.0445516785946,0.4935263125,0.91535905,5.885345598073498,827
gentd26,txt2img,test,blackbox_matched_weight,96,1700000946,2,1701200955,39,-28.768128926466403,-17.486670107736863,1.0,0.125,68.0,0.0,512.3584653427262,0.0,0.383514015625,0.5029951,5.885345598073498,827
gentd26,txt2img,test,dap,96,1700000946,3,1701300958,70,-465.9412607146242,-265.0625063512693,0.5982554680798291,0.359375,96.0,0.0,6312.84304623445,500.0,0.5883384374999999,0.7612504999999999,5.885345598073498,827
gentd26,txt2img,test,no_budget_horizon,96,1700000946,3,1701300958,70,-824.4608386173404,-494.4929936707675,0.4325720888965209,0.625,96.0,0.0,10578.741273025393,500.0,0.457953859375,0.8240661499999999,5.885345598073498,827
gentd26,txt2img,test,blackbox_matched_weight,96,1700000946,3,1701300958,70,-510.4073905169655,-294.81411960417915,0.5810818876534838,0.4375,96.0,0.0,6808.003211388743,500.0,0.274675640625,0.36249475,5.885345598073498,827
gentd26,txt2img,test,dap,96,1700000946,4,1701400961,356,33.12241312775683,21.87652491328606,1.0,0.0,13.0,0.0,28.485938115375266,0.0,0.738580875,0.78794165,5.885345598073498,827
gentd26,txt2img,test,no_budget_horizon,96,1700000946,4,1701400961,356,7.901203168345668,8.516144191922862,0.8580190195161856,0.09375,96.0,0.0,158.4600442838142,34.7991812898067,0.548787015625,0.7850709,5.885345598073498,827
gentd26,txt2img,test,blackbox_matched_weight,96,1700000946,4,1701400961,356,36.2196369943996,24.056981378130047,1.0000000000000002,0.0,20.0,0.0,15.401333255095702,0.0,0.363176546875,0.4239116999999998,5.885345598073498,827
gentd26,image_conditioned,test,dap,96,1700000947,0,1700000947,352,9.068890303961718,5.3337301990667925,1.0,0.0,65.0,0.0,134.29007633587787,0.0,0.5733382812500001,0.8136738499999999,9.100826972010177,828
gentd26,image_conditioned,test,no_budget_horizon,96,1700000947,0,1700000947,352,9.068890303961718,5.3337301990667925,1.0,0.0,65.0,0.0,134.29007633587787,0.0,0.631870015625,0.8247523,9.100826972010177,828
gentd26,image_conditioned,test,blackbox_matched_weight,96,1700000947,0,1700000947,352,-364.2063436872825,-207.8839916293431,0.4862190679246551,0.3125,96.0,0.0,4588.654961832061,373.787786259542,0.190572515625,0.3048395999999999,9.100826972010177,828
gentd26,image_conditioned,test,dap,96,1700000947,1,1700100950,37,-93.19633478626788,-53.10255361281559,0.8497960326602304,0.203125,68.0,0.0,1595.603053435114,144.1343511450381,0.586925390625,0.7363284,9.100826972010177,828
gentd26,image_conditioned,test,no_budget_horizon,96,1700000947,1,1700100950,37,-93.19633478626788,-53.10255361281559,0.8497960326602304,0.203125,68.0,0.0,1595.603053435114,144.1343511450381,0.53337015625,0.5739517,9.100826972010177,828
gentd26,image_conditioned,test,blackbox_matched_weight,96,1700000947,1,1700100950,37,-426.1500917280763,-239.8245018480204,0.18780792651236,0.234375,96.0,0.0,5486.565458015268,500.0,0.218421765625,0.36064075,9.100826972010177,828
gentd26,image_conditioned,test,dap,96,1700000947,2,1700200953,483,-4.12,-3.24807145740474,1.0,0.0,1.0,0.0,0.0,0.0,0.59542253125,0.8296846999999999,9.100826972010177,828
gentd26,image_conditioned,test,no_budget_horizon,96,1700000947,2,1700200953,483,-4.12,-3.24807145740474,1.0,0.0,1.0,0.0,0.0,0.0,0.614156828125,0.8337971,9.100826972010177,828
gentd26,image_conditioned,test,blackbox_matched_weight,96,1700000947,2,1700200953,483,-5.684556489699983,-4.1179771510409084,1.0,0.015625,96.0,0.0,9.341984732824423,0.0,0.22097675,0.3839826499999996,9.100826972010177,828
gentd26,image_conditioned,test,dap,96,1700000947,3,1700300956,408,3.1531603053435124,2.775582573050273,1.0,0.0,19.0,0.0,12.170992366412214,0.0,0.55999403125,0.64055475,9.100826972010177,828
gentd26,image_conditioned,test,no_budget_horizon,96,1700000947,3,1700300956,408,3.1531603053435124,2.775582573050273,1.0,0.0,19.0,0.0,12.170992366412214,0.0,0.5719281406250001,0.6746079999999999,9.100826972010177,828
gentd26,image_conditioned,test,blackbox_matched_weight,96,1700000947,3,1700300956,408,3.1531603053435124,2.775582573050273,1.0,0.0,96.0,0.0,12.170992366412214,0.0,0.2056958281249999,0.24433295,9.100826972010177,828
gentd26,image_conditioned,test,dap,96,1700000947,4,1700400959,43,-107.77720601187802,-64.27545617690595,0.9999999999999998,0.234375,88.0,0.0,1904.3786259541976,0.0,0.5668389687500001,0.66333175,9.100826972010177,828
gentd26,image_conditioned,test,no_budget_horizon,96,1700000947,4,1700400959,43,-107.77720601187802,-64.27545617690595,0.9999999999999998,0.234375,88.0,0.0,1904.3786259541976,0.0,0.560796765625,0.61791525,9.100826972010177,828
gentd26,image_conditioned,test,blackbox_matched_weight,96,1700000947,4,1700400959,43,-584.4939697848304,-335.42430131993024,0.2901603525213247,0.296875,96.0,0.0,7667.57003816794,495.0,0.20371325,0.3340931999999998,9.100826972010177,828
gentd26,txt2img,test,dap,96,1700000947,0,1701000950,97,-978.06783439346,-594.8805066393477,0.6102781002350478,0.625,96.0,0.0,12999.0296606742,494.9497953224516,0.7383205156250001,1.22758285,5.885345598073498,828
gentd26,txt2img,test,no_budget_horizon,96,1700000947,0,1701000950,97,-978.06783439346,-594.8805066393477,0.6102781002350478,0.625,96.0,0.0,12999.0296606742,494.9497953224516,0.741055921875,1.12226875,5.885345598073498,828
gentd26,txt2img,test,blackbox_matched_weight,96,1700000947,0,1701000950,97,-1066.8079515803065,-655.1233377806132,0.572426255035518,0.625,96.0,0.0,14145.860154247444,494.9497953224516,0.524389484375,0.8861934499999999,5.885345598073498,828
gentd26,txt2img,test,dap,96,1700000947,1,1701100953,316,1.7299707603502397,0.7010139478332233,1.0,0.0,1.0,0.0,0.0,0.0,1.091391578125,1.12765435,5.885345598073498,828
gentd26,txt2img,test,no_budget_horizon,96,1700000947,1,1701100953,316,1.7299707603502397,0.7010139478332233,1.0,0.0,1.0,0.0,0.0,0.0,1.079641609375,1.10694245,5.885345598073498,828
gentd26,txt2img,test,blackbox_matched_weight,96,1700000947,1,1701100953,316,1.5567769529926925,0.6090643955016011,0.9566595231057248,0.0,96.0,0.0,0.6999415207004782,0.6999415207004782,0.7276066875,0.8718365,5.885345598073498,828
gentd26,txt2img,test,dap,96,1700000947,2,1701200956,590,7.679961013800318,7.522363618571832,1.0,0.0,1.0,0.0,0.0,0.0,1.1074615,1.1348671,5.885345598073498,828
gentd26,txt2img,test,no_budget_horizon,96,1700000947,2,1701200956,590,7.679961013800318,7.522363618571832,1.0,0.0,1.0,0.0,0.0,0.0,1.119063984375,1.13634185,5.885345598073498,828
gentd26,txt2img,test,blackbox_matched_weight,96,1700000947,2,1701200956,590,7.679961013800318,7.522363618571832,1.0,0.0,96.0,0.0,0.0,0.0,0.24652653125,0.2697604,5.885345598073498,828
gentd26,txt2img,test,dap,96,1700000947,3,1701300959,509,25.3799025345008,18.550968195462204,1.0,0.0,5.0,0.0,0.0,0.0,0.5634384375,0.65841845,5.885345598073498,828
gentd26,txt2img,test,no_budget_horizon,96,1700000947,3,1701300959,509,25.3799025345008,18.550968195462204,1.0,0.0,5.0,0.0,0.0,0.0,0.7818196562499999,1.29015855,5.885345598073498,828
gentd26,txt2img,test,blackbox_matched_weight,96,1700000947,3,1701300959,509,25.3799025345008,18.550968195462204,1.0,0.0,96.0,0.0,0.0,0.0,0.354932125,1.0122211,5.885345598073498,828
gentd26,txt2img,test,dap,96,1700000947,4,1701400962,178,8.343234741657819,4.541381049472212,1.0,0.0,61.0,0.0,98.95573475062758,0.0,0.5933,0.7598412999999996,5.885345598073498,828
gentd26,txt2img,test,no_budget_horizon,96,1700000947,4,1701400962,178,8.343234741657819,4.541381049472212,1.0,0.0,61.0,0.0,98.95573475062758,0.0,0.541026828125,0.5608658999999999,5.885345598073498,828
gentd26,txt2img,test,blackbox_matched_weight,96,1700000947,4,1701400962,178,-265.14684640868484,-148.56435369588007,0.2264474924874118,0.25,96.0,0.0,3235.006027777004,363.7997523249168,0.206295453125,0.2627626999999999,5.885345598073498,828
gentd26,image_conditioned,test,dap,96,1700000948,0,1700000948,468,-5.12,-3.795228099795501,0.0,0.0,0.0,0.0,0.0,0.0,0.785644296875,0.9508155499999996,9.100826972010177,829
gentd26,image_conditioned,test,no_budget_horizon,96,1700000948,0,1700000948,468,-5.12,-3.795228099795501,0.0,0.0,0.0,0.0,0.0,0.0,0.8104395625,1.01497465,9.100826972010177,829
gentd26,image_conditioned,test,blackbox_matched_weight,96,1700000948,0,1700000948,468,-5.12,-3.795228099795501,0.0,0.0,4.0,0.0,0.0,0.0,0.538211,0.5582952999999999,9.100826972010177,829
gentd26,image_conditioned,test,dap,96,1700000948,1,1700100951,104,-635.6686292356142,-380.95625978124696,0.7329511569218475,0.5,96.0,0.0,8468.086450381677,462.59382951653936,0.82725475,1.396564249999999,9.100826972010177,829
gentd26,image_conditioned,test,no_budget_horizon,96,1700000948,1,1700100951,104,-988.18642828623,-609.325442782967,0.6346127631571215,0.625,96.0,0.0,13068.104452926207,480.0,0.45935475,0.7593704499999999,9.100826972010177,829
gentd26,image_conditioned,test,blackbox_matched_weight,96,1700000948,1,1700100951,104,-832.4572740038469,-507.22486155840966,0.6797952545051794,0.59375,96.0,0.0,10974.40737913486,480.0,0.2539479999999999,0.5333741999999998,9.100826972010177,829
gentd26,image_conditioned,test,dap,96,1700000948,2,1700200954,239,-631.518776256008,-390.9623990885828,0.8326106495592043,0.609375,96.0,0.0,8281.16736641221,259.926272264631,0.502636921875,0.7674954999999999,9.100826972010177,829
gentd26,image_conditioned,test,no_budget_horizon,96,1700000948,2,1700200954,239,-631.518776256008,-390.9623990885828,0.8326106495592043,0.609375,96.0,0.0,8281.16736641221,259.926272264631,0.586528515625,1.12117345,9.100826972010177,829
gentd26,image_conditioned,test,blackbox_matched_weight,96,1700000948,2,1700200954,239,-706.522246938858,-437.22619614587,0.8103395274145446,0.609375,96.0,0.0,9318.66164122137,294.50941475826966,0.262050421875,0.5537749,9.100826972010177,829
gentd26,image_conditioned,test,dap,96,1700000948,3,1700300957,463,-5.12,-3.795228099795501,0.0,0.0,0.0,0.0,0.0,0.0,0.766005375,0.8913638499999996,9.100826972010177,829
gentd26,image_conditioned,test,no_budget_horizon,96,1700000948,3,1700300957,463,-5.12,-3.795228099795501,0.0,0.0,0.0,0.0,0.0,0.0,0.8375436562499999,1.0148420499999995,9.100826972010177,829
gentd26,image_conditioned,test,blackbox_matched_weight,96,1700000948,3,1700300957,463,-5.12,-3.795228099795501,0.0,0.0,4.0,0.0,0.0,0.0,0.3753425,0.4330358499999999,9.100826972010177,829
gentd26,image_conditioned,test,dap,96,1700000948,4,1700400960,440,-2.12,-1.23920746025111,1.0,0.0,6.0,0.0,0.0,0.0,0.7666704531249999,0.88169385,9.100826972010177,829
gentd26,image_conditioned,test,no_budget_horizon,96,1700000948,4,1700400960,440,-2.12,-1.23920746025111,1.0,0.0,6.0,0.0,0.0,0.0,0.753587578125,0.8312685999999999,9.100826972010177,829
gentd26,image_conditioned,test,blackbox_matched_weight,96,1700000948,4,1700400960,440,-2.12,-1.23920746025111,1.0,0.0,11.0,0.0,0.0,0.0,0.35764653125,0.3859192999999999,9.100826972010177,829
gentd26,txt2img,test,dap,96,1700000948,0,1701000951,95,-895.093962247969,-539.3042627334636,0.6254030576855367,0.59375,96.0,0.0,11922.25732433336,495.4498927879508,0.509385796875,0.8319906999999996,5.885345598073498,829
gentd26,txt2img,test,no_budget_horizon,96,1700000948,0,1701000951,95,-925.9164362186024,-558.9911028750395,0.6108372040776107,0.59375,96.0,0.0,12348.118405663346,495.4498927879508,0.508219828125,0.8427515,5.885345598073498,829
gentd26,txt2img,test,blackbox_matched_weight,96,1700000948,0,1701000951,95,-957.4384650436,-579.9879837667701,0.5985712220919888,0.59375,96.0,0.0,12708.087272232411,495.4498927879508,0.233862265625,0.36789285,5.885345598073498,829
gentd26,txt2img,test,dap,96,1700000948,1,1701100954,117,-652.2787417479395,-436.017342813145,0.8662085550977204,0.828125,96.0,0.0,8223.260611473348,151.91314166444548,0.4579445,0.77362045,5.885345598073498,829
gentd26,txt2img,test,no_budget_horizon,96,1700000948,1,1701100954,117,-687.3169853962539,-457.98979274110434,0.8548053312428641,0.84375,96.0,0.0,8655.289896872222,164.86090198020716,0.454295625,0.7985619999999999,5.885345598073498,829
gentd26,txt2img,test,blackbox_matched_weight,96,1700000948,1,1701100954,117,-769.412194398874,-511.73941430485695,0.8305989489063879,0.859375,96.0,0.0,9747.13393350864,192.3459746748829,0.2273979375,0.57098605,5.885345598073498,829
gentd26,txt2img,test,dap,96,1700000948,2,1701200957,577,15.860003709895793,13.82061289276778,1.0,0.0,5.0,0.0,10.372453299439195,0.0,0.7309156718750001,0.7666937,5.885345598073498,829
gentd26,txt2img,test,no_budget_horizon,96,1700000948,2,1701200957,577,15.860003709895793,13.82061289276778,1.0,0.0,5.0,0.0,10.372453299439195,0.0,0.740017796875,0.7896110499999999,5.885345598073498,829
gentd26,txt2img,test,blackbox_matched_weight,96,1700000948,2,1701200957,577,16.389296609283374,14.30901510747604,1.0,0.0,8.0,0.0,7.772531271838558,0.0,0.371506828125,0.4482730999999996,5.885345598073498,829
gentd26,txt2img,test,dap,96,1700000948,3,1701300960,291,9.5669487031684,9.160327127380995,1.0000000000000002,0.0,3.0,0.0,5.46433276577913,0.0,0.81260971875,0.9648147,5.885345598073498,829
gentd26,txt2img,test,no_budget_horizon,96,1700000948,3,1701300960,291,9.5669487031684,9.160327127380995,1.0000000000000002,0.0,2.0,0.0,5.46433276577913,0.0,0.7793545625,0.9042077499999998,5.885345598073498,829
gentd26,txt2img,test,blackbox_matched_weight,96,1700000948,3,1701300960,291,10.782269727496152,10.279172444340483,1.0,0.0,8.0,0.0,4.499902534500798,0.0,0.365215234375,0.38974145,5.885345598073498,829
gentd26,txt2img,test,dap,96,1700000948,4,1701400963,254,-857.3776647328731,-596.916992071875,0.8657833051437859,0.96875,96.0,0.0,11254.022723384966,154.71211078445816,0.451171171875,0.92719325,5.885345598073498,829
gentd26,txt2img,test,no_budget_horizon,96,1700000948,4,1701400963,254,-857.3776647328731,-596.916992071875,0.8657833051437859,0.96875,96.0,0.0,11254.022723384966,154.71211078445816,0.4345650937499999,0.8508046499999996,5.885345598073498,829
gentd26,txt2img,test,blackbox_matched_weight,96,1700000948,4,1701400963,254,-857.3776647328731,-596.916992071875,0.8657833051437859,0.96875,96.0,0.0,11254.022723384966,154.71211078445816,0.20339540625,0.3820312999999999,5.885345598073498,829
