run_directory,run_id,matrix_row_id,run_status,method,profile,budget_seconds,seed,plan_sha256,total_requests,completed_requests,failed_requests,timeout_requests,completion_rate,throughput_rps,mean_latency_seconds,p95_latency_seconds,p99_latency_seconds,slo_seconds,slo_violation_rate,timeout_rate,failure_rate,queue_area,final_queue,ready_replica_seconds,requested_replica_seconds,estimated_cpu_seconds,mean_replicas,peak_replicas,final_ready_replicas,scaling_count,unused_budget_seconds,budget_violation_seconds,controller_deadline_misses,monitor_samples,monitor_failures,metric_missing_rate,controller_inference_seconds,controller_state_collection_seconds,controller_api_seconds,controller_loop_seconds,budget,request_plan_seed,failure_or_slo_rate,on_time_success_ratio,mask_binding_fraction,maximum_sample_gap_seconds,budget_utilization,request_dispatch_p95_lag_seconds
live_runs/azure_http__b128__s2026100201__dap,azure_http__b128__s2026100201__dap,,completed,dap,azure_http,128.0,2026100201,sha256:7918402a7187ebc1b7d541032e8a2ddac20f607bc48e451b5cd036f94bfe0f66,35785,29836,5949,1456,0.8337571608215733,186.4659150473165,1.2199995851577512,2.013382205250309,2.111095015302999,0.25,0.693866145032835,0.0406874388710353,0.1662428391784267,30105.503383874893,0.0,68.3900393189906,109.37274633098424,184.5600000000001,1.4274169212272938,5.0,5.0,31,59.6099606810094,0.0,0,161,0,0.0,0.0011060884694416,0.1946696230618272,0.0435573863128411,0.2794539034996433,128,2026100201,0.8183317032276093,0.1816682967723907,0.0,0.5072009659998002,0.5342971821796141,0.0010751314305736
live_runs/azure_http__b128__s2026100201__dap_guard45,azure_http__b128__s2026100201__dap_guard45,,completed,dap_guard45,azure_http,128.0,2026100201,sha256:7918402a7187ebc1b7d541032e8a2ddac20f607bc48e451b5cd036f94bfe0f66,35785,30478,5307,746,0.8516976386754227,179.31740800189078,1.204584111659235,2.017639826896993,2.150159641637583,0.25,0.678636300125751,0.0208467234874947,0.1483023613245773,30456.04109978676,0.0,63.813552034022,95.06391923499176,188.91999999999996,1.375447232303124,3.0,1.0,30,64.186447965978,0.0,0,170,0,0.0,0.0010438796866765,0.1942558208122591,0.0469543766250808,0.2806128545635147,128,2026100201,0.8058124912672907,0.1941875087327093,1.0,0.480641583999386,0.4985433752657968,0.0010880404674466
live_runs/azure_http__b128__s2026100201__immediate,azure_http__b128__s2026100201__immediate,,completed,immediate,azure_http,128.0,2026100201,sha256:7918402a7187ebc1b7d541032e8a2ddac20f607bc48e451b5cd036f94bfe0f66,35785,28226,7559,3577,0.7887662428391784,165.64008189140264,1.4535119612464271,3.983120630000485,5.839514199997211,0.25,0.757663825625262,0.0999580829956685,0.2112337571608215,22178.68412137032,0.0,120.38713410898345,166.1254128440196,180.28,1.706473986837784,5.0,1.0,17,7.612865891016554,0.0,0,171,0,0.0,0.0005130633128374,0.2147668800935207,0.0442610174688979,0.3042861403441748,128,2026100201,0.7987424898700572,0.2012575101299427,0.59375,0.5475044640043052,0.9405244852264332,0.001154869550055
live_runs/azure_http__b128__s2026100201__mpc_4,azure_http__b128__s2026100201__mpc_4,,completed,mpc_4,azure_http,128.0,2026100201,sha256:7918402a7187ebc1b7d541032e8a2ddac20f607bc48e451b5cd036f94bfe0f66,35785,28845,6940,3026,0.8060639932932793,170.9515608755967,1.2982049846250352,3.892929395001556,4.788249336237495,0.25,0.7302221601229566,0.0845605700712589,0.1939360067067207,23635.52264285088,0.0,122.14759834796132,167.36385282602714,180.18,1.7239148065449623,5.0,1.0,19,5.85240165203868,0.0,0,169,0,0.0,0.003488876187248,0.2021700789684928,0.0473534279374234,0.2935954231866162,128,2026100201,0.797820315774766,0.202179684225234,0.59375,0.5590698099986184,0.9542781120934478,0.0010875849632974
live_runs/azure_http__b128__s2026100202__dap,azure_http__b128__s2026100202__dap,,completed,dap,azure_http,128.0,2026100202,sha256:e60edc34579553bb4014ef979bdccc7e55de2ba400ecb4ecb195e019615bc58a,36242,34151,2091,1156,0.9423045085812042,200.77847249874523,0.7313078074701556,1.574776061497687,1.6648741380049614,0.25,0.724766845096849,0.0318966944429115,0.0576954914187958,19461.188987135887,0.0,60.09586534501432,99.48435080298076,175.86999999999995,1.353311939546785,5.0,1.0,30,67.90413465498568,0.0,0,171,0,0.0,0.0011353204067745,0.1781589481558967,0.0486905452810333,0.2713742387497859,128,2026100202,0.7505656420727332,0.2494343579272667,0.0,0.4493174780000117,0.4694989480079243,0.0010601796323278
live_runs/azure_http__b128__s2026100202__dap_guard45,azure_http__b128__s2026100202__dap_guard45,,completed,dap_guard45,azure_http,128.0,2026100202,sha256:e60edc34579553bb4014ef979bdccc7e55de2ba400ecb4ecb195e019615bc58a,36242,35082,1160,725,0.9679929363721648,208.56382456497283,0.5406954615603486,1.4737372341987791,1.622633484559192,0.25,0.6017327962033,0.0200044147673969,0.0320070636278351,13865.502209424973,0.0,54.932075629985775,79.09740094301378,175.44999999999993,1.3265732793079692,3.0,1.0,29,73.06792437001423,0.0,0,169,0,0.0,0.0008280659064894,0.1708125190311875,0.0443204504065306,0.2535623213129838,128,2026100202,0.6137354450637382,0.3862645549362618,1.0,0.4988802000007126,0.4291568408592638,0.0010514856450894
live_runs/azure_http__b128__s2026100202__immediate,azure_http__b128__s2026100202__immediate,,completed,immediate,azure_http,128.0,2026100202,sha256:e60edc34579553bb4014ef979bdccc7e55de2ba400ecb4ecb195e019615bc58a,36242,31648,4594,4213,0.8732409911152806,190.6183363760861,0.4694986811160688,1.5164938224010254,2.036982049282523,0.25,0.5441752662656586,0.1162463440207494,0.1267590088847194,8262.030750155449,0.0,119.8881743190068,190.65357169801428,164.4899999999999,1.7220956881905738,5.0,1.0,23,8.111825680993206,0.0,0,167,0,0.0,0.000494681313512,0.1815043009682995,0.0450014888440364,0.2681920909376458,128,2026100202,0.5546879311296286,0.4453120688703714,0.53125,0.468303408997599,0.9366263618672406,0.0010616812571576
live_runs/azure_http__b128__s2026100202__mpc_4__attempt2,azure_http__b128__s2026100202__mpc_4__attempt2,,completed,mpc_4,azure_http,128.0,2026100202,sha256:e60edc34579553bb4014ef979bdccc7e55de2ba400ecb4ecb195e019615bc58a,36242,33238,3004,2788,0.9171127421223996,197.4487875888742,0.1885373359322121,0.7131258816963962,1.1866414571065973,0.25,0.2864632194691242,0.0769273218917278,0.0828872578776005,2758.9871455430984,0.0,99.76510517101268,140.2195923340114,156.06000000000003,1.5926499506496474,5.0,1.0,31,28.234894828987308,0.0,0,169,0,0.0,0.0040734646872806,0.1678093922182597,0.0462588063746807,0.2600094973759042,128,2026100202,0.292423155454997,0.707576844545003,0.09375,0.6228311650047544,0.7794148841485367,0.0010565037858874
live_runs/azure_http__b128__s2026100203__dap,azure_http__b128__s2026100203__dap,,completed,dap,azure_http,128.0,2026100203,sha256:d2447098a0f068f102e2c3959d764defe2f5cbe58a7ccf0d4af7a6f532f29714,36672,35873,799,603,0.978212260034904,224.2062718797314,0.4119406954708569,1.1922649592015662,1.366040078637306,0.25,0.5496564136125655,0.0164430628272251,0.0217877399650959,9776.988252997398,0.0,49.944526950930594,89.53530776097614,169.67,1.3121533239055814,5.0,5.0,26,78.0554730490694,0.0,0,161,0,0.0,0.0010802550946209,0.1545689642484831,0.042091580124179,0.2339184513102736,128,2026100203,0.5550010907504364,0.4449989092495636,0.0,0.6672000870021293,0.3901916168041452,0.0010455341077303
live_runs/azure_http__b128__s2026100203__dap_guard45,azure_http__b128__s2026100203__dap_guard45,,completed,dap_guard45,azure_http,128.0,2026100203,sha256:d2447098a0f068f102e2c3959d764defe2f5cbe58a7ccf0d4af7a6f532f29714,36672,35660,1012,787,0.9724040139616056,222.87429344530597,0.5113531682381236,1.342795161348476,1.5997774954144548,0.25,0.6419884380453752,0.0214605148342059,0.0275959860383944,12148.911332130432,0.0,49.10830749900197,74.51616781200573,169.85000000000002,1.3069259488540348,3.0,2.0,26,78.89169250099803,0.0,0,161,0,0.0,0.0006255618100112,0.13718294843693,0.0367938078438783,0.2090764393124118,128,2026100203,0.6481239092495636,0.3518760907504363,1.0,0.3395195999910356,0.3836586523359528,0.0010465589247873
live_runs/azure_http__b128__s2026100203__immediate,azure_http__b128__s2026100203__immediate,,completed,immediate,azure_http,128.0,2026100203,sha256:d2447098a0f068f102e2c3959d764defe2f5cbe58a7ccf0d4af7a6f532f29714,36672,32869,3803,3531,0.8962969022687609,195.7208031658047,0.342824840017318,1.2317378953914158,1.5986915070802206,0.25,0.4905650087260035,0.0962859947643979,0.103703097731239,6737.90719306469,0.0,122.00143386409036,181.85569676903836,162.26999999999998,1.726466233328047,5.0,1.0,31,5.998566135909641,0.0,0,168,0,0.0,0.0005487943431035,0.1567393207492387,0.0380802714680612,0.232747503187511,128,2026100203,0.4979821116928447,0.5020178883071553,0.28125,0.3936880830005975,0.953136202063206,0.001065134562933
live_runs/azure_http__b128__s2026100203__mpc_4,azure_http__b128__s2026100203__mpc_4,,completed,mpc_4,azure_http,128.0,2026100203,sha256:d2447098a0f068f102e2c3959d764defe2f5cbe58a7ccf0d4af7a6f532f29714,36672,33371,3301,3152,0.909985820244328,195.60924492153387,0.2256983829664878,0.7882030149994534,1.0002464318051358,0.25,0.3916339441535776,0.0859511343804537,0.0900141797556719,3733.127067923546,0.0,105.22808813804296,155.7677008840401,157.93000000000004,1.6168106099673127,5.0,1.0,31,22.77191186195705,0.0,0,171,0,0.0,0.0048557857498963,0.1454057480636947,0.0383439098759481,0.2215322593433484,128,2026100203,0.3956969895287958,0.6043030104712042,0.15625,0.3480988200026331,0.8220944385784605,0.0010588023510926
live_runs/azure_http__b128__s2026100204__dap,azure_http__b128__s2026100204__dap,,completed,dap,azure_http,128.0,2026100204,sha256:e821b798eb1b7de3399a2889e94188d32bb4475a8750140cbadf33c05e67b8c2,36891,36107,784,745,0.9787482041690384,225.64230229791664,0.2467945765725484,0.8235880640917452,1.2524829633967605,0.25,0.3524978992166111,0.0201946274159008,0.0212517958309614,5096.009394526482,0.0,59.30848321397207,79.08030912699178,160.82999999999993,1.3706345777327942,5.0,2.0,21,68.69151678602793,0.0,0,161,0,0.0,0.000987682030427,0.1409437891852576,0.0398880557809206,0.2164645029033636,128,2026100204,0.3535550676316716,0.6464449323683283,0.0,0.4617610040004365,0.4633475251091568,0.0010361796121216
live_runs/azure_http__b128__s2026100204__dap_guard45,azure_http__b128__s2026100204__dap_guard45,,completed,dap_guard45,azure_http,128.0,2026100204,sha256:e821b798eb1b7de3399a2889e94188d32bb4475a8750140cbadf33c05e67b8c2,36891,36226,665,579,0.9819739231790952,226.3937260894459,0.2218250050229158,0.9052399534957658,1.335721327995998,0.25,0.2449106828223686,0.015694884931284,0.0180260768209048,4334.005012631416,0.0,36.36762232503679,59.48462895200646,159.76999999999995,1.2272787922259922,3.0,2.0,20,91.6323776749632,0.0,0,161,0,0.0,0.0007930452493383,0.1234754164993319,0.0332168510922201,0.1939158965010392,128,2026100204,0.2472418747119893,0.7527581252880107,1.0,0.343059164006263,0.2841220494143499,0.0010413312810122
live_runs/azure_http__b128__s2026100204__immediate,azure_http__b128__s2026100204__immediate,,completed,immediate,azure_http,128.0,2026100204,sha256:e821b798eb1b7de3399a2889e94188d32bb4475a8750140cbadf33c05e67b8c2,36891,34191,2700,2502,0.9268114174188826,200.5166705455196,0.1213791748295095,0.466317386002629,0.8929245695951972,0.25,0.2141172643734244,0.067821419858502,0.0731885825811173,1509.996338844299,0.0,109.75205188294058,156.59872921697388,149.50000000000006,1.643652307013728,5.0,1.0,31,18.247948117059423,0.0,0,171,0,0.0,0.0004834017186112,0.1481372779699086,0.0421476990313749,0.2246241911570905,128,2026100204,0.2194844270960396,0.7805155729039603,0.21875,0.6605025210010353,0.8574379053354733,0.0010434989293628
live_runs/azure_http__b128__s2026100204__mpc_4,azure_http__b128__s2026100204__mpc_4,,completed,mpc_4,azure_http,128.0,2026100204,sha256:e821b798eb1b7de3399a2889e94188d32bb4475a8750140cbadf33c05e67b8c2,36891,34783,2108,1976,0.9428586918218536,206.4889756356044,0.115103339458902,0.4343051164934877,0.7796242766376272,0.25,0.1893957875904692,0.0535631996964029,0.0571413081781464,1405.003653883934,0.0,85.89495403700857,130.43429572005698,154.60000000000002,1.5099146442621172,5.0,1.0,31,42.10504596299143,0.0,0,169,0,0.0,0.0045274575300027,0.1504929976567837,0.0376935411563863,0.2288966880314547,128,2026100204,0.1929738960722127,0.8070261039277873,0.0,0.4613428430020576,0.6710543284141295,0.0010456711636219
live_runs/azure_http__b128__s2026100205__dap,azure_http__b128__s2026100205__dap,,completed,dap,azure_http,128.0,2026100205,sha256:bf16b92323fe8676b08a5dbd6a012b4d808c724a875a5ac2ced39249ec866456,37309,36727,582,551,0.984400546784958,229.53256623084988,0.2490793944889953,0.8140361505953473,1.2042554894430213,0.25,0.3302152295692728,0.0147685545042751,0.0155994532150419,4900.99474132061,0.0,42.742082951052,69.14510943501955,161.27999999999994,1.2671250030170398,5.0,5.0,18,85.257917048948,0.0,0,161,0,0.0,0.0009433050636289,0.139438152844832,0.0365292119372497,0.2092661182477968,128,2026100205,0.3310461282800396,0.6689538717199603,0.0,0.4939705430006142,0.3339225230550937,0.001036664526913
live_runs/azure_http__b128__s2026100205__dap_guard45,azure_http__b128__s2026100205__dap_guard45,,completed,dap_guard45,azure_http,128.0,2026100205,sha256:bf16b92323fe8676b08a5dbd6a012b4d808c724a875a5ac2ced39249ec866456,37309,36326,983,954,0.9736524699134256,227.02664342133508,0.2064407340080196,0.6338131465017796,0.8141653390011925,0.25,0.3237824653568844,0.025570237744244,0.0263475300865742,3305.9965064525604,0.0,44.2936475030001,64.38693246702314,160.22,1.276822059062212,3.0,2.0,22,83.7063524969999,0.0,0,161,0,0.0,0.0007750478116577,0.1265777210314809,0.03477432068712,0.1949983800327572,128,2026100205,0.3245597576992147,0.6754402423007853,1.0,0.344895019006799,0.3460441211171883,0.001034837473017
live_runs/azure_http__b128__s2026100205__immediate,azure_http__b128__s2026100205__immediate,,completed,immediate,azure_http,128.0,2026100205,sha256:bf16b92323fe8676b08a5dbd6a012b4d808c724a875a5ac2ced39249ec866456,37309,34304,3005,2769,0.9194564314240532,205.6940474679093,0.1341048184625712,0.4925091562596206,0.7119706689110904,0.25,0.2381730949636817,0.0742180171004315,0.0805435685759468,1649.004114985466,0.0,106.69499997202364,155.69239851400198,148.63,1.639765811241663,5.0,1.0,31,21.305000027976348,0.0,0,167,0,0.0,0.0005307804058247,0.1485773422482452,0.0426239481867014,0.2255973784999696,128,2026100205,0.2444986464391969,0.7555013535608031,0.09375,0.3763722029980272,0.8335546872814348,0.0010398983532464
live_runs/azure_http__b128__s2026100205__mpc_4,azure_http__b128__s2026100205__mpc_4,,completed,mpc_4,azure_http,128.0,2026100205,sha256:bf16b92323fe8676b08a5dbd6a012b4d808c724a875a5ac2ced39249ec866456,37309,34467,2842,2666,0.9238253504516336,207.3743503684794,0.1769813026239615,0.5828470374006426,1.1622187409817706,0.25,0.2614918652335897,0.0714572891259481,0.0761746495483663,2504.508810043335,0.0,91.5225552849297,144.89416838996112,149.61,1.5506551323374689,5.0,1.0,31,36.47744471507031,0.0,0,167,0,0.0,0.0048033985622168,0.1382292495623005,0.0371851660938773,0.2153951529999176,128,2026100205,0.2662092256560079,0.7337907743439921,0.0,0.3449654909927631,0.7150199631635132,0.001040178458507
live_runs/azure_http__b128__s2026100206__dap,azure_http__b128__s2026100206__dap,,completed,dap,azure_http,128.0,2026100206,sha256:8dc107f498cd4728797729d3217020112195e7af99257cf8a5c2ddf69422a448,37656,35945,1711,1682,0.954562353940939,223.9899582454978,0.2116188165292802,0.5770824584004003,0.8099654550798004,0.25,0.3440885914595283,0.0446675164648396,0.0454376460590609,2990.59955573082,75.0,35.54258638499596,49.9076523190015,156.4,1.2214823324610444,3.0,1.0,17,92.45741361500404,0.0,0,161,0,0.0,0.0008671643131492,0.131908698157531,0.0353933249371039,0.2001372825934595,128,2026100206,0.3448587210537497,0.6551412789462503,0.0,0.4906745680054882,0.2776764561327809,0.0010378818209844
live_runs/azure_http__b128__s2026100206__dap_guard45,azure_http__b128__s2026100206__dap_guard45,,completed,dap_guard45,azure_http,128.0,2026100206,sha256:8dc107f498cd4728797729d3217020112195e7af99257cf8a5c2ddf69422a448,37656,35952,1704,1681,0.9547482472912684,223.83330393184835,0.2308623458507227,0.5662591640037135,1.0258036353484203,0.25,0.3991926917357127,0.0446409602719354,0.0452517527087316,3892.0095496177673,100.0,33.33684011499281,49.75039431999903,157.48999999999998,1.2075515983974916,3.0,1.0,17,94.6631598850072,0.0,0,161,0,0.0,0.0010048430922324,0.1558753041258569,0.0390340334965912,0.2272184085945809,128,2026100206,0.399803484172509,0.6001965158274909,1.0,0.3802765759901376,0.2604440633983813,0.0010356414936228
live_runs/azure_http__b128__s2026100206__immediate,azure_http__b128__s2026100206__immediate,,completed,immediate,azure_http,128.0,2026100206,sha256:8dc107f498cd4728797729d3217020112195e7af99257cf8a5c2ddf69422a448,37656,34192,3464,3263,0.9080093477799024,200.46397805393133,0.1817634115537716,0.6218671678485407,0.7862447078918917,0.25,0.3132568514977693,0.0866528574463565,0.0919906522200977,2478.0041810274124,0.0,104.96433582197642,155.86250783609285,147.4199999999999,1.6153944873848316,5.0,1.0,31,23.03566417802358,0.0,0,171,0,0.0,0.0005297357797644,0.1432802659396657,0.0426960509998934,0.2193381994379706,128,2026100206,0.3185946462715105,0.6814053537284894,0.125,0.3783542879973538,0.8200338736091908,0.0010411538922202
live_runs/azure_http__b128__s2026100206__mpc_4,azure_http__b128__s2026100206__mpc_4,,completed,mpc_4,azure_http,128.0,2026100206,sha256:8dc107f498cd4728797729d3217020112195e7af99257cf8a5c2ddf69422a448,37656,34754,2902,2700,0.9229339281920544,205.69889150368863,0.1347292875833537,0.5860407887535982,0.7512736111583947,0.25,0.2349957510091353,0.0717017208413001,0.0770660718079456,1825.0051045417783,0.0,90.24339359697478,145.07585325794935,150.69000000000003,1.534124590793255,5.0,1.0,31,37.756606403025216,0.0,0,169,0,0.0,0.0049586769673624,0.1432285419386971,0.0402792433437753,0.2251301245305512,128,2026100206,0.2403601019757807,0.7596398980242193,0.0,0.409571825992316,0.7050265124763655,0.0010435765935046
live_runs/azure_http__b128__s2026100207__dap,azure_http__b128__s2026100207__dap,,completed,dap,azure_http,128.0,2026100207,sha256:41c538395c721250fbacb60e51c1578520a11f3d5e4841a0df143ed8ab268257,37909,30288,7621,1418,0.7989659447624574,183.029670933924,1.2790027899649608,2.053436145357409,2.152593394148862,0.25,0.6638529109182516,0.0374053654804927,0.2010340552375425,32501.963810920715,0.0,68.74498966394458,109.76472218503476,186.46,1.4154243540857032,5.0,1.0,31,59.25501033605542,0.0,0,166,0,0.0,0.0011478707483547,0.2081766854698798,0.0483102413759297,0.3018111028754902,128,2026100207,0.8272178110738875,0.1727821889261125,0.0,0.8231967669998994,0.537070231749567,0.0011217692451651
live_runs/azure_http__b128__s2026100207__dap_guard45,azure_http__b128__s2026100207__dap_guard45,,completed,dap_guard45,azure_http,128.0,2026100207,sha256:41c538395c721250fbacb60e51c1578520a11f3d5e4841a0df143ed8ab268257,37909,32072,5837,473,0.8460260096546994,200.40418955869956,1.1420690508635902,2.0405874067560945,2.168213390982274,0.25,0.671291777678124,0.012477248146878,0.1539739903453006,30651.480947732925,0.0,63.02601227897685,94.75587293395074,186.3400000000001,1.3938225527527126,3.0,2.0,30,64.97398772102315,0.0,0,161,0,0.0,0.0010446256569593,0.1947274462504538,0.050084328905541,0.2884495249686551,128,2026100207,0.8127357619562637,0.1872642380437362,1.0,0.4616783380042761,0.4923907209295066,0.0011079527719942
live_runs/azure_http__b128__s2026100207__immediate,azure_http__b128__s2026100207__immediate,,completed,immediate,azure_http,128.0,2026100207,sha256:41c538395c721250fbacb60e51c1578520a11f3d5e4841a0df143ed8ab268257,37909,29913,7996,3409,0.7890738347094357,176.11312108308658,1.8019210456574573,5.284302862201,5.805371376110707,0.25,0.7413279168535176,0.0899258751220026,0.2109261652905642,26507.480758309364,0.0,122.35931626895037,181.1354078179429,186.42,1.7203918390571773,5.0,1.0,20,5.6406837310496485,0.0,0,170,0,0.0,0.000579270844355,0.2005750875937337,0.046105599375096,0.2967356369044864,128,2026100207,0.7947189321796935,0.2052810678203065,0.53125,0.5558128599950578,0.9559321583511746,0.0011917792431177
live_runs/azure_http__b128__s2026100207__mpc_4,azure_http__b128__s2026100207__mpc_4,,completed,mpc_4,azure_http,128.0,2026100207,sha256:41c538395c721250fbacb60e51c1578520a11f3d5e4841a0df143ed8ab268257,37909,34124,3785,3155,0.9001556358648342,208.7212472951924,0.416304503177717,1.4206386253019443,1.5454598853737116,0.25,0.4851618349204674,0.0832256192460893,0.0998443641351657,9500.97993183136,0.0,124.94939016795252,176.23004638493876,163.8499999999999,1.7642595406349986,5.0,1.0,25,3.050609832047485,0.0,0,164,0,0.0,0.0036410393768164,0.1551631559382258,0.0379715644676252,0.2318255208447226,128,2026100207,0.5017805798095439,0.498219420190456,0.46875,0.4473818370024673,0.976167110687129,0.0010498040284957
live_runs/azure_http__b128__s2026100208__dap,azure_http__b128__s2026100208__dap,,completed,dap,azure_http,128.0,2026100208,sha256:41c69b446c3f27e9b41c0a420957c4457a930d584a741142c3324164f72d7d13,39179,36514,2665,2195,0.9319788662293575,217.77357497470223,0.5309063494027818,1.3460950039036106,1.5900857150164684,0.25,0.6538706960361418,0.0560249113045253,0.0680211337706424,13679.214501142502,0.0,78.06807111599483,104.67945698097174,177.81,1.4656066971109571,5.0,1.0,28,49.93192888400517,0.0,0,168,0,0.0,0.0009187304067381,0.1649592730632321,0.0396097259367707,0.241840377032986,128,2026100208,0.6657137752367339,0.3342862247632661,0.0,0.4048931650031591,0.6099068055937096,0.0010405056553082
live_runs/azure_http__b128__s2026100208__dap_guard45,azure_http__b128__s2026100208__dap_guard45,,completed,dap_guard45,azure_http,128.0,2026100208,sha256:41c69b446c3f27e9b41c0a420957c4457a930d584a741142c3324164f72d7d13,39179,36010,3169,2812,0.919114831925266,216.5335889259277,0.5516987955197361,1.3456907654064705,1.5428263601053906,0.25,0.6702315015697184,0.0717731437760024,0.0808851680747339,14368.975298643112,0.0,59.08752109196212,89.02537527099776,176.4799999999999,1.3553022216822828,3.0,1.0,30,68.91247890803788,0.0,0,167,0,0.0,0.0007588060630041,0.1582643400006418,0.0371922460635687,0.2325150786246013,128,2026100208,0.6793435258684499,0.3206564741315501,1.0,0.5298609849996865,0.461621258530954,0.0010444778039598
live_runs/azure_http__b128__s2026100208__immediate,azure_http__b128__s2026100208__immediate,,completed,immediate,azure_http,128.0,2026100208,sha256:41c69b446c3f27e9b41c0a420957c4457a930d584a741142c3324164f72d7d13,39179,33481,5698,5213,0.8545649455065214,196.6919176244248,0.7154747214029165,2.3332881380047183,2.673770741806948,0.25,0.661068429515812,0.1330559738635493,0.1454350544934786,9166.142726778984,0.0,122.5936972440104,182.0119555278361,162.50000000000006,1.720205173071072,5.0,1.0,25,5.4063027559896,0.0,0,171,0,0.0,0.0004909526551273,0.1590229736252695,0.0350975496571663,0.232490989595135,128,2026100208,0.6732433191250414,0.3267566808749585,0.5625,0.5232375649939058,0.9577632597188313,0.0010519465649295
live_runs/azure_http__b128__s2026100208__mpc_4,azure_http__b128__s2026100208__mpc_4,,completed,mpc_4,azure_http,128.0,2026100208,sha256:41c69b446c3f27e9b41c0a420957c4457a930d584a741142c3324164f72d7d13,39179,34796,4383,3610,0.8881288445340616,204.11479883096857,0.6233137032789542,1.5945768182536997,2.0282265643014408,0.25,0.6398070394854386,0.0921411980908139,0.1118711554659383,14002.508714199066,0.0,122.1659457179776,172.1634401489864,168.23999999999995,1.7166305734630425,5.0,1.0,19,5.834054282022407,0.0,0,171,0,0.0,0.0025765252821656,0.1651447478143382,0.0395808315947761,0.2403006860004097,128,2026100208,0.6541514586896041,0.3458485413103959,0.59375,0.4446641749964328,0.9544214509217,0.0010473031371642
live_runs/azure_http__b128__s2026100209__dap,azure_http__b128__s2026100209__dap,,completed,dap,azure_http,128.0,2026100209,sha256:610864b9f71a46102b513574fda5537394a6c6bcff6cb484f1d721fcfc664065,41042,38020,3022,1525,0.926368110715852,237.6075382799328,0.6873229257361887,1.486203093794029,1.5968751338205769,0.25,0.7181423907216997,0.0371570586228741,0.0736318892841479,20287.49855828285,0.0,72.67326881203917,104.68407519599714,180.55000000000007,1.4541745528980654,5.0,5.0,30,55.32673118796083,0.0,0,161,0,0.0,0.0011807293126366,0.1632017371880465,0.0408570923755178,0.239238484280122,128,2026100209,0.7529116514789728,0.2470883485210272,0.0,0.5136280739970971,0.567759912594056,0.0010436155950548
live_runs/azure_http__b128__s2026100209__dap_guard45,azure_http__b128__s2026100209__dap_guard45,,completed,dap_guard45,azure_http,128.0,2026100209,sha256:610864b9f71a46102b513574fda5537394a6c6bcff6cb484f1d721fcfc664065,41042,37303,3739,2334,0.9088982018420156,219.0676023762249,0.6669510727093566,1.5169687361063553,1.652603201741295,0.25,0.6786218995175674,0.0568685736562545,0.0911017981579845,18739.972615361214,0.0,63.82226473704213,94.39960222601076,181.16000000000005,1.374806061554419,3.0,1.0,28,64.17773526295787,0.0,0,171,0,0.0,0.0008527169065928,0.1516341318447303,0.0350904682181862,0.2239402604368479,128,2026100209,0.7128551240192973,0.2871448759807027,1.0,0.3415577269915957,0.4986114432581416,0.0010475513085269
live_runs/azure_http__b128__s2026100209__immediate,azure_http__b128__s2026100209__immediate,,completed,immediate,azure_http,128.0,2026100209,sha256:610864b9f71a46102b513574fda5537394a6c6bcff6cb484f1d721fcfc664065,41042,34385,6657,5612,0.8378003021295258,201.574767457259,1.5695365578142126,4.478592584197759,4.622393931128317,0.25,0.7586374932995468,0.1367379757321768,0.1621996978704741,12477.97649860382,0.0,122.29948915104616,180.49210113794837,162.41000000000005,1.716954808368873,5.0,1.0,25,5.700510848953854,0.0,0,171,0,0.0,0.0004808307803614,0.1598337611562783,0.0405029258440663,0.2428191709982456,128,2026100209,0.770625213196238,0.229374786803762,0.46875,0.4740154809987871,0.955464758992548,0.0010503013188291
live_runs/azure_http__b128__s2026100209__mpc_4,azure_http__b128__s2026100209__mpc_4,,completed,mpc_4,azure_http,128.0,2026100209,sha256:610864b9f71a46102b513574fda5537394a6c6bcff6cb484f1d721fcfc664065,41042,34381,6661,5998,0.8377028409921544,202.38752217593748,1.325898706459365,4.635433324001497,5.63752535439853,0.25,0.7652161200721213,0.1461429754885239,0.1622971590078456,11568.00115942955,0.0,123.60591331700562,187.23770450992745,164.57000000000005,1.7276197470266277,5.0,1.0,23,4.394086682994384,0.0,0,170,0,0.0,0.003156593219046,0.1833240160317473,0.0459280379382107,0.2725485847790878,128,2026100209,0.7774474928122411,0.2225525071877588,0.53125,0.6847752169996966,0.9656711977891064,0.0010512585763116
live_runs/azure_http__b128__s2026100210__dap,azure_http__b128__s2026100210__dap,,completed,dap,azure_http,128.0,2026100210,sha256:9e12f77b8af8cd29eb4eecce5950b2234bd1444005b67f383bf13da12b589733,42950,41150,1800,956,0.9580908032596042,248.6226024040592,0.5168437152618873,1.2989433499002183,1.432546256174246,0.25,0.6269615832363213,0.0222584400465657,0.0419091967403958,15276.011118650436,0.0,60.51500204898184,89.64964953498566,180.67999999999992,1.3656232635213812,3.0,1.0,31,67.48499795101816,0.0,0,166,0,0.0,0.0008841175317684,0.1431947032815514,0.0349871130638348,0.213084139343664,128,2026100210,0.6466123399301513,0.3533876600698487,0.0,0.407168339996133,0.4727734535076706,0.0010366433856002
live_runs/azure_http__b128__s2026100210__dap_guard45,azure_http__b128__s2026100210__dap_guard45,,completed,dap_guard45,azure_http,128.0,2026100210,sha256:9e12f77b8af8cd29eb4eecce5950b2234bd1444005b67f383bf13da12b589733,42950,40020,2930,2348,0.9317811408614668,235.15919976912588,0.4884729341229494,1.2377926178116467,1.400185104747943,0.25,0.6414202561117579,0.0546682188591385,0.0682188591385331,13485.795748233795,0.0,55.655018047982594,89.5308634750254,175.10000000000005,1.3270312220714604,3.0,1.0,30,72.3449819520174,0.0,0,171,0,0.0,0.0007156470651352,0.1426765078131211,0.034319659907851,0.2100028738764194,128,2026100210,0.6545983701979046,0.3454016298020954,1.0,0.3884760430082679,0.434804828499864,0.0010379348574268
live_runs/azure_http__b128__s2026100210__immediate,azure_http__b128__s2026100210__immediate,,completed,immediate,azure_http,128.0,2026100210,sha256:9e12f77b8af8cd29eb4eecce5950b2234bd1444005b67f383bf13da12b589733,42950,34889,8061,6514,0.8123166472642608,204.65982153822875,2.0872307783987893,5.581329488402116,6.232119204049237,0.25,0.8680325960419092,0.1516647264260768,0.1876833527357392,14732.474590420725,0.0,122.2535385179799,166.18559782908414,195.3699999999999,1.7171425771878457,5.0,1.0,20,5.746461482020095,0.0,0,171,0,0.0,0.0004975998754161,0.1914190725942717,0.0423349903448979,0.2733835353437825,128,2026100210,0.8780675203725262,0.1219324796274737,0.53125,0.4784975469956407,0.955105769671718,0.001060182474225
live_runs/azure_http__b128__s2026100210__mpc_4,azure_http__b128__s2026100210__mpc_4,,completed,mpc_4,azure_http,128.0,2026100210,sha256:9e12f77b8af8cd29eb4eecce5950b2234bd1444005b67f383bf13da12b589733,42950,36499,6451,5959,0.849802095459837,216.09562940839072,0.9051271427112896,2.673148737991869,3.842754625207737,0.25,0.74011641443539,0.1387427240977881,0.150197904540163,8454.998575806618,0.0,123.78725530095107,172.07546126793022,171.04999999999995,1.7328936367296686,5.0,1.0,25,4.212744699048926,0.0,0,169,0,0.0,0.0035711942814486,0.1737788961245314,0.0438637074366852,0.2571039883118828,128,2026100210,0.7515715948777648,0.2484284051222351,0.46875,0.6886089939944213,0.9670879320386804,0.0010482444313957
live_runs/azure_http__b256__s2026100201__dap,azure_http__b256__s2026100201__dap,,completed,dap,azure_http,256.0,2026100201,sha256:7918402a7187ebc1b7d541032e8a2ddac20f607bc48e451b5cd036f94bfe0f66,35785,33843,1942,1769,0.9457314517255834,199.73702623243443,0.26123760503849,0.9174272052026934,1.4515720719780083,0.25,0.3382422802850356,0.0494341204415257,0.0542685482744166,4525.996450662613,0.0,54.50677676401392,74.90399188599986,158.7400000000001,1.3216919747173506,3.0,1.0,18,201.49322323598608,0.0,0,170,0,0.0,0.0010025789370047,0.1626336581255145,0.0418025762201068,0.2404113888424035,256,2026100201,0.3429928741092636,0.6570071258907364,0.0,0.5029651259974344,0.2129170967344293,0.0010499219049137
live_runs/azure_http__b256__s2026100201__dap_guard45,azure_http__b256__s2026100201__dap_guard45,,completed,dap_guard45,azure_http,256.0,2026100201,sha256:7918402a7187ebc1b7d541032e8a2ddac20f607bc48e451b5cd036f94bfe0f66,35785,30016,5769,1270,0.8387872013413441,181.65377095771885,1.224516682160156,2.059090640002978,2.16227101020304,0.25,0.6802291462903451,0.0354897303339388,0.1612127986586558,30329.278638720512,0.0,72.97815704799723,105.1438641819841,186.14,1.4416563641162488,3.0,1.0,31,183.0218429520028,0.0,0,166,0,0.0,0.0011486243756735,0.1960738664997734,0.04496352231331,0.2818822857805116,256,2026100201,0.8057566019281822,0.1942433980718177,0.15625,0.4204070599953411,0.2850709259687392,0.0010857644807742
live_runs/azure_http__b256__s2026100201__immediate,azure_http__b256__s2026100201__immediate,,completed,immediate,azure_http,256.0,2026100201,sha256:7918402a7187ebc1b7d541032e8a2ddac20f607bc48e451b5cd036f94bfe0f66,35785,29911,5874,5149,0.8358530110381445,175.29556147099063,0.7377692903501533,1.9711250815016683,2.9436465515056627,0.25,0.676456615900517,0.1438871035350007,0.1641469889618555,11044.858972549438,0.0,221.8058569140485,321.0724419999751,176.23999999999998,2.299909137952671,5.0,1.0,31,34.19414308595151,0.0,0,171,0,0.0,0.000588892031601,0.2197398024688936,0.0502057060311926,0.3131681705940536,256,2026100201,0.6967165013273718,0.3032834986726281,0.0,0.5164546630039695,0.8664291285705019,0.0011155334179591
live_runs/azure_http__b256__s2026100201__mpc_4,azure_http__b256__s2026100201__mpc_4,,completed,mpc_4,azure_http,256.0,2026100201,sha256:7918402a7187ebc1b7d541032e8a2ddac20f607bc48e451b5cd036f94bfe0f66,35785,29976,5809,4214,0.8376694145591729,176.82880206882072,0.7520305836499874,1.9730934014987724,3.708067264751662,0.25,0.6397093754366354,0.1177588375017465,0.1623305854408271,14302.080757379532,0.0,220.16845118104536,313.1984181780572,179.03000000000003,2.2987764703660227,5.0,1.0,31,35.831548818954616,0.0,0,170,0,0.0,0.0068177514999661,0.236109536561571,0.0436051315309669,0.3297560781559241,256,2026100201,0.676261003213637,0.323738996786363,0.0,0.5753438430037932,0.8600330124259585,0.0011209369473419
live_runs/azure_http__b256__s2026100202__dap,azure_http__b256__s2026100202__dap,,completed,dap,azure_http,256.0,2026100202,sha256:e60edc34579553bb4014ef979bdccc7e55de2ba400ecb4ecb195e019615bc58a,36242,33543,2699,442,0.9255283924728216,203.10616167303323,0.9147670827536108,1.755626735900296,1.860888985235943,0.25,0.7684730423265824,0.0121957949340544,0.0744716075271784,24610.02221262455,0.0,60.72315778698248,104.16636288398148,182.0300000000001,1.3676846883934046,5.0,1.0,30,195.27684221301752,0.0,0,166,0,0.0,0.0011413836873543,0.1788645636879664,0.0482325089062669,0.2723719991242888,256,2026100202,0.8307488549197064,0.1692511450802936,0.0,0.5379936760000419,0.2371998351054003,0.0010397971016175
live_runs/azure_http__b256__s2026100202__dap_guard45,azure_http__b256__s2026100202__dap_guard45,,completed,dap_guard45,azure_http,256.0,2026100202,sha256:e60edc34579553bb4014ef979bdccc7e55de2ba400ecb4ecb195e019615bc58a,36242,34005,2237,1926,0.938276033331494,212.50654536899816,0.493062558255496,1.3564036047988337,1.5870305319997713,0.25,0.5937310302963412,0.0531427625406986,0.0617239666685061,11707.991269350052,0.0,53.39092839704245,84.74155361001613,168.81000000000014,1.3336545139743872,5.0,2.0,24,202.6090716029576,0.0,0,161,0,0.0,0.0009980535944578,0.1712721325620805,0.0475359335637222,0.2569159462495918,256,2026100202,0.6023122344241488,0.3976877655758511,0.0,0.5797029069944983,0.208558314050947,0.0010395739391924
live_runs/azure_http__b256__s2026100202__immediate,azure_http__b256__s2026100202__immediate,,completed,immediate,azure_http,256.0,2026100202,sha256:e60edc34579553bb4014ef979bdccc7e55de2ba400ecb4ecb195e019615bc58a,36242,31975,4267,3871,0.8822636719827824,187.2310650665452,0.1518135814579856,0.6243679500032155,0.9930954347798238,0.25,0.2814414215551018,0.1068097787097842,0.1177363280172175,2177.006537437439,0.0,127.39446889298416,185.96283294002205,151.56999999999994,1.7459640999036834,5.0,1.0,31,128.60553110701585,0.0,0,171,0,0.0,0.0004927496252093,0.1642699614069442,0.0372762516249167,0.2374001934997522,256,2026100202,0.2923679708625352,0.7076320291374648,0.0,0.4383140600039041,0.4976346441132193,0.0010522794791635
live_runs/azure_http__b256__s2026100202__mpc_4,azure_http__b256__s2026100202__mpc_4,,completed,mpc_4,azure_http,256.0,2026100202,sha256:e60edc34579553bb4014ef979bdccc7e55de2ba400ecb4ecb195e019615bc58a,36242,34267,1975,1689,0.9455052149439876,204.6351853267942,0.1423958215365109,0.5792029979005746,1.164623219462371,0.25,0.1867446608906793,0.0466033883339771,0.0544947850560123,1913.0130741596224,0.0,101.75801393599976,150.33286502201372,156.52,1.6076770665736664,5.0,1.0,31,154.24198606400023,0.0,0,168,0,0.0,0.0047774354691227,0.1398757385309181,0.0356528195002283,0.2176235276253919,256,2026100202,0.1946360576127145,0.8053639423872855,0.0,0.4522831549984403,0.3974922419374991,0.0010436673843949
live_runs/azure_http__b256__s2026100203__dap,azure_http__b256__s2026100203__dap,,completed,dap,azure_http,256.0,2026100203,sha256:d2447098a0f068f102e2c3959d764defe2f5cbe58a7ccf0d4af7a6f532f29714,36672,34754,1918,1799,0.9476985165794066,217.21137157740387,0.3511815140563809,0.9257337340961383,1.364881806773483,0.25,0.5680628272251309,0.0490565008726003,0.0523014834205933,6666.998061418533,0.0,51.67227218601329,73.8333140249888,164.92000000000002,1.3229500234230558,5.0,5.0,19,204.3277278139867,0.0,0,161,0,0.0,0.0011086855602115,0.1613871498111621,0.0382129404051738,0.2372320666272571,256,2026100203,0.5708987783595113,0.4291012216404887,0.0,0.4826371139934053,0.2018448132266144,0.0010500522438219
live_runs/azure_http__b256__s2026100203__dap_guard45,azure_http__b256__s2026100203__dap_guard45,,completed,dap_guard45,azure_http,256.0,2026100203,sha256:d2447098a0f068f102e2c3959d764defe2f5cbe58a7ccf0d4af7a6f532f29714,36672,35727,945,696,0.9742310209424084,222.61231911702728,0.4137503473671681,1.2844761859014393,1.4518700194841947,0.25,0.5790248691099477,0.018979057591623,0.0257689790575916,9979.471550941467,79.0,49.5855238759832,69.70409514699713,169.67999999999995,1.3089637659099658,3.0,1.0,25,206.4144761240168,0.0,0,161,0,0.0,0.0009809675620999,0.1496111107198885,0.0383458764690658,0.2230040669696791,256,2026100203,0.5857875218150087,0.4142124781849913,0.0,0.4430505900090793,0.1936934526405593,0.0010485150984667
live_runs/azure_http__b256__s2026100203__immediate,azure_http__b256__s2026100203__immediate,,completed,immediate,azure_http,256.0,2026100203,sha256:d2447098a0f068f102e2c3959d764defe2f5cbe58a7ccf0d4af7a6f532f29714,36672,31692,4980,4440,0.8642015706806283,186.13502479094512,0.2947979743760654,1.336814104148652,1.749580487783096,0.25,0.4196934991273996,0.1210732984293193,0.1357984293193717,4178.001308679581,0.0,148.83310191414785,231.76298920303816,148.8599999999999,1.874133949088198,5.0,1.0,31,107.16689808585215,0.0,0,171,0,0.0,0.0005302271570144,0.167154387188475,0.0417827699388908,0.2458094320645614,256,2026100203,0.4341186736474695,0.5658813263525305,0.0,0.3723129849968245,0.58137930435214,0.0010595117208609
live_runs/azure_http__b256__s2026100203__mpc_4,azure_http__b256__s2026100203__mpc_4,,completed,mpc_4,azure_http,256.0,2026100203,sha256:d2447098a0f068f102e2c3959d764defe2f5cbe58a7ccf0d4af7a6f532f29714,36672,32266,4406,4057,0.8798538394415357,189.26245047236813,0.309994587366922,0.9127408852473308,2.6791902754557664,0.25,0.4265106893542757,0.1106293630017452,0.1201461605584642,3969.995302081108,0.0,150.3321150198026,218.1973807728209,152.01999999999987,1.881802035372892,5.0,1.0,31,105.6678849801974,0.0,0,171,0,0.0,0.0052073008737352,0.1655416942512602,0.037903165813077,0.2460624171558265,256,2026100203,0.4359729493891797,0.5640270506108203,0.0,0.4681650059937965,0.5872348242961039,0.0010565211884042
live_runs/azure_http__b256__s2026100204__dap,azure_http__b256__s2026100204__dap,,completed,dap,azure_http,256.0,2026100204,sha256:e821b798eb1b7de3399a2889e94188d32bb4475a8750140cbadf33c05e67b8c2,36891,35449,1442,1403,0.960911875525196,221.54312154985533,0.3021885255410005,0.9222983791929432,1.2582324926438735,0.25,0.416822531240682,0.0380309560597435,0.0390881244748041,5918.504774808884,0.0,42.61576852598228,69.57811811701686,158.56000000000003,1.2663327706421108,5.0,2.0,20,213.38423147401767,0.0,0,161,0,0.0,0.0009424983736607,0.1401702920938987,0.0357490670003244,0.2106223810028495,256,2026100204,0.4178796996557426,0.5821203003442574,0.0,0.3757159760134527,0.1664678458046182,0.0010387540467604
live_runs/azure_http__b256__s2026100204__dap_guard45,azure_http__b256__s2026100204__dap_guard45,,completed,dap_guard45,azure_http,256.0,2026100204,sha256:e821b798eb1b7de3399a2889e94188d32bb4475a8750140cbadf33c05e67b8c2,36891,36365,526,506,0.9857417798379008,227.24292934452745,0.2909697973248746,0.8985823226073986,1.1689409293571953,0.25,0.4473177739828142,0.0137160825133501,0.0142582201620991,6318.988346338272,0.0,40.06977051201102,69.48753589999978,162.07000000000002,1.2503938410370508,3.0,2.0,24,215.93022948798895,0.0,0,161,0,0.0,0.0009624938425076,0.1362412230610061,0.0347455171558976,0.2069428442814569,256,2026100204,0.4478599116315632,0.5521400883684368,0.0,0.3900231430015992,0.156522541062543,0.0010390339936208
live_runs/azure_http__b256__s2026100204__immediate,azure_http__b256__s2026100204__immediate,,completed,immediate,azure_http,256.0,2026100204,sha256:e821b798eb1b7de3399a2889e94188d32bb4475a8750140cbadf33c05e67b8c2,36891,33276,3615,3338,0.9020086199886151,198.4942140483843,0.1218439097262705,0.4474186857514723,0.8481384099941351,0.25,0.2230354286953457,0.090482773576211,0.0979913800113849,1402.971093773842,0.0,123.47595319208632,182.10970949906917,145.93999999999994,1.7365447254098527,5.0,1.0,31,132.5240468079137,0.0,0,168,0,0.0,0.0004688110639108,0.1498808592177738,0.040394517716777,0.2256654540001363,256,2026100204,0.2305440351305196,0.7694559648694803,0.0,0.4997216289921198,0.4823279421565871,0.0010433254551145
live_runs/azure_http__b256__s2026100204__mpc_4,azure_http__b256__s2026100204__mpc_4,,completed,mpc_4,azure_http,256.0,2026100204,sha256:e821b798eb1b7de3399a2889e94188d32bb4475a8750140cbadf33c05e67b8c2,36891,34188,2703,2490,0.9267300967715704,203.2907316133249,0.1072779362873236,0.3791726103430843,0.7120633726216328,0.25,0.1691740532921308,0.0674961372692526,0.0732699032284297,1139.9978977441788,0.0,86.1090636200388,130.8473007930006,151.01999999999987,1.5120268673761563,5.0,1.0,31,169.8909363799612,0.0,0,169,0,0.0,0.0057731368119675,0.1411778406572921,0.0357534950626359,0.217182106436212,256,2026100204,0.1749478192513079,0.8250521807486921,0.0,0.4788382249971619,0.3363635297657765,0.001048413387755
live_runs/azure_http__b256__s2026100205__dap,azure_http__b256__s2026100205__dap,,completed,dap,azure_http,256.0,2026100205,sha256:bf16b92323fe8676b08a5dbd6a012b4d808c724a875a5ac2ced39249ec866456,37309,35851,1458,1266,0.9609209574097404,211.6134820474817,0.4058906801307575,1.2361490384937497,1.459007372497581,0.25,0.5296845265217508,0.0339328312203489,0.0390790425902597,9054.461189866066,0.0,59.67481671899441,89.10157175103086,167.69999999999996,1.3522355235963204,5.0,1.0,26,196.3251832810056,0.0,0,170,0,0.0,0.0009536673442198,0.1427346278424011,0.0367718554371094,0.2146795253443087,256,2026100205,0.5348039347074433,0.4651960652925567,0.0,0.453352566997637,0.2331047528085719,0.0010389387805815
live_runs/azure_http__b256__s2026100205__dap_guard45,azure_http__b256__s2026100205__dap_guard45,,completed,dap_guard45,azure_http,256.0,2026100205,sha256:bf16b92323fe8676b08a5dbd6a012b4d808c724a875a5ac2ced39249ec866456,37309,36690,619,580,0.9834088289688816,229.21898448652703,0.2534294831333071,0.8722108326917799,1.213666507534217,0.25,0.3884853520598247,0.0155458468466053,0.0165911710311185,5142.990095376968,0.0,43.480611125036376,64.75732246598636,162.49999999999994,1.271642996100693,3.0,1.0,23,212.5193888749636,0.0,0,161,0,0.0,0.0009129059371844,0.1387332041549598,0.0341176771844402,0.2089212065316132,256,2026100205,0.3895306762443378,0.6104693237556622,0.0,0.3303461799951037,0.1698461372071733,0.0010356705196073
live_runs/azure_http__b256__s2026100205__immediate,azure_http__b256__s2026100205__immediate,,completed,immediate,azure_http,256.0,2026100205,sha256:bf16b92323fe8676b08a5dbd6a012b4d808c724a875a5ac2ced39249ec866456,37309,34034,3275,3049,0.912219571685116,200.12030113773085,0.1467900695209085,0.5248604054046146,1.2760761660973363,0.25,0.2341794205151572,0.0817229086815513,0.0877804283148838,2044.492976784706,0.0,95.47415979208016,161.18267866205133,148.7899999999999,1.561389128767201,5.0,1.0,31,160.52584020791983,0.0,0,171,0,0.0,0.0005173497179384,0.1333141964692004,0.0365474301229369,0.2040655925006831,256,2026100205,0.2402369401484896,0.7597630598515104,0.0,0.3792535020038485,0.3729459366878132,0.001042263177834
live_runs/azure_http__b256__s2026100205__mpc_4,azure_http__b256__s2026100205__mpc_4,,completed,mpc_4,azure_http,256.0,2026100205,sha256:bf16b92323fe8676b08a5dbd6a012b4d808c724a875a5ac2ced39249ec866456,37309,35249,2060,1898,0.9447854405103326,207.19606263676468,0.1578780141278415,0.5928086802014149,0.883930870168259,0.25,0.2818354820552681,0.0508724436463051,0.0552145594896673,2575.503009915352,0.0,119.5637739408703,165.83767415297916,154.91000000000005,1.7028041418065911,5.0,1.0,31,136.4362260591297,0.0,0,171,0,0.0,0.0052525458750096,0.1399102873751871,0.0367526144991643,0.2145884380947791,256,2026100205,0.2861775978986303,0.7138224021013697,0.0,0.3426518139895051,0.4670459919565246,0.0010388596951258
live_runs/azure_http__b256__s2026100206__dap,azure_http__b256__s2026100206__dap,,completed,dap,azure_http,256.0,2026100206,sha256:8dc107f498cd4728797729d3217020112195e7af99257cf8a5c2ddf69422a448,37656,37467,189,35,0.994980879541109,234.1494350774936,0.3466049794837798,1.0960064215047167,1.545785817901487,0.25,0.4760197578075207,0.0009294667516464,0.005019120458891,8464.003354430199,0.0,62.8644464599638,89.09828232901054,170.64,1.3928703826049555,5.0,5.0,25,193.1355535400362,0.0,0,161,0,0.0,0.0008007768433344,0.1537674366863939,0.0360858017807004,0.2251211693433106,256,2026100206,0.4801094115147652,0.5198905884852347,0.0,0.4056762060063192,0.2455642439842336,0.001033077084191
live_runs/azure_http__b256__s2026100206__dap_guard45,azure_http__b256__s2026100206__dap_guard45,,completed,dap_guard45,azure_http,256.0,2026100206,sha256:8dc107f498cd4728797729d3217020112195e7af99257cf8a5c2ddf69422a448,37656,36622,1034,862,0.9725408965370724,227.7906537935228,0.2430038017695445,0.811512973847857,1.4288068316152205,0.25,0.3835510941151476,0.0228914382834076,0.0274591034629275,4803.002362012863,142.0,45.49809892599296,69.41315592896717,163.24000000000007,1.2830004287235628,3.0,1.0,23,210.50190107400704,0.0,0,161,0,0.0,0.0009469986239309,0.142658993342593,0.0365498855626356,0.2118008421252852,256,2026100206,0.3881187592946675,0.6118812407053325,0.0,0.3785991709883092,0.17772694892966,0.0010391816963881
live_runs/azure_http__b256__s2026100206__immediate,azure_http__b256__s2026100206__immediate,,completed,immediate,azure_http,256.0,2026100206,sha256:8dc107f498cd4728797729d3217020112195e7af99257cf8a5c2ddf69422a448,37656,34086,3570,3313,0.9051943913320586,203.36990530227845,0.1545221971108712,0.5398552275000839,1.1338282436525335,0.25,0.2656150414276609,0.0879806670915657,0.0948056086679413,2161.4981002807617,0.0,122.49557998903038,180.49780835602724,148.46999999999997,1.7308547351498205,5.0,1.0,31,133.50442001096962,0.0,0,168,0,0.0,0.0005215350306571,0.1599625377184566,0.0427289146869043,0.2354933297483512,256,2026100206,0.2724399830040365,0.7275600169959635,0.0,0.414610667998204,0.4784983593321499,0.0010384590808705
live_runs/azure_http__b256__s2026100206__mpc_4,azure_http__b256__s2026100206__mpc_4,,completed,mpc_4,azure_http,256.0,2026100206,sha256:8dc107f498cd4728797729d3217020112195e7af99257cf8a5c2ddf69422a448,37656,34199,3457,3204,0.9081952411302316,201.5418182146201,0.1704199357275338,0.6203386809065705,0.85786976864183,0.25,0.3048916507329509,0.0850860420650095,0.0918047588697684,2577.012340068817,0.0,129.5087091839523,188.0059972719173,150.84999999999997,1.7632217527869884,5.0,1.0,31,126.4912908160477,0.0,0,170,0,0.0,0.0043981177823297,0.1569723149682431,0.0360099192812413,0.2355127832479411,256,2026100206,0.3116103675377098,0.6883896324622902,0.0,0.550871292987722,0.5058933952498137,0.0010411083428465
live_runs/azure_http__b256__s2026100207__dap,azure_http__b256__s2026100207__dap,,completed,dap,azure_http,256.0,2026100207,sha256:41c538395c721250fbacb60e51c1578520a11f3d5e4841a0df143ed8ab268257,37909,33838,4071,2464,0.8926112532643963,198.76751595515708,0.9067790846414736,1.7252437417504547,1.9391228947762265,0.25,0.756047376612414,0.0649977577883879,0.1073887467356036,22825.967756152157,0.0,72.21023979793245,114.84149525091924,183.71,1.424169572408572,5.0,1.0,31,183.78976020206755,0.0,0,171,0,0.0,0.0010791445947688,0.1858740434990977,0.0427922261565072,0.2744878418125154,256,2026100207,0.7984383655596297,0.2015616344403703,0.0,0.5258283059956739,0.2820712492106736,0.0010764227861237
live_runs/azure_http__b256__s2026100207__dap_guard45,azure_http__b256__s2026100207__dap_guard45,,completed,dap_guard45,azure_http,256.0,2026100207,sha256:41c538395c721250fbacb60e51c1578520a11f3d5e4841a0df143ed8ab268257,37909,34377,3532,906,0.9068295127806062,202.7986222279569,0.8708639049555117,1.715080653593759,1.805013430881081,0.25,0.6980136643013533,0.0238993378881004,0.0931704872193938,24004.567744612694,0.0,73.95647605702106,104.75086747898604,186.76,1.4362879672222344,3.0,1.0,31,182.0435239429789,0.0,0,170,0,0.0,0.0011016142821063,0.1834303154705594,0.045509559250604,0.2714770373113424,256,2026100207,0.7672848136326466,0.2327151863673534,0.21875,0.5090590640029404,0.2888924845977385,0.0010766299743195
live_runs/azure_http__b256__s2026100207__immediate,azure_http__b256__s2026100207__immediate,,completed,immediate,azure_http,256.0,2026100207,sha256:41c538395c721250fbacb60e51c1578520a11f3d5e4841a0df143ed8ab268257,37909,31835,6074,4061,0.8397741961011896,187.18626734007964,0.9323894465182886,2.569238909498381,3.544876083638228,0.25,0.6648553114036244,0.1071249571341897,0.1602258038988103,15722.174194931984,0.0,202.94344587496016,310.14438680085004,183.66,2.193284941557006,5.0,1.0,31,53.05655412503984,0.0,0,171,0,0.0,0.0006561894392689,0.2129278387519662,0.0465193326567714,0.3006344668133351,256,2026100207,0.7146587881505712,0.2853412118494288,0.0,0.5360495570057537,0.7927478354490631,0.0011322311866891
live_runs/azure_http__b256__s2026100207__mpc_4,azure_http__b256__s2026100207__mpc_4,,completed,mpc_4,azure_http,256.0,2026100207,sha256:41c538395c721250fbacb60e51c1578520a11f3d5e4841a0df143ed8ab268257,37909,32325,5584,4860,0.8526998865704714,189.2325880229548,0.5491329906952888,1.5955691966053565,1.9632392809254808,0.25,0.6209871006884908,0.1282017462871613,0.1473001134295286,11022.543995022774,0.0,205.27716607501495,308.191816561055,166.5300000000001,2.201705472494756,5.0,1.0,31,50.72283392498503,0.0,0,171,0,0.0,0.0057517753771207,0.2082675918122731,0.0476236007802981,0.3007128591270884,256,2026100207,0.6387665198237885,0.3612334801762115,0.0,0.4673212100024102,0.8018639299805272,0.0010949156671259
live_runs/azure_http__b256__s2026100208__dap,azure_http__b256__s2026100208__dap,,completed,dap,azure_http,256.0,2026100208,sha256:41c69b446c3f27e9b41c0a420957c4457a930d584a741142c3324164f72d7d13,39179,35684,3495,2891,0.9107940478317466,210.44334136411007,0.5385739496854985,1.4743046777439304,2.105642223816975,0.25,0.6407003752010005,0.0737895301054136,0.0892059521682534,12554.989296674728,0.0,89.84200893407979,124.25515183601236,173.23999999999998,1.5298355721037993,5.0,1.0,31,166.1579910659202,0.0,0,170,0,0.0,0.0010326471874577,0.1564942371883262,0.0430928924379259,0.2389188539382303,256,2026100208,0.6533602184843922,0.3466397815156078,0.0,0.4348202149994904,0.3509453473987491,0.0010457422202236
live_runs/azure_http__b256__s2026100208__dap_guard45,azure_http__b256__s2026100208__dap_guard45,,completed,dap_guard45,azure_http,256.0,2026100208,sha256:41c69b446c3f27e9b41c0a420957c4457a930d584a741142c3324164f72d7d13,39179,36494,2685,1609,0.931468388677608,227.7899663069269,0.6566701483322777,1.514708290102135,1.7058232817256065,0.25,0.6840654432221344,0.0410679190382602,0.068531611322392,18073.48349380493,15.0,69.72152849398844,99.25129239000672,181.08,1.4351911170743978,5.0,3.0,30,186.2784715060116,0.0,0,161,0,0.0,0.000940494031056,0.1562565947824623,0.0408453750628723,0.2341729451554783,256,2026100208,0.7110441818321039,0.288955818167896,0.1875,0.5058281789970351,0.2723497206796423,0.0010436514105023
live_runs/azure_http__b256__s2026100208__immediate,azure_http__b256__s2026100208__immediate,,completed,immediate,azure_http,256.0,2026100208,sha256:41c69b446c3f27e9b41c0a420957c4457a930d584a741142c3324164f72d7d13,39179,33796,5383,4946,0.8626049669465785,198.54757996324437,0.3477604780564184,1.2119893282542762,1.8907079489581533,0.25,0.4755608872099849,0.1262410985476913,0.1373950330534215,5632.046506762505,0.0,142.02278912998736,233.9488904360624,158.32,1.8343674127526677,5.0,1.0,31,113.97721087001264,0.0,0,171,0,0.0,0.0005223909988671,0.1773951299992404,0.0457717183435306,0.2634539058440168,256,2026100208,0.486714821715715,0.5132851782842849,0.0,0.5257448909978848,0.5547765200390131,0.0010528489570148
live_runs/azure_http__b256__s2026100208__mpc_4,azure_http__b256__s2026100208__mpc_4,,completed,mpc_4,azure_http,256.0,2026100208,sha256:41c69b446c3f27e9b41c0a420957c4457a930d584a741142c3324164f72d7d13,39179,32894,6285,5268,0.8395824293626688,193.47422221023865,0.878611492584401,4.043703156246919,4.530302386440162,0.25,0.6123943949564817,0.1344597871308609,0.1604175706373312,8648.005356550217,0.0,169.1145460709231,267.87281805611565,151.82,1.994689161108695,5.0,1.0,31,86.8854539290769,0.0,0,171,0,0.0,0.0059067587189929,0.185216063093776,0.0410474743448503,0.2686130462184337,256,2026100208,0.6278618647744966,0.3721381352255034,0.0,0.5059588660078589,0.6606036955895433,0.0010592073569263
live_runs/azure_http__b256__s2026100209__dap,azure_http__b256__s2026100209__dap,,completed,dap,azure_http,256.0,2026100209,sha256:610864b9f71a46102b513574fda5537394a6c6bcff6cb484f1d721fcfc664065,41042,37577,3465,2153,0.9155742897519614,233.27459703271964,0.7069000612600742,1.4405026576074305,1.6138926144415742,0.25,0.7126845670288973,0.0524584571901954,0.0844257102480385,19613.993863224983,0.0,60.69820898398757,85.07128865698178,178.9499999999999,1.3768089587073875,3.0,1.0,31,195.30179101601243,0.0,0,162,0,0.0,0.0009270738755731,0.1572965266868777,0.0433936677495694,0.2342041776878431,256,2026100209,0.7446274548023976,0.2553725451976024,0.0,0.4536082269914914,0.2371023788437014,0.0010455526496059
live_runs/azure_http__b256__s2026100209__dap_guard45,azure_http__b256__s2026100209__dap_guard45,,completed,dap_guard45,azure_http,256.0,2026100209,sha256:610864b9f71a46102b513574fda5537394a6c6bcff6cb484f1d721fcfc664065,41042,37327,3715,2977,0.9094829686662445,219.91459765992,0.542312354956698,1.3970566128991777,1.5571561483081306,0.25,0.6510891282101262,0.0725354514887188,0.0905170313337556,14074.959328055382,0.0,77.80964240098547,109.13667534501292,177.75,1.458420880399576,5.0,1.0,28,178.19035759901453,0.0,0,170,0,0.0,0.0008341337183992,0.1480148731257031,0.0376436707188077,0.2201861544394887,256,2026100209,0.669070708055163,0.330929291944837,0.5,0.4076234789972659,0.3039439156288495,0.0010430899997384
live_runs/azure_http__b256__s2026100209__immediate,azure_http__b256__s2026100209__immediate,,completed,immediate,azure_http,256.0,2026100209,sha256:610864b9f71a46102b513574fda5537394a6c6bcff6cb484f1d721fcfc664065,41042,33758,7284,6661,0.8225232688465475,199.39936370204856,1.0192623042437765,3.395517750755243,5.29341004895061,0.25,0.7183129477120997,0.1622971590078456,0.1774767311534525,4521.010502338409,0.0,180.47737871108984,271.6266239449324,155.45999999999998,2.0660309993958457,5.0,1.0,31,75.52262128891016,0.0,0,170,0,0.0,0.0005778752797596,0.1808495127493188,0.0394201878743842,0.2579441152802246,256,2026100209,0.7291311339603334,0.2708688660396666,0.0,0.4359787940047681,0.7049897605901947,0.0010573160745545
live_runs/azure_http__b256__s2026100209__mpc_4,azure_http__b256__s2026100209__mpc_4,,completed,mpc_4,azure_http,256.0,2026100209,sha256:610864b9f71a46102b513574fda5537394a6c6bcff6cb484f1d721fcfc664065,41042,35790,5252,4494,0.8720335266312558,209.89617871425423,0.4769425361179589,1.561973207255502,2.513610163176345,0.25,0.5791140782612934,0.10949758783685,0.1279664733687442,8094.983507871628,0.0,204.5359218668891,291.42795167598524,173.24999999999991,2.199533624187128,5.0,1.0,31,51.46407813311089,0.0,0,171,0,0.0,0.0051596376251836,0.1781315251560045,0.0438550229996508,0.2642321168113994,256,2026100209,0.5973636762341017,0.4026363237658983,0.0,0.4059599250031169,0.7989684447925356,0.0010477087290055
live_runs/azure_http__b256__s2026100210__dap,azure_http__b256__s2026100210__dap,,completed,dap,azure_http,256.0,2026100210,sha256:9e12f77b8af8cd29eb4eecce5950b2234bd1444005b67f383bf13da12b589733,42950,36707,6243,2075,0.8546449359720605,215.55759628766157,0.9506516008999824,1.787950500601437,2.130400408837013,0.25,0.7075203725261933,0.0483119906868451,0.1453550640279394,26714.99595618248,0.0,88.75848432499333,133.93946740499814,192.55999999999992,1.5212238954758397,5.0,1.0,31,167.24151567500667,0.0,0,171,0,0.0,0.0010246543747598,0.1710035331257131,0.0373910429375428,0.2448200379399168,256,2026100210,0.800442374854482,0.199557625145518,0.0,0.3885005449992604,0.3467128293945052,0.0010585808397788
live_runs/azure_http__b256__s2026100210__dap_guard45,azure_http__b256__s2026100210__dap_guard45,,completed,dap_guard45,azure_http,256.0,2026100210,sha256:9e12f77b8af8cd29eb4eecce5950b2234bd1444005b67f383bf13da12b589733,42950,35688,7262,3491,0.8309196740395809,210.41060067958577,1.434142571133867,3.09806866090803,3.638640472156548,0.25,0.7844237485448196,0.0812805587892898,0.169080325960419,27967.05104100704,0.0,87.59396076093253,124.97375345199544,194.93999999999997,1.5164396407647356,5.0,1.0,31,168.40603923906747,0.0,0,170,0,0.0,0.001091999593882,0.2100001905296267,0.05502599343572,0.3057013060629288,256,2026100210,0.8582072176949942,0.1417927823050058,0.46875,0.5807759640010772,0.3421639092223927,0.0010661065873009
live_runs/azure_http__b256__s2026100210__immediate,azure_http__b256__s2026100210__immediate,,completed,immediate,azure_http,256.0,2026100210,sha256:9e12f77b8af8cd29eb4eecce5950b2234bd1444005b67f383bf13da12b589733,42950,34814,8136,6566,0.810570430733411,203.85206865143536,1.6399780779041957,5.158740426159784,7.020004645440641,0.25,0.7855413271245635,0.1528754365541327,0.189429569266589,10020.978234767914,0.0,180.46864434001327,262.2930372749106,183.5499999999999,2.056727364722004,5.0,1.0,30,75.53135565998673,0.0,0,171,0,0.0,0.0005033567508689,0.1932221204078814,0.0438782247183553,0.2743894430304863,256,2026100210,0.8065192083818393,0.1934807916181606,0.0,0.5003251549933339,0.7049556419531768,0.0010671222953741
live_runs/azure_http__b256__s2026100210__mpc_4,azure_http__b256__s2026100210__mpc_4,,completed,mpc_4,azure_http,256.0,2026100210,sha256:9e12f77b8af8cd29eb4eecce5950b2234bd1444005b67f383bf13da12b589733,42950,34594,8356,5827,0.8054481955762515,202.3246899828799,1.3612434368909752,3.8506807781501258,6.708533311054489,0.25,0.7545285215366705,0.1356693830034924,0.1945518044237485,12882.066709041595,0.0,186.825724892944,285.0016751999792,182.23,2.0926593302246546,5.0,1.0,30,69.17427510705602,0.0,0,171,0,0.0,0.0058244582187398,0.1924436441559009,0.0424608978119067,0.2837895070006198,256,2026100210,0.7783469150174621,0.2216530849825378,0.0,0.527319949993398,0.7297879878630624,0.001064316488472
live_runs/gentd_inference__b128__s2026100201__dap,gentd_inference__b128__s2026100201__dap,,completed,dap,gentd_inference,128.0,2026100201,sha256:ae9aa8c9bbaff33af3910c2bca151ac3a6e7cfc5489f155cfdc250f4e1b1ab02,801,800,1,1,0.9987515605493134,4.981687672648647,0.1231135723349598,0.354561486100647,0.5144515252685958,1.0,0.0012484394506866,0.0012484394506866,0.0012484394506866,11.499675631523132,9.0,0.0,0.0,37.09000000000001,1.0,1.0,1.0,0,128.0,0.0,0,161,0,0.0,0.0009017283432513,0.1051616159377317,0.0357893893124128,0.1787802430317242,128,2026100201,0.0012484394506866,0.9987515605493134,0.0,0.3341154800000367,0.0,0.0017361657964443
live_runs/gentd_inference__b128__s2026100201__dap_guard45,gentd_inference__b128__s2026100201__dap_guard45,,completed,dap_guard45,gentd_inference,128.0,2026100201,sha256:ae9aa8c9bbaff33af3910c2bca151ac3a6e7cfc5489f155cfdc250f4e1b1ab02,801,801,0,0,1.0,4.984899775424171,0.1302890979901478,0.4016260529970168,0.6151114259992028,1.0,0.0,0.0,0.0,10.49983298778534,9.0,0.0,0.0,38.09,1.0,1.0,1.0,0,128.0,0.0,0,161,0,0.0,0.0008840302189128,0.123617669907162,0.0393470864994469,0.2079766948743326,128,2026100201,0.0,1.0,1.0,0.4179600849965936,0.0,0.0018121379402771
live_runs/gentd_inference__b128__s2026100201__immediate,gentd_inference__b128__s2026100201__immediate,,completed,immediate,gentd_inference,128.0,2026100201,sha256:ae9aa8c9bbaff33af3910c2bca151ac3a6e7cfc5489f155cfdc250f4e1b1ab02,801,801,0,0,1.0,4.987698203102982,0.1189748317004394,0.3113100400005351,0.5289487889967859,1.0,0.0,0.0,0.0,14.50019657611847,9.0,0.0,0.0,37.56,1.0,1.0,1.0,0,128.0,0.0,0,161,0,0.0,0.0004728894057279,0.1144092436559276,0.0371263048118635,0.1899113797182963,128,2026100201,0.0,1.0,0.0,0.3585375190014019,0.0,0.0016399995325997
live_runs/gentd_inference__b128__s2026100201__mpc_4,gentd_inference__b128__s2026100201__mpc_4,,completed,mpc_4,gentd_inference,128.0,2026100201,sha256:ae9aa8c9bbaff33af3910c2bca151ac3a6e7cfc5489f155cfdc250f4e1b1ab02,801,801,0,0,1.0,4.991537207575422,0.1269316665781302,0.3639321279988508,0.4381886850023875,1.0,0.0,0.0,0.0,14.000039219856262,6.0,0.0,0.0,38.120000000000005,1.0,1.0,1.0,0,128.0,0.0,0,161,0,0.0,0.0073717419681997,0.1156184981873593,0.0374427148749418,0.1973786355933953,128,2026100201,0.0,1.0,0.0,0.3982978770000045,0.0,0.0017454436357269
live_runs/gentd_inference__b128__s2026100202__dap,gentd_inference__b128__s2026100202__dap,,completed,dap,gentd_inference,128.0,2026100202,sha256:032703188c6d0ae0c2b4b97046dd89b79dabb991f1c18be7e03757eaca1e25fa,1007,1007,0,0,1.0,6.3207946209869394,0.0803657967426351,0.1951519978014402,0.2634746345679739,1.0,0.0,0.0,0.0,3.999938488006592,0.0,0.0,0.0,35.78999999999999,1.0,1.0,1.0,0,128.0,0.0,0,161,0,0.0,0.0008371475614694,0.1154759299688521,0.034032146500067,0.1899867736260603,128,2026100202,0.0,1.0,0.0,0.4612299660075223,0.0,0.0017580559934842
live_runs/gentd_inference__b128__s2026100202__dap_guard45,gentd_inference__b128__s2026100202__dap_guard45,,completed,dap_guard45,gentd_inference,128.0,2026100202,sha256:032703188c6d0ae0c2b4b97046dd89b79dabb991f1c18be7e03757eaca1e25fa,1007,1007,0,0,1.0,6.320815174265634,0.0807437717011061,0.1941324811952652,0.268512287549092,1.0,0.0,0.0,0.0,7.999971747398376,0.0,0.0,0.0,35.84,1.0,1.0,1.0,0,128.0,0.0,0,161,0,0.0,0.0008240056877184,0.1071361519075253,0.0334314656547576,0.1769087733441665,128,2026100202,0.0,1.0,1.0,0.355723721004324,0.0,0.0017123596112526
live_runs/gentd_inference__b128__s2026100202__immediate,gentd_inference__b128__s2026100202__immediate,,completed,immediate,gentd_inference,128.0,2026100202,sha256:032703188c6d0ae0c2b4b97046dd89b79dabb991f1c18be7e03757eaca1e25fa,1007,1007,0,0,1.0,6.320789059825975,0.0807074977538401,0.1865317374002188,0.2554870868385475,1.0,0.0,0.0,0.0,7.999984622001648,0.0,0.0,0.0,36.25,1.0,1.0,1.0,0,128.0,0.0,0,161,0,0.0,0.000481700342334,0.1173513466876556,0.0339604061241516,0.195633205374861,128,2026100202,0.0,1.0,0.0,0.6706074079993414,0.0,0.0017975727226058
live_runs/gentd_inference__b128__s2026100202__mpc_4,gentd_inference__b128__s2026100202__mpc_4,,completed,mpc_4,gentd_inference,128.0,2026100202,sha256:032703188c6d0ae0c2b4b97046dd89b79dabb991f1c18be7e03757eaca1e25fa,1007,1007,0,0,1.0,6.320814466860983,0.0796085719900873,0.1891464806059957,0.2852875197443062,1.0,0.0,0.0,0.0,9.99960207939148,0.0,0.0,0.0,35.68,1.0,1.0,1.0,0,128.0,0.0,0,161,0,0.0,0.0059099050622535,0.1276794230625455,0.0369254178112896,0.217102701062231,128,2026100202,0.0,1.0,0.0,0.5527977310121059,0.0,0.0017063513643392
live_runs/gentd_inference__b128__s2026100203__dap,gentd_inference__b128__s2026100203__dap,,completed,dap,gentd_inference,128.0,2026100203,sha256:9c31a0971b183ef4cbff40ca7e35eaa661392dd731d4aab851a224a615edefb7,1392,1373,19,17,0.9863505747126436,8.877689716115661,0.5751070221071428,2.7222610211989378,2.9854879795148737,1.0,0.2198275862068965,0.0122126436781609,0.0136494252873563,623.9970774650574,0.0,19.56299177996698,24.42575731298712,47.84,1.1264924770149076,5.0,1.0,3,108.43700822003302,0.0,0,161,0,0.0,0.000796456187345,0.1482479726546444,0.0392081312506888,0.233147258752524,128,2026100203,0.2212643678160919,0.7787356321839081,0.0,0.6191072880028514,0.152835873280992,0.0016422474487743
live_runs/gentd_inference__b128__s2026100203__dap_guard45,gentd_inference__b128__s2026100203__dap_guard45,,completed,dap_guard45,gentd_inference,128.0,2026100203,sha256:9c31a0971b183ef4cbff40ca7e35eaa661392dd731d4aab851a224a615edefb7,1392,1392,0,0,1.0,9.000481922657,0.5977692040635169,3.023320325499663,3.172434953191404,1.0,0.1989942528735632,0.0,0.0,662.9960095882416,0.0,17.03651776400511,19.859562368001207,49.58,1.1101557975287015,3.0,1.0,4,110.96348223599487,0.0,0,161,0,0.0,0.0007924657811599,0.1291567597181711,0.035652108155773,0.1993442582488569,128,2026100203,0.1989942528735632,0.8010057471264368,1.0,0.4392297960002906,0.1330977950312899,0.0017077902552166
live_runs/gentd_inference__b128__s2026100203__immediate,gentd_inference__b128__s2026100203__immediate,,completed,immediate,gentd_inference,128.0,2026100203,sha256:9c31a0971b183ef4cbff40ca7e35eaa661392dd731d4aab851a224a615edefb7,1392,1392,0,0,1.0,9.000501786063603,0.3929684221392845,1.8049851161966215,2.10258036889776,1.0,0.160919540229885,0.0,0.0,387.0002063512802,0.0,8.303269483993063,9.98500232200604,48.30999999999999,1.0536879251586544,2.0,1.0,2,119.69673051600694,0.0,0,161,0,0.0,0.0004426454688655,0.1021072792491395,0.0322078862500347,0.1695633843137329,128,2026100203,0.160919540229885,0.8390804597701149,0.0,0.4283539520110935,0.0648692928436958,0.0016699654108935
live_runs/gentd_inference__b128__s2026100203__mpc_4,gentd_inference__b128__s2026100203__mpc_4,,completed,mpc_4,gentd_inference,128.0,2026100203,sha256:9c31a0971b183ef4cbff40ca7e35eaa661392dd731d4aab851a224a615edefb7,1392,1300,92,90,0.9339080459770116,8.405587944685266,0.9993539274454368,4.401783915045234,4.818472808682709,1.0,0.3599137931034483,0.0646551724137931,0.0660919540229885,1127.999416589737,0.0,17.924427235964686,25.223904554004548,46.36000000000001,1.1158964226846253,5.0,1.0,4,110.07557276403531,0.0,0,161,0,0.0,0.0060832683129774,0.1278741174046445,0.0335033559995281,0.2096260680641535,128,2026100203,0.3613505747126437,0.6386494252873562,0.0,0.4603921180096222,0.1400345877809741,0.0017737387149528
live_runs/gentd_inference__b128__s2026100204__dap,gentd_inference__b128__s2026100204__dap,,completed,dap,gentd_inference,128.0,2026100204,sha256:abd3bcec3edd9f2da953ae4c6dca61859b7af5edf66b06dee6b87e34016b4349,1770,1770,0,0,1.0,11.0642626044552,0.093287681744279,0.2445006112488044,0.3612674864516882,1.0,0.0,0.0,0.0,21.00020122528076,0.0,3.2082343399961246,4.901657187991077,60.29,1.020054659454434,2.0,1.0,2,124.79176566000388,0.0,0,161,0,0.0,0.0008149674999913,0.1099886330312074,0.0341371308127236,0.1767002508740915,128,2026100204,0.0,1.0,0.0,0.3517785119911423,0.0250643307812197,0.0016888833398816
live_runs/gentd_inference__b128__s2026100204__dap_guard45,gentd_inference__b128__s2026100204__dap_guard45,,completed,dap_guard45,gentd_inference,128.0,2026100204,sha256:abd3bcec3edd9f2da953ae4c6dca61859b7af5edf66b06dee6b87e34016b4349,1770,1769,1,1,0.9994350282485877,11.05804098243402,0.0923862083080088,0.2553449686005476,0.3444578870444092,1.0,0.0005649717514124,0.0005649717514124,0.0005649717514124,19.00005555152893,0.0,3.2378503069921862,4.944861951997154,61.27,1.0202398425040735,2.0,1.0,2,124.7621496930078,0.0,0,161,0,0.0,0.0007490120633519,0.106159603281867,0.0356669099382997,0.18220772981158,128,2026100204,0.0005649717514124,0.9994350282485877,1.0,0.390466181008378,0.0252957055233764,0.001682455518943
live_runs/gentd_inference__b128__s2026100204__immediate,gentd_inference__b128__s2026100204__immediate,,completed,immediate,gentd_inference,128.0,2026100204,sha256:abd3bcec3edd9f2da953ae4c6dca61859b7af5edf66b06dee6b87e34016b4349,1770,1770,0,0,1.0,11.06421502012825,0.0994773875277816,0.3146589961470453,0.4594094627778394,1.0,0.0,0.0,0.0,21.99981379508972,0.0,4.127171526008169,4.981086195999524,60.95,1.025798821010568,2.0,1.0,2,123.87282847399185,0.0,0,161,0,0.0,0.0004617770300683,0.1096321479371909,0.0316402508133251,0.1755275311556943,128,2026100204,0.0,1.0,0.0,0.3525970930058975,0.0322435275469388,0.0016706576595655
live_runs/gentd_inference__b128__s2026100204__mpc_4,gentd_inference__b128__s2026100204__mpc_4,,completed,mpc_4,gentd_inference,128.0,2026100204,sha256:abd3bcec3edd9f2da953ae4c6dca61859b7af5edf66b06dee6b87e34016b4349,1770,1770,0,0,1.0,11.064258071329546,0.0924906985830212,0.2677051868020498,0.3975197002825734,1.0,0.0,0.0,0.0,19.00006115436554,0.0,3.0505884169979254,4.998612905998016,59.59,1.019069207635635,2.0,1.0,2,124.94941158300207,0.0,0,161,0,0.0,0.0059003991882491,0.1003525516875925,0.0313031906248397,0.1725025328114497,128,2026100204,0.0,1.0,0.0,0.3406819429947063,0.0238327220077962,0.0016315116929654
live_runs/gentd_inference__b128__s2026100205__dap,gentd_inference__b128__s2026100205__dap,,completed,dap,gentd_inference,128.0,2026100205,sha256:7f17048c7a48a594f1702336059b50ddb9f3f47d767d3c6c64023ce45256606b,2330,2238,92,14,0.9605150214592276,13.832873312939496,1.1789299404209048,4.794598899441917,4.932128970643681,1.0,0.3545064377682403,0.0060085836909871,0.0394849785407725,2192.485202550888,45.0,50.69395529096073,64.39123609496164,74.05,1.3133347011937797,5.0,5.0,5,77.30604470903927,0.0,0,161,0,0.0,0.0009062037192961,0.1276172647189923,0.0343977346542487,0.1965423203137106,128,2026100205,0.3879828326180257,0.6120171673819743,0.0,0.4992966860008891,0.3960465257106307,0.0014798532120984
live_runs/gentd_inference__b128__s2026100205__dap_guard45,gentd_inference__b128__s2026100205__dap_guard45,,completed,dap_guard45,gentd_inference,128.0,2026100205,sha256:7f17048c7a48a594f1702336059b50ddb9f3f47d767d3c6c64023ce45256606b,2330,2260,70,0,0.9699570815450644,13.820028001237896,1.2379430533413551,4.549508749900268,5.021205113786563,1.0,0.3781115879828326,0.0,0.0300429184549356,2347.5003340244293,9.0,41.30833965499187,44.71880675299326,76.95,1.2526028366002802,3.0,1.0,2,86.69166034500813,0.0,0,164,0,0.0,0.000662260219542,0.127256218531329,0.0318585468116907,0.1927706597812175,128,2026100205,0.3982832618025751,0.6017167381974249,1.0,0.4589445570018142,0.322721403554624,0.0014908675288211
live_runs/gentd_inference__b128__s2026100205__immediate,gentd_inference__b128__s2026100205__immediate,,completed,immediate,gentd_inference,128.0,2026100205,sha256:7f17048c7a48a594f1702336059b50ddb9f3f47d767d3c6c64023ce45256606b,2330,2116,214,60,0.9081545064377684,12.320018266654827,1.685991370909813,4.755051589003415,4.893810654043045,1.0,0.4781115879828326,0.0257510729613733,0.0918454935622317,3161.000674843788,0.0,55.90964790302678,70.66493583800911,71.99,1.325523574408095,5.0,1.0,5,72.09035209697322,0.0,0,172,0,0.0,0.0004819849691557,0.1297528151244478,0.031922367842526,0.1950594372192426,128,2026100205,0.544206008583691,0.455793991416309,0.0,0.5034506270021666,0.4367941242423967,0.0015150638400847
live_runs/gentd_inference__b128__s2026100205__mpc_4,gentd_inference__b128__s2026100205__mpc_4,,completed,mpc_4,gentd_inference,128.0,2026100205,sha256:7f17048c7a48a594f1702336059b50ddb9f3f47d767d3c6c64023ce45256606b,2330,2051,279,83,0.8802575107296138,11.939782249132154,1.611276642215366,4.830220337003993,5.017483493502368,1.0,0.4278969957081545,0.0356223175965665,0.1197424892703862,2942.001138329506,0.0,46.35947207499703,61.191863676009234,68.05000000000001,1.2698790842321732,5.0,1.0,5,81.64052792500297,0.0,0,172,0,0.0,0.0054111247191031,0.1288215780946302,0.0331256356557787,0.200235273094222,128,2026100205,0.5120171673819742,0.4879828326180258,0.0,0.5667118429992115,0.3621833755859143,0.0015491941819988
live_runs/gentd_inference__b128__s2026100206__dap,gentd_inference__b128__s2026100206__dap,,completed,dap,gentd_inference,128.0,2026100206,sha256:b42d98c352f46fac3d35e667473454c967f8dc91ae9817a96a866489f0aacc6a,4091,3900,191,54,0.9533121486189196,24.50776737014859,1.5392526018497823,4.65947890965326,5.830733781469462,1.0,0.4864336348081153,0.013199706673185,0.0466878513810804,5163.002976059914,0.0,117.54468354200073,139.5018327369762,150.76999999999995,1.7386558358577149,5.0,1.0,14,10.455316457999288,0.0,0,161,0,0.0,0.0007838146261747,0.2087072794056439,0.0363952263746796,0.2860068912814313,128,2026100206,0.5199217795160107,0.4800782204839893,0.21875,0.7082180580036948,0.9183178401718806,0.0014987648548938
live_runs/gentd_inference__b128__s2026100206__dap_guard45,gentd_inference__b128__s2026100206__dap_guard45,,completed,dap_guard45,gentd_inference,128.0,2026100206,sha256:b42d98c352f46fac3d35e667473454c967f8dc91ae9817a96a866489f0aacc6a,4091,3872,219,0,0.9464678562698606,24.3315016460147,2.4883665880783803,5.20364829889877,5.390605089403834,1.0,0.6959178684918113,0.0,0.0535321437301393,8761.000435113907,0.0,80.12939752000966,85.23878941498697,147.01999999999992,1.5035301052820973,3.0,1.0,5,47.87060247999034,0.0,0,161,0,0.0,0.0007106556249709,0.1884894143431665,0.034418987250774,0.2572179035641966,128,2026100206,0.7494500122219506,0.2505499877780494,1.0,0.5206567290006205,0.6260109181250755,0.0015276393609156
live_runs/gentd_inference__b128__s2026100206__immediate,gentd_inference__b128__s2026100206__immediate,,completed,immediate,gentd_inference,128.0,2026100206,sha256:b42d98c352f46fac3d35e667473454c967f8dc91ae9817a96a866489f0aacc6a,4091,3357,734,150,0.82058176484967,21.095396003002566,2.011540123146908,5.297054272599053,5.482190957751591,1.0,0.467367391835737,0.0366658518699584,0.1794182351503299,6129.002520561218,0.0,101.28504070895724,148.15768505792948,117.96999999999996,1.6364754372760466,5.0,1.0,16,26.71495929104276,0.0,0,161,0,0.0,0.0004758025934279,0.1740062381236384,0.0368280116867936,0.2454313990283481,128,2026100206,0.6101197751161085,0.3898802248838915,0.125,0.5810427229880588,0.7912893805387284,0.0015625955616371
live_runs/gentd_inference__b128__s2026100206__mpc_4,gentd_inference__b128__s2026100206__mpc_4,,completed,mpc_4,gentd_inference,128.0,2026100206,sha256:b42d98c352f46fac3d35e667473454c967f8dc91ae9817a96a866489f0aacc6a,4091,3332,759,121,0.8144707895380102,20.93831059601285,1.9694906922250413,5.270486938152317,5.369474185721483,1.0,0.438523588364703,0.0295771205084331,0.1855292104619897,5922.998294711113,0.0,107.85331725097784,137.72479510196715,125.24,1.6777509770141914,5.0,1.0,15,20.146682749022148,0.0,0,161,0,0.0,0.0057254618109254,0.1719588684672999,0.0334400941551393,0.2422200239693666,128,2026100206,0.5944756783182596,0.4055243216817403,0.15625,0.5641700370033504,0.8426040410232645,0.0015172000509551
live_runs/gentd_inference__b128__s2026100207__dap,gentd_inference__b128__s2026100207__dap,,completed,dap,gentd_inference,128.0,2026100207,sha256:318d1b83fc1197daa4638ca8b8f2f15d55373bbd7a157a6030b8ac9c59a5ebd7,5569,4804,765,35,0.8626324295205603,30.02142444834733,2.0434834692817825,5.58100541300373,5.996191541073495,1.0,0.4460405817920632,0.0062847908062488,0.1373675704794397,8837.943667888641,0.0,121.29102392504863,139.95056483402732,199.03,1.7579786242773805,5.0,1.0,13,6.708976074951352,0.0,0,161,0,0.0,0.0009005647184494,0.2301473185621034,0.0448785762469015,0.3170481666570595,128,2026100207,0.5771233614652541,0.4228766385347459,0.53125,0.5211962070025038,0.9475861244144426,0.0016604529893726
live_runs/gentd_inference__b128__s2026100207__dap_guard45,gentd_inference__b128__s2026100207__dap_guard45,,completed,dap_guard45,gentd_inference,128.0,2026100207,sha256:318d1b83fc1197daa4638ca8b8f2f15d55373bbd7a157a6030b8ac9c59a5ebd7,5569,4776,793,6,0.8576045968755611,29.844235128997067,2.9984119210540725,5.808387969798059,6.068423137685749,1.0,0.6322499551086371,0.0010773927096426,0.1423954031244388,13310.507660627363,0.0,79.6164872340014,85.30172809699434,195.66,1.49750694412821,3.0,1.0,7,48.3835127659986,0.0,0,161,0,0.0,0.0007290359681064,0.2233624951236379,0.0362916421863701,0.2978328176245668,128,2026100207,0.758484467588436,0.2415155324115639,1.0,0.5962518009910127,0.6220038065156359,0.0016766530216486
live_runs/gentd_inference__b128__s2026100207__immediate,gentd_inference__b128__s2026100207__immediate,,completed,immediate,gentd_inference,128.0,2026100207,sha256:318d1b83fc1197daa4638ca8b8f2f15d55373bbd7a157a6030b8ac9c59a5ebd7,5569,4813,756,134,0.8642485185850243,30.07788571065545,2.116542034078825,5.817313515598652,6.135208775995416,1.0,0.4699227868558089,0.0240617705153528,0.1357514814149757,9219.003113389015,0.0,123.74283549495158,162.4752753469511,188.3999999999999,1.7733062255411576,5.0,1.0,21,4.257164505048422,0.0,0,161,0,0.0,0.0005276136871543,0.2263138027806235,0.0433040085326865,0.3065058516249337,128,2026100207,0.5816124977554319,0.4183875022445681,0.40625,0.6263380149903242,0.9667409023043092,0.0016211932833812
live_runs/gentd_inference__b128__s2026100207__mpc_4,gentd_inference__b128__s2026100207__mpc_4,,completed,mpc_4,gentd_inference,128.0,2026100207,sha256:318d1b83fc1197daa4638ca8b8f2f15d55373bbd7a157a6030b8ac9c59a5ebd7,5569,4680,889,339,0.8403663135212786,29.246517124766296,2.0680987936025352,5.729997463000473,6.037525395999546,1.0,0.48787933201652,0.0608726880948105,0.1596336864787215,8504.4923838377,0.0,122.4043095911038,156.05400733101123,187.58,1.764935841154148,5.0,1.0,19,5.595690408896189,0.0,0,161,0,0.0,0.0049408902177674,0.2240263776247957,0.0564913524681287,0.3257336134711295,128,2026100207,0.5808942359490034,0.4191057640509966,0.4375,0.6054729260067688,0.9562836686804984,0.00169353460776
live_runs/gentd_inference__b128__s2026100208__dap,gentd_inference__b128__s2026100208__dap,,completed,dap,gentd_inference,128.0,2026100208,sha256:8edaecd5b0d065f1415b2dffb97cdc958bb7614e7d2b2b8b8ba2aec84f3978ad,6917,5611,1306,94,0.8111898221772444,34.0507938742174,2.0603220238259543,5.278901708996273,5.5336939434986565,1.0,0.4710134451351742,0.0135897065201677,0.1888101778227555,10387.994697451591,19.0,124.54015548694588,151.39220239798306,209.11000000000007,1.7557817079930456,5.0,1.0,12,3.459844513054122,0.0,0,165,0,0.0,0.0009132360933108,0.2225381531561652,0.0444858730611485,0.3057329214384481,128,2026100208,0.6462339164377621,0.3537660835622379,0.25,0.6174978490016656,0.9729699647417648,0.0014654166902012
live_runs/gentd_inference__b128__s2026100208__dap_guard45,gentd_inference__b128__s2026100208__dap_guard45,,completed,dap_guard45,gentd_inference,128.0,2026100208,sha256:8edaecd5b0d065f1415b2dffb97cdc958bb7614e7d2b2b8b8ba2aec84f3978ad,6917,5019,1898,0,0.7256035853693797,30.42286957324233,2.8649316058471395,5.782714853461949,5.98667225938305,1.0,0.4769408703195026,0.0,0.2743964146306202,13269.500306487083,19.0,79.24788059499406,85.22872947101132,188.3800000000001,1.4803642030877435,3.0,1.0,6,48.75211940500594,0.0,0,165,0,0.0,0.0006947767810743,0.2132937614687762,0.0411451374061471,0.2908196730304553,128,2026100208,0.7409281480410582,0.2590718519589418,1.0,0.6530712470121216,0.6191240671483911,0.0014911965447813
live_runs/gentd_inference__b128__s2026100208__immediate,gentd_inference__b128__s2026100208__immediate,,completed,immediate,gentd_inference,128.0,2026100208,sha256:8edaecd5b0d065f1415b2dffb97cdc958bb7614e7d2b2b8b8ba2aec84f3978ad,6917,5622,1295,110,0.812780106982796,34.083997740673524,1.8414675378089735,5.232031287904101,5.570218150940927,1.0,0.3995952002313142,0.0159028480555154,0.187219893017204,9237.957035899162,20.0,122.65061471794615,145.73963040093076,204.41,1.743582937555798,5.0,1.0,13,5.349385282053845,0.0,0,165,0,0.0,0.0004867728130193,0.2186269683120372,0.0401962057208038,0.2968975079052143,128,2026100208,0.5709122451930028,0.4290877548069972,0.25,0.686139429002651,0.9582079274839544,0.0014882657292332
live_runs/gentd_inference__b128__s2026100208__mpc_4,gentd_inference__b128__s2026100208__mpc_4,,completed,mpc_4,gentd_inference,128.0,2026100208,sha256:8edaecd5b0d065f1415b2dffb97cdc958bb7614e7d2b2b8b8ba2aec84f3978ad,6917,5539,1378,58,0.8007806852681798,33.23388623056819,2.1021157048132584,5.239575841306214,5.697840073862026,1.0,0.4499060286251265,0.0083851380656353,0.1992193147318201,10439.500473856926,0.0,121.01294327594223,147.6274985789496,203.34000000000003,1.7260751740853704,5.0,1.0,16,6.987056724057766,0.0,0,167,0,0.0,0.0053484444997593,0.2322502925335356,0.0399813030612676,0.3149137693135344,128,2026100208,0.6345236374150643,0.3654763625849356,0.25,0.6901984199939761,0.9454136193432988,0.0015201628862122
live_runs/gentd_inference__b128__s2026100209__dap,gentd_inference__b128__s2026100209__dap,,completed,dap,gentd_inference,128.0,2026100209,sha256:fdf23d1ec125ac5c0cbf85f07900c8be8950999c45e012e24111295a8b7d9b3f,8326,6164,2162,66,0.7403314917127072,37.44293580712719,2.3446618053716306,5.366294691202347,5.684178019606625,1.0,0.4243334134037953,0.00792697573865,0.2596685082872928,13182.998357772827,12.0,121.89933307700268,140.7280973600282,230.40000000000003,1.7404719181268375,5.0,1.0,13,6.100666922997334,0.0,0,165,0,0.0,0.0008553806865165,0.2376491745012572,0.0369077335935799,0.3107368069381664,128,2026100209,0.6671871246697093,0.3328128753302907,0.40625,0.5853051449958002,0.9523385396640832,0.0015390147173413
live_runs/gentd_inference__b128__s2026100209__dap_guard45,gentd_inference__b128__s2026100209__dap_guard45,,completed,dap_guard45,gentd_inference,128.0,2026100209,sha256:fdf23d1ec125ac5c0cbf85f07900c8be8950999c45e012e24111295a8b7d9b3f,8326,5759,2567,36,0.6916886860437185,34.95092797297892,3.075502699319917,5.726681282608479,6.053303250015306,1.0,0.5315877972615902,0.0043238049483545,0.3083113139562815,16401.00137746334,18.0,79.3736694479885,85.29645192500902,217.35000000000008,1.4817126938405425,3.0,1.0,7,48.626330552011495,0.0,0,165,0,0.0,0.0007246201257657,0.2281165220315415,0.0354749879998053,0.2980850957496841,128,2026100209,0.82536632236368,0.1746336776363199,1.0,0.5264349630015204,0.6201067925624102,0.0015915494340505
live_runs/gentd_inference__b128__s2026100209__immediate,gentd_inference__b128__s2026100209__immediate,,completed,immediate,gentd_inference,128.0,2026100209,sha256:fdf23d1ec125ac5c0cbf85f07900c8be8950999c45e012e24111295a8b7d9b3f,8326,5639,2687,381,0.6772760028825366,32.880076005008135,2.872105904473369,5.387244253698736,5.578468474877591,1.0,0.4863079509968772,0.0457602690367523,0.3227239971174633,14945.999071121216,0.0,123.64862979805912,169.03729795396794,198.4100000000001,1.720974702194591,5.0,1.0,19,4.351370201940881,0.0,0,172,0,0.0,0.0005184597812331,0.2314495572186388,0.0374311785640202,0.3016579924073994,128,2026100209,0.7561854431900072,0.2438145568099927,0.40625,0.5604817700077547,0.9660049202973368,0.0015552500940376
live_runs/gentd_inference__b128__s2026100209__mpc_4,gentd_inference__b128__s2026100209__mpc_4,,completed,mpc_4,gentd_inference,128.0,2026100209,sha256:fdf23d1ec125ac5c0cbf85f07900c8be8950999c45e012e24111295a8b7d9b3f,8326,5802,2524,224,0.696853230843142,35.19243559613413,2.688095360707748,5.362925871850893,5.692010358248808,1.0,0.4657698774921931,0.0269036752342061,0.303146769156858,14214.008831620216,0.0,121.60753461997956,157.16469103001873,209.54,1.7376189814061156,5.0,1.0,16,6.39246538002044,0.0,0,165,0,0.0,0.003930480686904,0.2312219289065069,0.0352082027798132,0.3074759577507393,128,2026100209,0.742012971414845,0.257987028585155,0.40625,0.547980427989387,0.9500588642185904,0.0015547849593779
live_runs/gentd_inference__b128__s2026100210__dap,gentd_inference__b128__s2026100210__dap,,completed,dap,gentd_inference,128.0,2026100210,sha256:86be3eb2e888627c0069f5b5d57eedd3e4d2aee91f467cc8f4f3187a0b082704,9955,6411,3544,74,0.643997990959317,39.283119423731605,2.380143078539033,5.450936223001918,5.640038386304513,1.0,0.3647413360120542,0.0074334505273731,0.3560020090406831,13732.499440789225,1.0,120.67425305796496,135.70691622399318,245.5,1.7394261572680778,5.0,1.0,11,7.325746942035039,0.0,0,164,0,0.0,0.0007789047817823,0.2445415410297755,0.0362466854039666,0.3151236101571157,128,2026100210,0.7133098945253641,0.2866901054746359,0.65625,0.6981129670020891,0.9427676020153511,0.0014667493669477
live_runs/gentd_inference__b128__s2026100210__dap_guard45,gentd_inference__b128__s2026100210__dap_guard45,,completed,dap_guard45,gentd_inference,128.0,2026100210,sha256:86be3eb2e888627c0069f5b5d57eedd3e4d2aee91f467cc8f4f3187a0b082704,9955,6618,3337,0,0.6647915620291311,40.5561146316454,3.3484652279543226,4.975233451996609,5.04403744655836,1.0,0.5581115017579106,0.0,0.3352084379708689,20627.001800060272,0.0,81.28331169801822,85.47917581901129,234.0700000000001,1.4981165468214854,3.0,1.0,5,46.716688301981776,0.0,0,164,0,0.0,0.0006274305305851,0.2169622186243032,0.0326999960930152,0.2827665889385571,128,2026100210,0.8806629834254144,0.1193370165745856,1.0,0.5133505200064974,0.6350258726407674,0.0014213759292289
live_runs/gentd_inference__b128__s2026100210__immediate,gentd_inference__b128__s2026100210__immediate,,completed,immediate,gentd_inference,128.0,2026100210,sha256:86be3eb2e888627c0069f5b5d57eedd3e4d2aee91f467cc8f4f3187a0b082704,9955,6667,3288,138,0.669713711702662,40.92035431841573,2.533843186189612,5.025505392203923,5.337145994397579,1.0,0.427021597187343,0.0138623807132094,0.330286288297338,15495.000574111938,22.0,123.20451313995,141.05726683797548,235.81000000000003,1.7561980397952093,5.0,1.0,13,4.795486860050005,0.0,0,163,0,0.0,0.0004484831570152,0.2351377043437423,0.0405594864996601,0.3118677880311225,128,2026100210,0.7434455047714716,0.2565544952285283,0.65625,0.5939333459973568,0.9625352589058592,0.0014879813988308
live_runs/gentd_inference__b128__s2026100210__mpc_4,gentd_inference__b128__s2026100210__mpc_4,,completed,mpc_4,gentd_inference,128.0,2026100210,sha256:86be3eb2e888627c0069f5b5d57eedd3e4d2aee91f467cc8f4f3187a0b082704,9955,6449,3506,196,0.6478151682571572,39.56964512088497,2.528447026655784,5.045857277809409,5.25529741235543,1.0,0.4336514314414867,0.0196885986941235,0.3521848317428428,14883.99904704094,24.0,121.85280412595604,153.20609810190217,221.62000000000003,1.7476619966271962,5.0,1.0,16,6.147195874043973,0.0,0,163,0,0.0,0.0030119373436718,0.2204244859676691,0.0361977940324322,0.2911494934069196,128,2026100210,0.7585133098945254,0.2414866901054746,0.5625,0.5504169889900368,0.9519750322340316,0.0014987649404979
live_runs/gentd_inference__b256__s2026100201__dap,gentd_inference__b256__s2026100201__dap,,completed,dap,gentd_inference,256.0,2026100201,sha256:ae9aa8c9bbaff33af3910c2bca151ac3a6e7cfc5489f155cfdc250f4e1b1ab02,801,801,0,0,1.0,5.000055855118316,0.0727443608551864,0.1489720460012904,0.2017024460001266,1.0,0.0,0.0,0.0,3.0000150203704834,0.0,0.0,0.0,28.73,1.0,1.0,1.0,0,256.0,0.0,0,161,0,0.0,0.000925602531197,0.1186648265304484,0.034449883874231,0.1934528640942971,256,2026100201,0.0,1.0,0.0,0.4503474390003248,0.0,0.001812412795644
live_runs/gentd_inference__b256__s2026100201__dap_guard45,gentd_inference__b256__s2026100201__dap_guard45,,completed,dap_guard45,gentd_inference,256.0,2026100201,sha256:ae9aa8c9bbaff33af3910c2bca151ac3a6e7cfc5489f155cfdc250f4e1b1ab02,801,801,0,0,1.0,4.984305434728163,0.1249487014281115,0.3467225120039074,0.6279006989934715,1.0,0.0,0.0,0.0,14.499954342842102,11.0,0.0,0.0,37.52,1.0,1.0,1.0,0,256.0,0.0,0,161,0,0.0,0.0009842244692208,0.1176169630316508,0.0378539216872013,0.1991072245000396,256,2026100201,0.0,1.0,0.0,0.4645473240016144,0.0,0.0017306940553112
live_runs/gentd_inference__b256__s2026100201__immediate,gentd_inference__b256__s2026100201__immediate,,completed,immediate,gentd_inference,256.0,2026100201,sha256:ae9aa8c9bbaff33af3910c2bca151ac3a6e7cfc5489f155cfdc250f4e1b1ab02,801,801,0,0,1.0,4.99376905944425,0.1117310204468088,0.2953544370029703,0.3745186090018251,1.0,0.0,0.0,0.0,7.500016570091248,5.0,0.0,0.0,36.85,1.0,1.0,1.0,0,256.0,0.0,0,161,0,0.0,0.0004607781256709,0.1118908424368783,0.0373486804371623,0.1837562913440251,256,2026100201,0.0,1.0,0.0,0.3479465070049627,0.0,0.0016910768827642
live_runs/gentd_inference__b256__s2026100201__mpc_4,gentd_inference__b256__s2026100201__mpc_4,,completed,mpc_4,gentd_inference,256.0,2026100201,sha256:ae9aa8c9bbaff33af3910c2bca151ac3a6e7cfc5489f155cfdc250f4e1b1ab02,801,801,0,0,1.0,4.990812636638231,0.1143822869689052,0.2997797829957562,0.4270268010004656,1.0,0.0,0.0,0.0,15.499839067459106,7.0,0.0,0.0,37.96,1.0,1.0,1.0,0,256.0,0.0,0,161,0,0.0,0.0063499793748178,0.1184373544069785,0.0394312469059059,0.2041390199992747,256,2026100201,0.0,1.0,0.0,0.4451394479983719,0.0,0.0016976007009361
live_runs/gentd_inference__b256__s2026100202__dap,gentd_inference__b256__s2026100202__dap,,completed,dap,gentd_inference,256.0,2026100202,sha256:032703188c6d0ae0c2b4b97046dd89b79dabb991f1c18be7e03757eaca1e25fa,1007,1006,1,1,0.9990069513406156,6.314471779201159,0.0821892183012168,0.2082011419988703,0.3446892122487043,1.0,0.0009930486593843,0.0009930486593843,0.0009930486593843,10.000015616416931,0.0,17.662575853995804,20.009802296997805,37.580000000000005,1.1108646488847478,2.0,1.0,2,238.3374241460042,0.0,0,161,0,0.0,0.0008264453742867,0.1253309771559543,0.045801648093402,0.2155328531873692,256,2026100202,0.0009930486593843,0.9990069513406156,0.0,0.5621929979970446,0.0689944369296711,0.0017430959211935
live_runs/gentd_inference__b256__s2026100202__dap_guard45,gentd_inference__b256__s2026100202__dap_guard45,,completed,dap_guard45,gentd_inference,256.0,2026100202,sha256:032703188c6d0ae0c2b4b97046dd89b79dabb991f1c18be7e03757eaca1e25fa,1007,1007,0,0,1.0,6.3208089326436,0.0818266250666049,0.1952994881990889,0.3474548940587548,1.0,0.0,0.0,0.0,9.999982953071594,0.0,18.05636993799999,20.034173357002143,37.06,1.1133375018820533,2.0,1.0,2,237.943630062,0.0,0,161,0,0.0,0.0009837221871293,0.1264481870623512,0.0408029765319497,0.206843593562553,256,2026100202,0.0,1.0,0.0,0.4559285189970978,0.0705326950703124,0.0016262008219541
live_runs/gentd_inference__b256__s2026100202__immediate,gentd_inference__b256__s2026100202__immediate,,completed,immediate,gentd_inference,256.0,2026100202,sha256:032703188c6d0ae0c2b4b97046dd89b79dabb991f1c18be7e03757eaca1e25fa,1007,1007,0,0,1.0,6.320835327195824,0.0797129972483417,0.1889320238988147,0.2991050838597581,1.0,0.0,0.0,0.0,5.999987363815308,0.0,0.0,0.0,35.959999999999994,1.0,1.0,1.0,0,256.0,0.0,0,161,0,0.0,0.0004829374993278,0.1367925856561669,0.0394682284374994,0.2256582105628695,256,2026100202,0.0,1.0,0.0,0.5561638750004931,0.0,0.0017049243920169
live_runs/gentd_inference__b256__s2026100202__mpc_4,gentd_inference__b256__s2026100202__mpc_4,,completed,mpc_4,gentd_inference,256.0,2026100202,sha256:032703188c6d0ae0c2b4b97046dd89b79dabb991f1c18be7e03757eaca1e25fa,1007,1007,0,0,1.0,6.320787702913111,0.0786195106543332,0.1792539696994935,0.2983405505580594,1.0,0.0,0.0,0.0,4.999978065490723,0.0,0.0,0.0,35.35,1.0,1.0,1.0,0,256.0,0.0,0,161,0,0.0,0.0057015249990399,0.1168904094067784,0.0340359303124842,0.1994094257813685,256,2026100202,0.0,1.0,0.0,0.3900338540042867,0.0,0.0018166651604659
live_runs/gentd_inference__b256__s2026100203__dap,gentd_inference__b256__s2026100203__dap,,completed,dap,gentd_inference,256.0,2026100203,sha256:9c31a0971b183ef4cbff40ca7e35eaa661392dd731d4aab851a224a615edefb7,1392,1392,0,0,1.0,9.000503407466374,0.3728667561022173,2.221629819550436,2.8368939495872474,1.0,0.1307471264367816,0.0,0.0,371.5000908374786,0.0,26.763752341998043,29.74562642199453,48.04000000000002,1.1730511811427726,3.0,1.0,3,229.236247658002,0.0,0,161,0,0.0,0.0009557885937283,0.1130449367506116,0.0324651638748036,0.1841023273427708,256,2026100203,0.1307471264367816,0.8692528735632183,0.0,0.5496570789982798,0.1045459075859298,0.0016614225339941
live_runs/gentd_inference__b256__s2026100203__dap_guard45,gentd_inference__b256__s2026100203__dap_guard45,,completed,dap_guard45,gentd_inference,256.0,2026100203,sha256:9c31a0971b183ef4cbff40ca7e35eaa661392dd731d4aab851a224a615edefb7,1392,1392,0,0,1.0,9.000482054354991,0.3810415122248721,2.2592600345516987,2.8455430491408324,1.0,0.1329022988505747,0.0,0.0,395.5029023885727,0.0,26.7325254540192,29.736782292020507,48.31,1.1728488617934538,3.0,1.0,3,229.2674745459808,0.0,0,161,0,0.0,0.0008860806560733,0.1176970283440823,0.0344734550631073,0.1922133137800301,256,2026100203,0.1329022988505747,0.8670977011494253,0.0,0.4355744939966826,0.1044239275547624,0.0017417082326616
live_runs/gentd_inference__b256__s2026100203__immediate,gentd_inference__b256__s2026100203__immediate,,completed,immediate,gentd_inference,256.0,2026100203,sha256:9c31a0971b183ef4cbff40ca7e35eaa661392dd731d4aab851a224a615edefb7,1392,1379,13,11,0.9906609195402298,8.916460065450135,0.4065096037120937,2.0639026625998667,2.318049874507997,1.0,0.1637931034482758,0.0079022988505747,0.0093390804597701,412.9999446868897,0.0,11.573305359008373,14.947824315007892,47.50000000000001,1.074831700550296,3.0,1.0,3,244.42669464099163,0.0,0,161,0,0.0,0.0004495334064813,0.1170445359998666,0.0389262623743889,0.1885871077206502,256,2026100203,0.1652298850574712,0.8347701149425287,0.0,0.5658966460032389,0.0452082240586264,0.0017310970660214
live_runs/gentd_inference__b256__s2026100203__mpc_4,gentd_inference__b256__s2026100203__mpc_4,,completed,mpc_4,gentd_inference,256.0,2026100203,sha256:9c31a0971b183ef4cbff40ca7e35eaa661392dd731d4aab851a224a615edefb7,1392,1370,22,15,0.9841954022988506,8.858288209211564,0.5100354748977629,2.785402830292878,2.9677580889049566,1.0,0.1889367816091954,0.0107758620689655,0.0158045977011494,528.0003000497818,0.0,19.890426835991093,25.61090199300088,47.06000000000002,1.128609586509084,5.0,1.0,3,236.1095731640089,0.0,0,161,0,0.0,0.0056842936251086,0.1195916763117566,0.034435671718711,0.2042274301561519,256,2026100203,0.1939655172413793,0.8060344827586207,0.0,0.5957181499979924,0.0776969798280902,0.0017276208651097
live_runs/gentd_inference__b256__s2026100204__dap,gentd_inference__b256__s2026100204__dap,,completed,dap,gentd_inference,256.0,2026100204,sha256:abd3bcec3edd9f2da953ae4c6dca61859b7af5edf66b06dee6b87e34016b4349,1770,1770,0,0,1.0,11.064208015606736,0.068561200650271,0.135486071195919,0.2470098595115993,1.0,0.0,0.0,0.0,6.999924421310425,0.0,48.17751134299033,49.8589326349902,60.34,1.3011559362559877,2.0,1.0,2,207.82248865700967,0.0,0,161,0,0.0,0.0008991774384412,0.1133003237823686,0.0337409494677558,0.1809926531855126,256,2026100204,0.0,1.0,0.0,0.3492265099921496,0.1881934036835559,0.0017202920666605
live_runs/gentd_inference__b256__s2026100204__dap_guard45,gentd_inference__b256__s2026100204__dap_guard45,,completed,dap_guard45,gentd_inference,256.0,2026100204,sha256:abd3bcec3edd9f2da953ae4c6dca61859b7af5edf66b06dee6b87e34016b4349,1770,1770,0,0,1.0,11.06426133373076,0.0690106202049133,0.1343080770566302,0.2792781676497534,1.0,0.0,0.0,0.0,3.0,0.0,48.31632011500187,49.99495123000816,60.74999999999999,1.30202508047264,2.0,1.0,2,207.68367988499813,0.0,0,161,0,0.0,0.0009348087801299,0.1254895319684692,0.0395798395024939,0.2083270699067725,256,2026100204,0.0,1.0,0.0,0.6128207430010661,0.188735625449226,0.001762230779072
live_runs/gentd_inference__b256__s2026100204__immediate,gentd_inference__b256__s2026100204__immediate,,completed,immediate,gentd_inference,256.0,2026100204,sha256:abd3bcec3edd9f2da953ae4c6dca61859b7af5edf66b06dee6b87e34016b4349,1770,1767,3,3,0.9983050847457628,11.045527891414142,0.0925235027515466,0.2529878745888709,0.3639194435172244,1.0,0.0016949152542372,0.0016949152542372,0.0016949152542372,11.999998807907104,0.0,3.044440351994126,4.994283608000842,61.22000000000001,1.0190308154056016,2.0,1.0,2,252.95555964800587,0.0,0,161,0,0.0,0.0004385850320431,0.1137852780948378,0.0348779835321693,0.1826729888125555,256,2026100204,0.0016949152542372,0.9983050847457628,0.0,0.4642396660055965,0.011892345124977,0.0016730111974666
live_runs/gentd_inference__b256__s2026100204__mpc_4,gentd_inference__b256__s2026100204__mpc_4,,completed,mpc_4,gentd_inference,256.0,2026100204,sha256:abd3bcec3edd9f2da953ae4c6dca61859b7af5edf66b06dee6b87e34016b4349,1770,1770,0,0,1.0,11.06424644545351,0.0912119545988224,0.2509795465499337,0.3656018337035493,1.0,0.0,0.0,0.0,13.99998104572296,0.0,3.262560090995976,5.211019581998698,60.53,1.020394219711797,2.0,1.0,2,252.737439909004,0.0,0,161,0,0.0,0.0057359005313628,0.1220308175629725,0.0316760654068275,0.1980025857492364,256,2026100204,0.0,1.0,0.0,0.4556674100022064,0.012744375355453,0.0017120860402236
live_runs/gentd_inference__b256__s2026100205__dap,gentd_inference__b256__s2026100205__dap,,completed,dap,gentd_inference,256.0,2026100205,sha256:7f17048c7a48a594f1702336059b50ddb9f3f47d767d3c6c64023ce45256606b,2330,2280,50,10,0.9785407725321889,14.06377911022333,0.8782143384267042,4.274445737956555,4.8374294175478285,1.0,0.271244635193133,0.0042918454935622,0.0214592274678111,1544.9988543987274,0.0,57.57145067000238,64.27073486802692,76.05999999999997,1.355119370735979,5.0,1.0,4,198.4285493299976,0.0,0,163,0,0.0,0.000802471281986,0.1321335890629598,0.0305347512189655,0.1978905744072108,256,2026100205,0.2871244635193133,0.7128755364806867,0.0,0.5967844129918376,0.2248884791796968,0.0013851745364746
live_runs/gentd_inference__b256__s2026100205__dap_guard45,gentd_inference__b256__s2026100205__dap_guard45,,completed,dap_guard45,gentd_inference,256.0,2026100205,sha256:7f17048c7a48a594f1702336059b50ddb9f3f47d767d3c6c64023ce45256606b,2330,2262,68,8,0.9708154506437768,13.948894568129738,0.864036237474722,4.429499785656659,4.863053905684792,1.0,0.2776824034334764,0.0034334763948497,0.0291845493562231,1605.9985773563385,0.0,58.19053668701963,64.696890747,78.45000000000002,1.3588389306410795,5.0,1.0,4,197.8094633129804,0.0,0,163,0,0.0,0.0008675507492625,0.140501533187944,0.0320733009057221,0.2056369026877291,256,2026100205,0.2939914163090129,0.7060085836909871,0.0,0.5577549589943374,0.2273067839336704,0.0014024523597157
live_runs/gentd_inference__b256__s2026100205__immediate,gentd_inference__b256__s2026100205__immediate,,completed,immediate,gentd_inference,256.0,2026100205,sha256:7f17048c7a48a594f1702336059b50ddb9f3f47d767d3c6c64023ce45256606b,2330,1930,400,63,0.8283261802575107,11.572235633613506,2.0253576989425586,4.963783552001405,5.1159971120671255,1.0,0.4974248927038626,0.027038626609442,0.1716738197424892,3339.00289452076,0.0,41.45739925894304,65.00119931297377,61.30999999999999,1.24857761294367,5.0,5.0,6,214.54260074105696,0.0,0,161,0,0.0,0.0004383655932542,0.1203240677809844,0.0312893531249756,0.1836995777498486,256,2026100205,0.6420600858369099,0.3579399141630901,0.0,0.4075443769979756,0.1619429658552462,0.0014372348845682
live_runs/gentd_inference__b256__s2026100205__mpc_4,gentd_inference__b256__s2026100205__mpc_4,,completed,mpc_4,gentd_inference,256.0,2026100205,sha256:7f17048c7a48a594f1702336059b50ddb9f3f47d767d3c6c64023ce45256606b,2330,1940,390,46,0.8326180257510729,11.595174881747427,2.114436188853907,5.153650077751808,5.3857402673177415,1.0,0.4935622317596566,0.0197424892703862,0.167381974248927,3497.4967991113663,113.0,42.01863993899315,64.75044055707986,58.26,1.2511409682401045,5.0,5.0,6,213.98136006100685,0.0,0,161,0,0.0,0.0056415163767269,0.1179341224078598,0.0296418956577326,0.1819910978415464,256,2026100205,0.6412017167381975,0.3587982832618025,0.0,0.5043787530012196,0.1641353122616919,0.0015713943091675
live_runs/gentd_inference__b256__s2026100206__dap,gentd_inference__b256__s2026100206__dap,,completed,dap,gentd_inference,256.0,2026100206,sha256:b42d98c352f46fac3d35e667473454c967f8dc91ae9817a96a866489f0aacc6a,4091,3990,101,29,0.9753116597408946,25.072912937281583,0.7340030346180826,2.716780175502936,4.719819593932772,1.0,0.239061354192129,0.0070887313615252,0.0246883402591053,2290.999363064766,0.0,156.2976323029725,174.80180600500898,138.9800000000001,1.982164643367338,5.0,1.0,13,99.70236769702753,0.0,0,161,0,0.0,0.0008737019670661,0.1871391522181511,0.0375590960625231,0.2612410644373995,256,2026100206,0.2566609630897091,0.7433390369102909,0.0,0.5210876609926345,0.6105376261834863,0.0014990069276024
live_runs/gentd_inference__b256__s2026100206__dap_guard45,gentd_inference__b256__s2026100206__dap_guard45,,completed,dap_guard45,gentd_inference,256.0,2026100206,sha256:b42d98c352f46fac3d35e667473454c967f8dc91ae9817a96a866489f0aacc6a,4091,3958,133,49,0.9674896113419702,24.87225363585315,1.1573634387471663,3.997805051197791,4.833123832217679,1.0,0.3683695917868492,0.011977511610853,0.0325103886580298,3898.9962418079376,0.0,157.8628389989317,174.8354016210069,140.63999999999993,1.9920173247239208,5.0,1.0,10,98.1371610010683,0.0,0,161,0,0.0,0.0007903247492322,0.1770377779062073,0.0311083405636054,0.2443420692811742,256,2026100206,0.3889024688340259,0.6110975311659741,0.34375,0.5561723690043436,0.6166517148395769,0.0014917322485743
live_runs/gentd_inference__b256__s2026100206__immediate,gentd_inference__b256__s2026100206__immediate,,completed,immediate,gentd_inference,256.0,2026100206,sha256:b42d98c352f46fac3d35e667473454c967f8dc91ae9817a96a866489f0aacc6a,4091,3480,611,156,0.8506477633830359,21.86834089908399,1.830517898706218,5.278072133199018,5.677727040329483,1.0,0.4480567098508922,0.0381324859447567,0.149352236616964,5702.955131053925,0.0,105.16949896806908,146.24873586899776,125.87,1.6608857631090794,5.0,1.0,18,150.8305010319309,0.0,0,161,0,0.0,0.0004954559376528,0.1890741591241749,0.039274416873468,0.2691725842501,256,2026100206,0.5592764605230995,0.4407235394769004,0.0,0.6025906309951097,0.4108183553440199,0.0015596509622639
live_runs/gentd_inference__b256__s2026100206__mpc_4,gentd_inference__b256__s2026100206__mpc_4,,completed,mpc_4,gentd_inference,256.0,2026100206,sha256:b42d98c352f46fac3d35e667473454c967f8dc91ae9817a96a866489f0aacc6a,4091,3715,376,112,0.9080909313126376,21.93642467249311,1.1615857594967285,4.580970826705743,4.844966158624739,1.0,0.3603031043754583,0.0273771693962356,0.0919090686873625,3704.999415755272,0.0,102.74256984998648,135.3863658780465,128.16000000000005,1.6066768894138868,5.0,1.0,15,153.25743015001353,0.0,0,170,0,0.0,0.0060457309391495,0.1902393467812544,0.0377524468754018,0.2677051383752769,256,2026100206,0.4248350036665851,0.5751649963334149,0.0,0.511671332991682,0.4013381634765096,0.0015019626085504
live_runs/gentd_inference__b256__s2026100207__dap,gentd_inference__b256__s2026100207__dap,,completed,dap,gentd_inference,256.0,2026100207,sha256:318d1b83fc1197daa4638ca8b8f2f15d55373bbd7a157a6030b8ac9c59a5ebd7,5569,5542,27,16,0.995151732806608,34.631363619980256,0.3260340160059652,2.3308545964544463,3.048326065029108,1.0,0.0813431495780211,0.0028730472257137,0.0048482671933919,1145.5015238523483,0.0,249.5354773720319,259.6844987250515,206.61999999999995,2.559320435394477,5.0,1.0,7,6.464522627968108,0.0,0,161,0,0.0,0.0008346587496816,0.188099255061843,0.0329008162193531,0.2533477956862953,256,2026100207,0.0833183695456994,0.9166816304543006,0.1875,0.4919693919946439,0.9747479584844996,0.0015503333327671
live_runs/gentd_inference__b256__s2026100207__dap_guard45,gentd_inference__b256__s2026100207__dap_guard45,,completed,dap_guard45,gentd_inference,256.0,2026100207,sha256:318d1b83fc1197daa4638ca8b8f2f15d55373bbd7a157a6030b8ac9c59a5ebd7,5569,5523,46,37,0.9917399892260728,33.05127801035496,0.5454750810874269,3.2689604251980198,3.959665065808221,1.0,0.1454480158017597,0.006643921709463,0.008260010773927,2252.002633810044,0.0,208.53059120703256,220.6525315540057,209.41000000000008,2.2479092058025194,5.0,1.0,8,47.46940879296744,0.0,0,168,0,0.0,0.000769398718603,0.1872512319064299,0.0371460332489732,0.2634029904688759,256,2026100207,0.1470641048662237,0.8529358951337762,0.8125,0.5404257049958687,0.8145726219024709,0.0015560984576893
live_runs/gentd_inference__b256__s2026100207__immediate,gentd_inference__b256__s2026100207__immediate,,completed,immediate,gentd_inference,256.0,2026100207,sha256:318d1b83fc1197daa4638ca8b8f2f15d55373bbd7a157a6030b8ac9c59a5ebd7,5569,5135,434,127,0.922068594002514,31.727459886901343,1.8030024258676591,5.629317709905445,6.023724060639797,1.0,0.476566708565272,0.022804812354103,0.077931405997486,8169.488288879394,0.0,152.56503401795635,216.55427737804712,204.19000000000003,1.9426486848974585,5.0,1.0,23,103.43496598204364,0.0,0,162,0,0.0,0.0005371169700083,0.2284265501875779,0.047317072342139,0.3119758487505351,256,2026100207,0.5316933022086551,0.4683066977913449,0.0,0.6930731030006427,0.595957164132642,0.001657892881191
live_runs/gentd_inference__b256__s2026100207__mpc_4,gentd_inference__b256__s2026100207__mpc_4,,completed,mpc_4,gentd_inference,256.0,2026100207,sha256:318d1b83fc1197daa4638ca8b8f2f15d55373bbd7a157a6030b8ac9c59a5ebd7,5569,5044,525,137,0.9057281379062668,31.52118261121968,1.3995003100676155,5.12505887195948,5.533294441950565,1.0,0.3724187466331478,0.0246004668701741,0.0942718620937331,6173.493964195252,0.0,133.1555280960165,172.04951349600742,184.93999999999988,1.8321212761316272,5.0,1.0,22,122.8444719039835,0.0,0,161,0,0.0,0.0060552384366019,0.2014908159676451,0.0480583007492896,0.2933672625940744,256,2026100207,0.4420901418567067,0.5579098581432933,0.0,0.5606122909957776,0.5201387816250644,0.0015638803261522
live_runs/gentd_inference__b256__s2026100208__dap,gentd_inference__b256__s2026100208__dap,,completed,dap,gentd_inference,256.0,2026100208,sha256:8edaecd5b0d065f1415b2dffb97cdc958bb7614e7d2b2b8b8ba2aec84f3978ad,6917,6844,73,63,0.989446291744976,42.48995222306788,0.6596362600522908,2.2319724067456264,2.943679695189348,1.0,0.2639872777215556,0.0091079947954315,0.0105537082550238,3333.0002335309982,0.0,240.19745541800512,260.4251489400194,262.02,2.4912300416150663,5.0,1.0,11,15.80254458199488,0.0,0,162,0,0.0,0.0008807255321698,0.235642855342121,0.0353426907504399,0.3113340174063523,256,2026100208,0.2654329911811479,0.7345670088188521,0.03125,0.6038311759912176,0.9382713102265824,0.0014490165947968
live_runs/gentd_inference__b256__s2026100208__dap_guard45,gentd_inference__b256__s2026100208__dap_guard45,,completed,dap_guard45,gentd_inference,256.0,2026100208,sha256:8edaecd5b0d065f1415b2dffb97cdc958bb7614e7d2b2b8b8ba2aec84f3978ad,6917,6563,354,24,0.9488217435304322,39.86533114898792,1.9383057895363405,4.843010153797513,5.184419130285969,1.0,0.5528408269480989,0.0034697123030215,0.0511782564695677,11445.990511775017,13.0,184.6591837460437,200.412107673008,241.88000000000005,2.121666845914649,5.0,1.0,10,71.34081625395629,0.0,0,165,0,0.0,0.0008136183428177,0.245062310466892,0.0390179311248175,0.3219031875610199,256,2026100208,0.589272806129825,0.410727193870175,0.8125,0.680258865992073,0.7213249365079832,0.0014760959188549
live_runs/gentd_inference__b256__s2026100208__immediate,gentd_inference__b256__s2026100208__immediate,,completed,immediate,gentd_inference,256.0,2026100208,sha256:8edaecd5b0d065f1415b2dffb97cdc958bb7614e7d2b2b8b8ba2aec84f3978ad,6917,5801,1116,185,0.8386583779094984,33.10896623871817,1.4192555053227751,5.135609375007334,5.472084052991704,1.0,0.3565129391354633,0.0267456990024577,0.1613416220905016,6977.494723200798,97.0,182.1903843080072,225.75120288404287,208.92,2.03984404121236,5.0,5.0,16,73.8096156919928,0.0,0,161,0,0.0,0.0004953082516294,0.2145268472163479,0.0373880714391816,0.2851189883144798,256,2026100208,0.4908197195315888,0.5091802804684111,0.0,0.6186205100093503,0.7116811887031531,0.0014835791073657
live_runs/gentd_inference__b256__s2026100208__mpc_4,gentd_inference__b256__s2026100208__mpc_4,,completed,mpc_4,gentd_inference,256.0,2026100208,sha256:8edaecd5b0d065f1415b2dffb97cdc958bb7614e7d2b2b8b8ba2aec84f3978ad,6917,6532,385,167,0.944340031805696,37.580852385633065,1.666470543745338,5.128514427655318,5.622915601060957,1.0,0.4587248807286396,0.0241434147751915,0.0556599681943038,9641.997987866402,0.0,192.9152961150685,225.9738997270615,238.69,2.109908338369731,5.0,1.0,16,63.08470388493152,0.0,0,174,0,0.0,0.0062807860617795,0.2329369106892045,0.033336286312533,0.3107997990309741,256,2026100208,0.4902414341477519,0.5097585658522481,0.0,0.6767898210091516,0.7535753754494863,0.0014543718374284
live_runs/gentd_inference__b256__s2026100209__dap,gentd_inference__b256__s2026100209__dap,,completed,dap,gentd_inference,256.0,2026100209,sha256:fdf23d1ec125ac5c0cbf85f07900c8be8950999c45e012e24111295a8b7d9b3f,8326,7873,453,110,0.9455921210665386,47.71479105448779,1.1858695117149378,4.98796325159783,5.532456874283378,1.0,0.4159260148931059,0.0132116262310833,0.0544078789334614,7615.992488503456,0.0,249.6924062330072,276.2729680210032,338.6600000000001,2.5132758784834524,5.0,1.0,14,6.307593766992795,0.0,0,166,0,0.0,0.0009159250612356,0.3027673937490363,0.0385601323755508,0.3765426294071403,256,2026100209,0.457122267595484,0.542877732404516,0.1875,0.7117881660087733,0.9753609618476844,0.0014507415302045
live_runs/gentd_inference__b256__s2026100209__dap_guard45,gentd_inference__b256__s2026100209__dap_guard45,,completed,dap_guard45,gentd_inference,256.0,2026100209,sha256:fdf23d1ec125ac5c0cbf85f07900c8be8950999c45e012e24111295a8b7d9b3f,8326,7829,497,6,0.9403074705741052,48.69013326054361,2.265213376202679,4.961159214391955,5.355561511756969,1.0,0.6065337496997357,0.000720634158059,0.0596925294258947,16120.04776072502,19.0,205.52647524398344,221.0139596299996,302.69999999999993,2.278210686958663,5.0,2.0,9,50.47352475601656,0.0,0,161,0,0.0,0.0008937739380598,0.2970339190619597,0.0514713296252011,0.3978157574065335,256,2026100209,0.6655056449675715,0.3344943550324285,0.625,2.856006910005817,0.8028377939218103,0.0014742648469774
live_runs/gentd_inference__b256__s2026100209__immediate,gentd_inference__b256__s2026100209__immediate,,completed,immediate,gentd_inference,256.0,2026100209,sha256:fdf23d1ec125ac5c0cbf85f07900c8be8950999c45e012e24111295a8b7d9b3f,8326,6493,1833,418,0.7798462647129474,37.95134138432751,2.153213268221944,5.819538980600191,6.303500141754048,1.0,0.4224117223156378,0.0502041796781167,0.2201537352870526,12705.994254469872,0.0,235.26275830008672,300.9342578040232,256.0400000000001,2.37510199526646,5.0,1.0,24,20.737241699913284,0.0,0,172,0,0.0,0.000482365062453,0.2581350335931347,0.0359326599059386,0.3285782942189144,256,2026100209,0.5923612779245736,0.4076387220754264,0.0625,0.6369230300042545,0.9189951496097136,0.0014910267672831
live_runs/gentd_inference__b256__s2026100209__mpc_4,gentd_inference__b256__s2026100209__mpc_4,,completed,mpc_4,gentd_inference,256.0,2026100209,sha256:fdf23d1ec125ac5c0cbf85f07900c8be8950999c45e012e24111295a8b7d9b3f,8326,7731,595,155,0.92853711265914,45.013588212832616,1.5559546991929656,5.217713896498026,5.640845155302667,1.0,0.4105212587076627,0.0186163824165265,0.0714628873408599,10557.996709346771,0.0,232.87506900804877,280.1358469210681,289.9799999999999,2.355910291212429,5.0,1.0,22,23.12493099195126,0.0,0,172,0,0.0,0.0065222704056395,0.2874523674690863,0.0423824536242136,0.3726019070932125,256,2026100209,0.4633677636319961,0.5366322363680038,0.0625,0.7639559179951902,0.9096682383126904,0.0014342881821178
live_runs/gentd_inference__b256__s2026100210__dap,gentd_inference__b256__s2026100210__dap,,completed,dap,gentd_inference,256.0,2026100210,sha256:86be3eb2e888627c0069f5b5d57eedd3e4d2aee91f467cc8f4f3187a0b082704,9955,8963,992,89,0.9003515821195379,50.94744411261077,1.1090182649139295,4.826894813298714,4.93762692423654,1.0,0.3058764439979909,0.0089402310396785,0.099648417880462,8395.001296639442,0.0,250.3950302279991,270.974549030012,327.5000000000001,2.4232942997452267,5.0,1.0,12,5.6049697720009135,0.0,0,176,0,0.0,0.0008364664672626,0.2671374888727769,0.0359164598139614,0.3377535730637646,256,2026100210,0.3887493721747865,0.6112506278252134,0.34375,0.6637393929995596,0.9781055868281214,0.0013787278087363
live_runs/gentd_inference__b256__s2026100210__dap_guard45,gentd_inference__b256__s2026100210__dap_guard45,,completed,dap_guard45,gentd_inference,256.0,2026100210,sha256:86be3eb2e888627c0069f5b5d57eedd3e4d2aee91f467cc8f4f3187a0b082704,9955,8687,1268,69,0.872626820693119,53.26433177556642,1.79268750067947,4.985434178494324,5.087553564633999,1.0,0.3938724259166248,0.0069311903566047,0.1273731793068809,13835.500612854958,0.0,210.60248880500149,222.11836608797603,311.23,2.29130894859786,5.0,1.0,9,45.39751119499852,0.0,0,164,0,0.0,0.0007594107191835,0.2709344682830306,0.0360185445310889,0.3431232856260067,256,2026100210,0.5143144148669011,0.4856855851330989,0.75,0.7846050390071468,0.822665971894537,0.0013522848254424
live_runs/gentd_inference__b256__s2026100210__immediate,gentd_inference__b256__s2026100210__immediate,,completed,immediate,gentd_inference,256.0,2026100210,sha256:86be3eb2e888627c0069f5b5d57eedd3e4d2aee91f467cc8f4f3187a0b082704,9955,8444,1511,366,0.848216976393772,51.72365194476734,1.3971154426805086,4.968285594655026,5.371324188574652,1.0,0.3819186338523355,0.0367654445002511,0.151783023606228,10319.994693160055,0.0,252.61389415393933,304.8084374459431,297.94999999999993,2.547384312841148,5.0,1.0,20,3.3861058460606728,0.0,0,164,0,0.0,0.0004628603119272,0.270107690000259,0.0372584019378336,0.3517854025935776,256,2026100210,0.4969362129583124,0.5030637870416876,0.21875,0.6041808879963355,0.9867730240388256,0.0014323053387229
live_runs/gentd_inference__b256__s2026100210__mpc_4,gentd_inference__b256__s2026100210__mpc_4,,completed,mpc_4,gentd_inference,256.0,2026100210,sha256:86be3eb2e888627c0069f5b5d57eedd3e4d2aee91f467cc8f4f3187a0b082704,9955,8995,960,159,0.903566047212456,51.43285265469099,1.5071083743567566,4.8540926303016025,5.121866606631955,1.0,0.3911602209944751,0.0159718734304369,0.0964339527875439,12014.007263541222,0.0,252.4116884330288,286.63905028901354,318.0500000000002,2.4432743946078643,5.0,1.0,22,3.5883115669712424,0.0,0,175,0,0.0,0.0048146158437702,0.2808733640622449,0.0355765687800158,0.3600838938436936,256,2026100210,0.4633852335509794,0.5366147664490206,0.28125,0.6136899450066267,0.9859831579415186,0.001382645204471
